data;horario;n_da_ocorrencia;tipo_de_ocorrencia;km;trecho;sentido;tipo_de_acidente;automovel;bicicleta;caminhao;moto;onibus;outros;tracao_animal;transporte_de_cargas_especiais;trator_maquinas;utilitarios;ilesos;levemente_feridos;moderadamente_feridos;gravemente_feridos;mortos
"01/10/2014";"10:58:00";"165";"sem vítima";"270.2";"BR-050/GO";"Sul";"Atropelamento - Animal";0;0;1;0;0;0;0;0;0;0;1;0;0;0;0
"02/10/2014";"05:25:00";"15";"com vítima";"77.6";"BR-050/MG";"Norte";"Queda de Moto";0;0;0;1;0;0;0;0;0;0;1;1;0;0;0
"02/10/2014";"12:21:00";"77";"sem vítima";"114";"BR-050/MG";"Norte";"Tombamento";0;0;1;0;0;0;0;0;0;0;1;0;0;0;0
"02/10/2014";"04:56:00";"123";"com vítima";"121.4";"BR-050/MG";"Norte";"Capotamento";0;0;0;0;0;0;0;0;0;1;0;1;0;0;0
"02/10/2014";"11:38:00";"179";"com vítima";"233.5";"BR-050/GO";"Sul";"Queda de Ciclista";0;1;0;0;0;0;0;0;0;0;0;1;0;0;0
"03/10/2014";"09:04:00";"37";"com vítima";"2.7";"BR-050/MG";"Sul";"Choque - Barranco";0;0;0;0;0;0;0;0;0;1;4;4;0;0;0
"03/10/2014";"07:18:00";"121";"com vítima";"127";"BR-050/MG";"Sul";"Colisão Lateral";2;0;0;0;0;0;0;0;0;0;5;1;0;0;0
"03/10/2014";"08:00:00";"131";"sem vítima";"126.9";"BR-050/MG";"Sul";"Colisão Traseira";1;0;1;0;0;0;0;0;0;0;3;0;0;0;0
"04/10/2014";"03:24:00";"12";"sem vítima";"41";"BR-050/MG";"Sul";"Choque - Defensa, barreira ou meio fio";1;0;0;0;0;0;0;0;0;0;1;0;0;0;0
"04/10/2014";"05:53:00";"17";"sem vítima";"27.2";"BR-050/MG";"Norte";"Atropelamento - Animal";1;0;0;0;0;0;0;0;0;0;1;0;0;0;0
"04/10/2014";"08:12:00";"30";"com vítima";"65.6";"BR-050/MG";"Sul";"Capotamento";1;0;0;0;0;0;0;0;0;0;0;2;0;0;0
"04/10/2014";"01:28:00";"78";"com vítima";"139.5";"BR-050/GO";"Norte";"Colisão Transversal";2;0;1;0;0;0;0;0;0;0;2;2;0;0;0
"04/10/2014";"09:07:00";"145";"sem vítima";"115.3";"BR-050/MG";"Norte";"Colisão Lateral";2;0;0;0;0;0;0;0;0;0;3;0;0;0;0
"05/10/2014";"04:20:00";"11";"sem vítima";"30.3";"BR-050/MG";"Norte";"Saida de Pista";1;0;0;0;0;0;0;0;0;0;1;0;0;0;0
"05/10/2014";"11:23:00";"41";"sem vítima";"230.9";"BR-050/GO";"Norte";"Colisão Lateral";1;0;1;0;0;0;0;0;0;0;4;0;0;0;0
"06/10/2014";"12:35:00";"4";"com vítima";"122.2";"BR-050/MG";"Norte";"Capotamento";1;0;0;0;0;0;0;0;0;0;3;1;0;0;0
"06/10/2014";"07:57:00";"25";"sem vítima";"307.5";"BR-050/GO";"Sul";"Saida de Pista";0;0;0;0;0;0;0;0;0;1;1;0;0;0;0
"06/10/2014";"08:48:00";"34";"com vítima";"54.3";"BR-050/MG";"Norte";"Tombamento";0;0;1;0;0;0;0;0;0;0;0;0;0;1;0
"06/10/2014";"11:21:00";"57";"sem vítima";"281";"BR-050/GO";"Norte";"Colisão Transversal";2;0;0;0;0;0;0;0;0;0;2;0;0;0;0
"06/10/2014";"02:06:00";"77";"sem vítima";"54";"BR-050/MG";"Norte";"Engavetamento";0;0;4;0;0;0;0;0;0;0;4;0;0;0;0
"07/10/2014";"06:13:00";"21";"com vítima";"273";"BR-050/GO";"Norte";"Colisão Lateral";1;0;0;1;0;0;0;0;0;0;1;1;0;0;0
"07/10/2014";"09:11:00";"50";"sem vítima";"158.9";"BR-050/GO";"Sul";"Colisão Lateral";1;0;1;0;0;0;0;0;0;0;3;0;0;0;0
"07/10/2014";"09:55:00";"132";"sem vítima";"278.6";"BR-050/GO";"Norte";"Colisão Traseira";2;0;0;0;0;0;0;0;0;0;3;0;0;0;0
"08/10/2014";"01:30:00";"12";"com vítima";"278.4";"BR-050/GO";"Norte";"Colisão Transversal";1;0;0;1;0;0;0;0;0;0;1;1;0;0;0
"08/10/2014";"07:15:00";"37";"sem vítima";"161.02";"BR-050/MG";"Sul";"Tombamento";0;0;1;0;0;0;0;0;0;0;1;0;0;0;0
"09/10/2014";"03:07:00";"116";"com vítima";"149.5";"BR-050/MG";"Norte";"Tombamento";0;0;1;0;0;0;0;0;0;0;0;1;0;0;0
"10/10/2014";"12:23:00";"5";"sem vítima";"165.3";"BR-050/MG";"Norte";"Capotamento";0;0;1;0;0;0;0;0;0;0;1;0;0;0;0
"10/10/2014";"02:13:00";"13";"sem vítima";"148";"BR-050/GO";"Sul";"Tombamento";0;0;1;0;0;0;0;0;0;0;1;0;0;0;0
"10/10/2014";"08:34:00";"45";"sem vítima";"106";"BR-050/GO";"Sul";"Colisão Lateral";0;0;2;0;0;0;0;0;0;0;2;0;0;0;0
"11/10/2014";"05:24:00";"18";"com vítima";"254.6";"BR-050/GO";"Norte";"Colisão Lateral";2;0;0;0;0;0;0;0;0;0;3;1;0;0;0
"11/10/2014";"05:36:00";"19";"sem vítima";"152.1";"BR-050/MG";"Norte";"Colisão Transversal";0;0;1;0;1;0;0;0;0;0;17;0;0;0;0
"11/10/2014";"06:13:00";"20";"com vítima";"91.1";"BR-050/MG";"Norte";"Capotamento";0;0;0;0;0;0;0;0;0;1;0;1;0;0;0
"11/10/2014";"02:15:00";"93";"com vítima";"118.2";"BR-050/GO";"Sul";"Colisão Traseira";1;0;0;1;0;0;0;0;0;0;1;1;0;0;0
"11/10/2014";"04:05:00";"101";"sem vítima";"278";"BR-050/GO";"Sul";"Colisão Traseira";1;0;1;0;0;0;0;0;0;0;4;0;0;0;0
"11/10/2014";"07:09:00";"123";"com vítima";"81";"BR-050/MG";"Norte";"Queda de Moto";0;0;0;1;0;0;0;0;0;0;0;1;0;0;0
"11/10/2014";"07:58:00";"134";"sem vítima";"269";"BR-050/GO";"Sul";"Atropelamento - Animal";1;0;0;0;0;0;0;0;0;0;1;0;0;0;0
"11/10/2014";"11:42:00";"161";"sem vítima";"1";"CT-UDI-MG";"Sul";"Capotamento";1;0;0;0;0;0;0;0;0;0;1;0;0;0;0
"12/10/2014";"07:19:00";"21";"com vítima";"240.7";"BR-050/GO";"Sul";"Colisão Frontal";1;0;0;0;0;0;0;0;0;1;0;5;0;1;0
"12/10/2014";"08:19:00";"28";"sem vítima";"29.04";"BR-050/MG";"Norte";"Tombamento";1;0;0;0;0;0;0;0;0;0;1;0;0;0;0
"12/10/2014";"09:22:00";"36";"sem vítima";"131.9";"BR-050/GO";"Sul";"Colisão Traseira";1;0;0;0;0;0;0;0;0;1;6;0;0;0;0
"12/10/2014";"07:35:00";"109";"com vítima";"180";"BR-050/GO";"Norte";"Colisão Lateral";1;0;0;0;0;1;0;0;0;0;0;1;0;0;0
"13/10/2014";"07:49:00";"26";"com vítima";"98.9";"BR-050/GO";"Norte";"Colisão Lateral";1;0;0;1;0;0;0;0;0;0;4;1;0;0;0
"13/10/2014";"08:41:00";"32";"com vítima";"117.5";"BR-050/GO";"Norte";"Choque - Veiculo parado na pista";2;0;0;0;0;0;0;0;0;1;6;2;0;0;0
"13/10/2014";"01:07:00";"79";"sem vítima";"28";"BR-050/MG";"Sul";"Choque - Defensa, barreira ou meio fio";1;0;0;0;0;0;0;0;0;0;2;0;0;0;0
"13/10/2014";"07:16:00";"139";"sem vítima";"127";"BR-050/MG";"Norte";"Colisão Traseira";0;0;2;0;0;0;0;0;0;0;3;0;0;0;0
"13/10/2014";"08:46:00";"152";"sem vítima";"111.2";"BR-050/MG";"Sul";"Colisão Traseira";0;0;2;0;0;0;0;0;0;0;2;0;0;0;0
"14/10/2014";"08:32:00";"46";"sem vítima";"32";"BR-050/MG";"Sul";"Queda de Moto";0;0;0;1;0;0;0;0;0;0;2;0;0;0;0
"14/10/2014";"11:12:00";"87";"sem vítima";"128";"BR-050/GO";"Sul";"Choque - Veiculo parado na pista";1;0;0;0;0;0;0;0;0;1;2;0;0;0;0
"14/10/2014";"09:58:00";"198";"sem vítima";"0.3";"BR-050/MG";"Norte";"Tombamento";0;0;1;0;0;0;0;0;0;0;1;0;0;0;0
"14/10/2014";"10:16:00";"200";"sem vítima";"126";"BR-050/GO";"Norte";"Tombamento";0;0;1;0;0;0;0;0;0;0;1;0;0;0;0
"15/10/2014";"07:24:00";"37";"sem vítima";"109.05";"BR-050/MG";"Norte";"Colisão Traseira";1;0;1;0;0;0;0;0;0;0;2;0;0;0;0
"15/10/2014";"03:10:00";"123";"sem vítima";"224.088";"BR-050/GO";"Norte";"Tombamento";0;0;1;0;0;0;0;0;0;0;2;0;0;0;0
"15/10/2014";"10:27:00";"173";"com vítima";"97";"BR-050/GO";"Norte";"Colisão Transversal";1;0;0;1;0;0;0;0;0;0;1;2;0;0;0
"16/10/2014";"06:17:00";"20";"sem vítima";"165.3";"BR-050/GO";"Sul";"Choque - Talude";0;0;1;0;0;0;0;0;0;0;2;0;0;0;0
"16/10/2014";"01:24:00";"93";"sem vítima";"114.5";"BR-050/GO";"Sul";"Colisão Traseira";0;0;3;0;0;0;0;0;0;0;4;0;0;0;0
"16/10/2014";"02:20:00";"102";"com vítima";"61.14";"BR-050/MG";"Norte";"Capotamento";1;0;0;0;0;0;0;0;0;0;0;1;3;0;0
"16/10/2014";"03:13:00";"109";"sem vítima";"195.7";"BR-050/GO";"Norte";"Colisão Traseira";1;0;0;0;0;0;0;0;0;1;4;0;0;0;0
"16/10/2014";"06:05:00";"139";"sem vítima";"89";"BR-050/MG";"Sul";"Saida de Pista";1;0;0;0;0;0;0;0;0;0;2;0;0;0;0
"16/10/2014";"06:06:00";"140";"com vítima";"137.6";"BR-050/MG";"Norte";"Capotamento";1;0;0;0;0;0;0;0;0;0;0;1;0;0;0
"16/10/2014";"06:40:00";"143";"com vítima";"81.1";"BR-050/MG";"Sul";"Queda de Moto";0;0;0;1;0;0;0;0;0;0;1;1;0;0;0
"17/10/2014";"01:43:00";"10";"sem vítima";"201.5";"BR-050/MG";"Sul";"Saida de Pista";1;0;0;0;0;0;0;0;0;0;1;0;0;0;0
"17/10/2014";"10:58:00";"57";"sem vítima";"287.4";"BR-050/GO";"Norte";"Colisão Traseira";0;0;2;0;0;0;0;0;0;0;2;0;0;0;0
"17/10/2014";"11:50:00";"69";"com vítima";"105";"BR-050/MG";"Sul";"Tombamento";0;0;1;0;0;0;0;0;0;0;0;1;0;0;0
"17/10/2014";"02:24:00";"96";"com vítima";"179.3";"BR-050/MG";"Norte";"Queda de Moto";0;0;0;1;0;0;0;0;0;0;0;1;0;0;0
"17/10/2014";"06:21:00";"139";"com vítima";"8";"CT-UDI-MG";"Norte";"Queda de Moto";0;0;0;1;0;0;0;0;0;0;0;1;0;0;0
"17/10/2014";"10:36:00";"170";"sem vítima";"52.8";"BR-050/MG";"Norte";"Tombamento";0;0;1;0;0;0;0;0;0;0;1;0;0;0;0
"18/10/2014";"01:32:00";"96";"com vítima";"310.084";"BR-050/GO";"Sul";"Queda de Moto";0;0;0;1;0;0;0;0;0;0;1;1;0;0;0
"18/10/2014";"02:58:00";"109";"sem vítima";"103";"BR-050/GO";"Norte";"Colisão Traseira";1;0;0;0;0;0;0;0;0;1;2;0;0;0;0
"18/10/2014";"03:23:00";"111";"com vítima";"2";"CT-UDI-MG";"Norte";"Colisão Traseira";2;0;0;1;0;0;0;0;0;0;2;0;1;0;0
"18/10/2014";"06:48:00";"147";"sem vítima";"166";"BR-050/MG";"Norte";"Saida de Pista";1;0;0;0;0;0;0;0;0;0;2;0;0;0;0
"18/10/2014";"08:09:00";"157";"com vítima";"187.8";"BR-050/MG";"Sul";"Colisão Traseira";1;0;1;0;0;0;0;0;0;0;1;0;1;0;0
"19/10/2014";"09:56:00";"46";"sem vítima";"132";"BR-050/MG";"Norte";"Colisão Traseira";1;0;1;0;0;0;0;0;0;0;2;0;0;0;0
"19/10/2014";"03:33:00";"85";"com vítima";"279.7";"BR-050/GO";"Sul";"Colisão Transversal";1;0;0;1;0;0;0;0;0;0;0;1;0;1;0
"19/10/2014";"04:21:00";"88";"com vítima";"78";"BR-050/MG";"Sul";"Choque - Defensa, barreira ou meio fio";1;0;0;0;0;0;0;0;0;0;0;1;0;0;0
"20/10/2014";"07:06:00";"25";"com vítima";"60.8";"BR-050/MG";"Sul";"Capotamento";1;0;0;0;0;0;0;0;0;0;0;1;1;0;0
"20/10/2014";"01:45:00";"83";"sem vítima";"57.8";"BR-050/MG";"Sul";"Colisão Lateral";0;0;2;0;0;0;0;0;0;0;2;0;0;0;0
"20/10/2014";"03:31:00";"101";"sem vítima";"117.8";"BR-050/MG";"Sul";"Choque - Defensa, barreira ou meio fio";0;0;1;0;0;0;0;0;0;0;1;0;0;0;0
"20/10/2014";"06:19:00";"123";"sem vítima";"280.5";"BR-050/GO";"Norte";"Colisão Transversal";2;0;0;0;0;0;0;0;0;0;2;0;0;0;0
"20/10/2014";"07:42:00";"130";"com vítima";"101";"BR-050/GO";"Sul";"Colisão Lateral";1;0;1;0;0;0;0;0;0;0;1;2;0;0;0
"20/10/2014";"08:47:00";"136";"sem vítima";"186.5";"BR-050/MG";"Sul";"Choque - Defensa, barreira ou meio fio";1;0;0;0;0;0;0;0;0;0;2;0;0;0;0
"21/10/2014";"03:25:00";"80";"com vítima";"156.3";"BR-050/MG";"Norte";"Colisão Transversal";1;0;0;0;0;0;0;0;0;1;0;1;1;0;0
"21/10/2014";"06:24:00";"101";"com vítima";"78.8";"BR-050/MG";"Sul";"Capotamento";1;0;1;0;0;0;0;0;0;0;1;1;0;0;0
"22/10/2014";"04:26:00";"9";"sem vítima";"93.9";"BR-050/MG";"Norte";"Choque - Defensa, barreira ou meio fio";0;0;1;0;0;0;0;0;0;0;1;0;0;0;0
"22/10/2014";"09:01:00";"43";"sem vítima";"13.5";"CT-UDI-MG";"Sul";"Tombamento";0;0;1;0;0;0;0;0;0;0;1;0;0;0;0
"22/10/2014";"04:03:00";"91";"com vítima";"132.48";"BR-050/MG";"Norte";"Queda de Moto";0;0;0;1;0;0;0;0;0;0;0;1;1;0;0
"22/10/2014";"05:07:00";"102";"com vítima";"113";"BR-050/GO";"Norte";"Colisão Frontal";0;0;3;0;0;0;0;0;0;0;3;1;0;0;0
"22/10/2014";"06:05:00";"110";"sem vítima";"154.6";"BR-050/MG";"Norte";"Choque - Defensa, barreira ou meio fio";1;0;0;0;0;0;0;0;0;0;5;0;0;0;0
"22/10/2014";"08:45:00";"129";"sem vítima";"4";"BR-050/MG";"Sul";"Saida de Pista";1;0;0;0;0;0;0;0;0;0;4;0;0;0;0
"23/10/2014";"11:28:00";"58";"sem vítima";"184.7";"BR-050/GO";"Sul";"Capotamento";1;0;0;0;0;0;0;0;0;0;2;0;0;0;0
"24/10/2014";"06:03:00";"13";"sem vítima";"178";"BR-050/MG";"Norte";"Choque - Defensa, barreira ou meio fio";0;0;1;0;0;0;0;0;0;0;1;0;0;0;0
"24/10/2014";"08:31:00";"25";"sem vítima";"174.9";"BR-050/MG";"Norte";"Choque - Defensa, barreira ou meio fio";0;0;1;0;0;0;0;0;0;0;2;0;0;0;0
"24/10/2014";"11:26:00";"47";"com vítima";"206";"BR-050/MG";"Sul";"Colisão Traseira";1;0;0;0;0;0;0;0;0;1;2;2;0;0;0
"24/10/2014";"01:24:00";"56";"com vítima";"136";"BR-050/MG";"Sul";"Capotamento";1;0;0;0;0;0;0;0;0;0;0;1;1;0;0
"24/10/2014";"06:25:00";"112";"sem vítima";"91";"BR-050/MG";"Sul";"Colisão Transversal";2;0;0;0;0;0;0;0;0;0;3;0;0;0;0
"25/10/2014";"01:02:00";"2";"sem vítima";"29.6";"BR-050/MG";"Norte";"Choque - Defensa, barreira ou meio fio";0;0;1;0;0;0;0;0;0;0;2;0;0;0;0
"25/10/2014";"04:52:00";"107";"com vítima";"27.8";"BR-050/MG";"Sul";"Queda de Moto";0;0;0;1;0;0;0;0;0;0;0;0;1;0;0
"26/10/2014";"07:46:00";"13";"sem vítima";"178";"BR-050/MG";"Sul";"Saida de Pista";1;0;0;0;0;0;0;0;0;0;1;0;0;0;0
"26/10/2014";"02:53:00";"64";"com vítima";"184.45";"BR-050/GO";"Sul";"Capotamento";1;0;0;0;0;0;0;0;0;0;0;0;2;0;0
"26/10/2014";"08:52:00";"89";"sem vítima";"34";"BR-050/MG";"Sul";"Saida de Pista";1;0;0;0;0;0;0;0;0;0;1;0;0;0;0
"26/10/2014";"09:38:00";"95";"com vítima";"78";"BR-050/MG";"Norte";"Colisão Traseira";1;0;1;0;0;0;0;0;0;0;1;1;0;0;0
"26/10/2014";"10:00:00";"97";"com vítima";"131";"BR-050/GO";"Norte";"Choque - Arvore";1;0;0;0;0;0;0;0;0;0;0;1;0;0;0
"27/10/2014";"07:25:00";"18";"com vítima";"65";"BR-050/MG";"Norte";"Tombamento";0;0;1;0;0;0;0;0;0;0;0;1;0;0;0
"28/10/2014";"02:05:00";"9";"com vítima";"87.3";"BR-050/MG";"Norte";"Tombamento";0;0;1;0;0;0;0;0;0;0;0;1;0;0;0
"28/10/2014";"11:36:00";"70";"sem vítima";"128.5";"BR-050/GO";"Norte";"Choque - Veiculo parado na pista";0;0;1;0;0;0;0;0;1;0;2;0;0;0;0
"28/10/2014";"01:24:00";"87";"sem vítima";"171.9";"BR-050/GO";"Norte";"Choque - Barranco";1;0;0;0;0;0;0;0;0;0;1;0;0;0;0
"28/10/2014";"03:57:00";"112";"sem vítima";"174";"BR-050/MG";"Norte";"Capotamento";1;0;0;0;0;0;0;0;0;0;1;0;0;0;0
"28/10/2014";"05:58:00";"129";"com vítima";"98.5";"BR-050/GO";"Sul";"Colisão Lateral";2;0;0;0;0;0;0;0;0;0;0;4;0;0;0
"28/10/2014";"06:31:00";"136";"com vítima";"78.1";"BR-050/MG";"Sul";"Queda de Moto";0;0;0;1;0;0;0;0;0;0;0;2;0;0;0
"28/10/2014";"06:39:00";"137";"com vítima";"0";"CT-UDI-MG";"Sul";"Tombamento";0;0;1;0;0;0;0;0;0;0;0;1;0;0;0
"28/10/2014";"07:08:00";"143";"com vítima";"17.5";"BR-050/MG";"Sul";"Colisão Lateral";1;0;1;0;0;0;0;0;0;0;1;1;0;0;0
"29/10/2014";"11:32:00";"68";"com vítima";"244.4";"BR-050/GO";"Norte";"Colisão Frontal";1;0;1;0;0;0;0;0;0;0;1;0;0;2;2
"29/10/2014";"07:20:00";"126";"com vítima";"293.8";"BR-050/GO";"Sul";"Colisão Frontal";0;0;2;0;0;0;0;0;0;0;0;2;0;0;0
"29/10/2014";"07:57:00";"129";"sem vítima";"202.9";"BR-050/MG";"Sul";"Saida de Pista";0;0;1;0;0;0;0;0;0;0;1;0;0;0;0
"30/10/2014";"12:22:00";"78";"com vítima";"154.46";"BR-050/GO";"Norte";"Colisão Transversal";2;0;1;0;0;0;0;0;0;0;0;4;0;0;1
"30/10/2014";"02:35:00";"91";"sem vítima";"22";"BR-050/MG";"Norte";"Choque - Defensa, barreira ou meio fio";0;0;2;0;0;0;0;0;0;0;2;0;0;0;0
"30/10/2014";"04:03:00";"105";"com vítima";"279.2";"BR-050/GO";"Sul";"Queda de Moto";0;0;0;1;0;1;0;0;0;0;1;1;0;0;0
"30/10/2014";"09:32:00";"146";"com vítima";"96.5";"BR-050/MG";"Norte";"Colisão Traseira";0;0;2;0;0;0;0;0;0;0;1;0;1;0;0
"31/10/2014";"03:59:00";"16";"sem vítima";"291";"BR-050/GO";"Norte";"Choque - Barranco";0;0;1;0;0;0;0;0;0;0;1;0;0;0;0
"31/10/2014";"08:06:00";"37";"com vítima";"22";"BR-050/MG";"Norte";"Choque - Defensa, barreira ou meio fio";1;0;0;1;0;0;0;0;0;0;1;1;0;0;0
"31/10/2014";"08:26:00";"40";"sem vítima";"203.5";"BR-050/MG";"Norte";"Colisão Lateral";1;0;1;0;0;0;0;0;0;0;5;0;0;0;0
"31/10/2014";"11:22:00";"63";"sem vítima";"117.2";"BR-050/MG";"Norte";"Saida de Pista";1;0;0;0;0;0;0;0;0;0;4;0;0;0;0
"31/10/2014";"02:39:00";"95";"com vítima";"133";"BR-050/GO";"Sul";"Capotamento";1;0;0;0;0;0;0;0;0;0;0;1;1;0;0
"31/10/2014";"02:50:00";"97";"sem vítima";"133.1";"BR-050/GO";"Sul";"Saida de Pista";0;0;1;0;0;0;0;0;0;0;1;0;0;0;0
"31/10/2014";"04:01:00";"104";"sem vítima";"17";"BR-050/MG";"Sul";"Tombamento";1;0;0;0;0;0;0;0;0;0;3;0;0;0;0
"31/10/2014";"04:15:00";"108";"sem vítima";"13.5";"BR-050/MG";"Sul";"Saida de Pista";1;0;0;0;0;0;0;0;0;0;3;0;0;0;0
"31/10/2014";"04:52:00";"115";"sem vítima";"5";"CT-UDI-MG";"Norte";"Saida de Pista";1;0;0;0;0;0;0;0;0;0;1;0;0;0;0
"31/10/2014";"05:02:00";"117";"sem vítima";"128.4";"BR-050/MG";"Sul";"Choque - Defensa, barreira ou meio fio";1;0;0;0;0;0;0;0;0;0;3;0;0;0;0
"31/10/2014";"05:19:00";"118";"sem vítima";"2";"CT-UDI-MG";"Sul";"Colisão Lateral";2;0;0;0;0;0;0;0;0;0;2;0;0;0;0
"31/10/2014";"05:39:00";"123";"sem vítima";"186";"BR-050/MG";"Sul";"Colisão Traseira";2;0;0;0;0;0;0;0;0;0;2;0;0;0;0
"31/10/2014";"09:32:00";"153";"sem vítima";"86";"BR-050/MG";"Norte";"Colisão Traseira";1;0;1;0;0;0;0;0;0;0;4;0;0;0;0
"01/11/2014";"05:39:00";"17";"com vítima";"81.5";"BR-050/MG";"Norte";"Capotamento";1;0;0;0;0;0;0;0;0;0;0;2;0;0;0
"01/11/2014";"06:58:00";"19";"sem vítima";"109.38";"BR-050/MG";"Norte";"Capotamento";1;0;0;0;0;0;0;0;0;0;2;0;0;0;0
"01/11/2014";"07:40:00";"25";"com vítima";"167.84";"BR-050/MG";"Sul";"Colisão Traseira";0;0;1;0;0;0;0;0;0;1;2;1;0;0;0
"01/11/2014";"10:38:00";"50";"com vítima";"191.3";"BR-050/GO";"Norte";"Atropelamento - Funcionário";0;0;1;0;0;0;0;0;0;0;1;0;1;0;0
"01/11/2014";"10:48:00";"52";"com vítima";"165.4";"BR-050/MG";"Norte";"Choque - Arvore";0;0;0;0;0;0;0;0;0;1;0;0;0;0;1
"01/11/2014";"12:19:00";"60";"sem vítima";"18";"BR-050/MG";"Norte";"Choque - Defensa, barreira ou meio fio";0;0;0;0;0;0;0;0;0;1;1;0;0;0;0
"01/11/2014";"01:20:00";"66";"sem vítima";"182.4";"BR-050/MG";"Sul";"Colisão Lateral";1;0;1;0;0;0;0;0;0;0;5;0;0;0;0
"01/11/2014";"06:54:00";"114";"com vítima";"11.5";"CT-UDI-MG";"Norte";"Choque - Defensa, barreira ou meio fio";0;0;1;0;0;0;0;0;0;0;0;0;1;0;0
"01/11/2014";"09:45:00";"131";"com vítima";"77.1";"BR-050/MG";"Sul";"Choque - Defensa, barreira ou meio fio";1;0;0;0;0;0;0;0;0;0;0;1;0;0;0
"01/11/2014";"11:06:00";"138";"sem vítima";"61.3";"BR-050/MG";"Norte";"Choque - Barranco";0;0;0;0;0;0;0;0;0;1;3;0;0;0;0
"02/11/2014";"07:26:00";"23";"sem vítima";"171.1";"BR-050/MG";"Sul";"Colisão Traseira";1;0;0;0;0;0;0;0;0;0;1;0;0;0;0
"02/11/2014";"09:43:00";"38";"sem vítima";"201.2";"BR-050/MG";"Sul";"Colisão Traseira";1;0;1;0;0;0;0;0;0;0;4;0;0;0;0
"02/11/2014";"12:02:00";"68";"sem vítima";"33.8";"BR-050/MG";"Sul";"Saida de Pista";1;0;0;0;0;0;0;0;0;0;1;0;0;0;0
"02/11/2014";"05:21:00";"101";"com vítima";"45.18";"BR-050/MG";"Norte";"Colisão Traseira";0;0;0;0;0;0;0;0;0;1;3;2;0;0;0
"02/11/2014";"07:32:00";"115";"sem vítima";"61.3";"BR-050/MG";"Sul";"Colisão Traseira";2;0;0;0;0;0;0;0;0;0;3;0;0;0;0
"03/11/2014";"07:02:00";"16";"sem vítima";"178";"BR-050/MG";"Sul";"Engavetamento";4;0;1;0;0;0;0;0;0;0;5;0;0;0;0
"03/11/2014";"07:23:00";"18";"com vítima";"177.5";"BR-050/MG";"Sul";"Engavetamento";3;0;0;1;0;0;0;0;0;0;3;2;0;0;1
"03/11/2014";"10:31:00";"49";"sem vítima";"194.55";"BR-050/GO";"Norte";"Engavetamento";1;0;2;0;0;0;0;0;0;0;3;0;0;0;0
"03/11/2014";"05:45:00";"119";"sem vítima";"190";"BR-050/MG";"Norte";"Choque - Defensa, barreira ou meio fio";0;0;1;0;0;0;0;0;0;0;1;0;0;0;0
"03/11/2014";"08:10:00";"133";"sem vítima";"171.3";"BR-050/MG";"Norte";"Queda de Moto";0;0;0;1;0;0;0;0;0;0;1;0;0;0;0
"03/11/2014";"11:08:00";"140";"sem vítima";"178";"BR-050/MG";"Sul";"Choque - Veiculo parado na pista";1;0;1;0;0;0;0;0;0;0;2;0;0;0;0
"03/11/2014";"11:37:00";"144";"sem vítima";"3";"CT-UDI-MG";"Sul";"Choque - Defensa, barreira ou meio fio";0;0;0;0;0;0;0;0;0;1;1;0;0;0;0
"03/11/2014";"11:37:00";"142";"sem vítima";"3";"CT-UDI-MG";"Sul";"Atropelamento - Animal";1;0;0;0;0;0;0;0;0;0;1;0;0;0;0
"04/11/2014";"06:09:00";"10";"com vítima";"207";"BR-050/GO";"Sul";"Colisão Traseira";1;0;1;0;0;0;0;0;0;0;1;1;0;0;0
"04/11/2014";"08:20:00";"23";"sem vítima";"1.6";"CT-UDI-MG";"Norte";"Colisão Lateral";0;0;2;0;0;0;0;0;0;0;2;0;0;0;0
"04/11/2014";"07:10:00";"103";"sem vítima";"273";"BR-050/GO";"Sul";"Queda de Moto";0;0;0;1;0;0;0;0;0;0;1;0;0;0;0
"05/11/2014";"04:47:00";"15";"com vítima";"1.5";"BR-050/MG";"Sul";"Capotamento";1;0;0;0;0;0;0;0;0;0;1;2;0;0;0
"05/11/2014";"03:01:00";"104";"com vítima";"45.285";"BR-050/MG";"Norte";"Capotamento";1;0;0;0;0;0;0;0;0;0;0;0;1;0;0
"06/11/2014";"07:52:00";"27";"com vítima";"280";"BR-050/GO";"Norte";"Colisão Lateral";1;0;0;1;0;0;0;0;0;0;2;1;0;0;0
"06/11/2014";"12:56:00";"73";"com vítima";"109.369";"BR-050/GO";"Norte";"Capotamento";1;0;0;0;0;0;0;0;0;0;3;0;2;0;0
"06/11/2014";"02:04:00";"81";"com vítima";"82.7";"BR-050/MG";"Norte";"Capotamento";1;0;0;0;0;0;0;0;0;0;0;2;0;0;0
"06/11/2014";"06:16:00";"112";"sem vítima";"52.7";"BR-050/MG";"Sul";"Saida de Pista";0;0;1;0;0;0;0;0;0;0;1;0;0;0;0
"07/11/2014";"04:36:00";"11";"com vítima";"19.7";"BR-050/MG";"Norte";"Saida de Pista";1;0;0;0;0;0;0;0;0;0;0;1;0;0;0
"07/11/2014";"11:46:00";"167";"sem vítima";"280";"BR-050/GO";"Norte";"Colisão Traseira";2;0;0;0;0;0;0;0;0;0;2;0;0;0;0
"08/11/2014";"03:30:00";"12";"com vítima";"138.88";"BR-050/MG";"Norte";"Choque - Barranco";0;0;1;0;0;0;0;0;0;0;0;1;0;0;0