data;horario;n_da_ocorrencia;tipo_de_ocorrencia;km;trecho;sentido;tipo_de_acidente;automovel;bicicleta;caminhao;moto;onibus;outros;tracao_animal;transporte_de_cargas_especiais;trator_maquinas;utilitarios;ilesos;levemente_feridos;moderadamente_feridos;gravemente_feridos;mortos
"19/01/2015";"04:17:00";"113";"com vítima";"313.6";"BR-050/GO";"Norte";"Atropelamento - Usuário";0;0;0;0;0;1;0;0;0;0;1;0;1;0;0
"20/01/2015";"05:41:00";"15";"com vítima";"200";"BR-050/MG";"Norte";"Queda de Moto";0;0;0;1;0;0;0;0;0;0;0;2;0;0;0
"20/01/2015";"01:19:00";"79";"com vítima";"30.82";"BR-050/MG";"Norte";"Capotamento";1;0;0;0;0;0;0;0;0;0;0;0;1;0;0
"21/01/2015";"02:40:00";"6";"sem vítima";"253.9";"BR-050/GO";"Norte";"Atropelamento - Animal";0;0;0;0;0;0;0;0;0;1;1;0;0;0;0
"21/01/2015";"07:58:00";"25";"com vítima";"280.05";"BR-050/GO";"Norte";"Colisão Transversal";1;0;0;1;0;0;0;0;0;0;2;1;0;0;0
"21/01/2015";"12:42:00";"60";"sem vítima";"104.05";"BR-050/GO";"Sul";"Choque - Suporte de Sinalização";0;0;1;0;0;0;0;0;0;0;2;0;0;0;0
"22/01/2015";"07:12:00";"36";"sem vítima";"123.82";"BR-050/GO";"Norte";"Saida de Pista";1;0;0;0;0;0;0;0;0;0;1;0;0;0;0
"22/01/2015";"10:13:00";"173";"com vítima";"263.5";"BR-050/GO";"Norte";"Colisão Frontal";0;0;0;1;0;0;0;0;0;1;1;0;0;0;1
"23/01/2015";"02:21:00";"6";"sem vítima";"111.5";"BR-050/MG";"Norte";"Tombamento";0;0;1;0;0;0;0;0;0;0;1;0;0;0;0
"23/01/2015";"11:50:00";"55";"sem vítima";"238.44";"BR-050/GO";"Sul";"Choque - Defensa, barreira ou meio fio";0;0;0;0;0;0;0;0;0;1;1;0;0;0;0
"23/01/2015";"01:47:00";"74";"com vítima";"17";"BR-050/MG";"Norte";"Tombamento";0;0;1;0;0;0;0;0;0;0;0;0;0;0;1
"24/01/2015";"04:28:00";"11";"sem vítima";"129.33";"BR-050/GO";"Norte";"Tombamento";0;0;1;0;0;0;0;0;0;0;2;0;0;0;0
"24/01/2015";"02:25:00";"78";"sem vítima";"9.9";"BR-050/MG";"Norte";"Choque - Barranco";0;0;0;0;0;0;0;0;0;1;2;0;0;0;0
"25/01/2015";"01:27:00";"6";"sem vítima";"209";"BR-050/GO";"Norte";"Choque - Suporte de Sinalização";0;0;0;0;0;0;0;0;0;1;1;0;0;0;0
"25/01/2015";"10:39:00";"39";"com vítima";"148.4";"BR-050/MG";"Sul";"Choque - Arvore";1;0;0;0;0;0;0;0;0;0;0;0;1;0;0
"25/01/2015";"11:51:00";"43";"com vítima";"99";"BR-050/GO";"Norte";"Colisão Traseira";1;0;0;0;0;0;0;0;0;1;0;4;0;0;0
"25/01/2015";"04:04:00";"69";"com vítima";"132.1";"BR-050/MG";"Sul";"Choque - Barranco";1;0;0;0;0;0;0;0;0;0;2;2;0;0;0
"25/01/2015";"04:20:00";"70";"sem vítima";"155";"BR-050/MG";"Sul";"Capotamento";0;0;0;0;0;0;0;0;0;1;1;0;0;0;0
"25/01/2015";"06:40:00";"90";"sem vítima";"31";"BR-050/MG";"Norte";"Choque - Suporte de Sinalização";1;0;0;0;0;0;0;0;0;0;5;0;0;0;0
"26/01/2015";"10:37:00";"61";"com vítima";"145";"BR-050/MG";"Sul";"Capotamento";1;0;0;0;0;0;0;0;0;0;0;0;1;0;0
"26/01/2015";"01:08:00";"84";"com vítima";"150.8";"BR-050/MG";"Norte";"Capotamento";0;0;0;0;0;0;0;0;0;1;0;1;0;0;0
"26/01/2015";"01:52:00";"86";"com vítima";"161.2";"BR-050/MG";"Sul";"Tombamento";1;0;0;0;0;0;0;0;0;0;0;1;0;0;0
"26/01/2015";"02:47:00";"92";"sem vítima";"16.35";"CT-UDI-MG";"Sul";"Colisão Traseira";2;0;0;0;0;0;0;0;0;0;4;0;0;0;0
"26/01/2015";"06:44:00";"113";"com vítima";"97.6";"BR-050/MG";"Norte";"Saida de Pista";1;0;0;0;0;0;0;0;0;0;0;1;0;0;0
"26/01/2015";"08:01:00";"124";"sem vítima";"18.9";"BR-050/MG";"Norte";"Choque - Defensa, barreira ou meio fio";1;0;0;0;0;0;0;0;0;0;3;0;0;0;0
"27/01/2015";"04:21:00";"100";"com vítima";"277.1";"BR-050/GO";"Sul";"Choque - Veiculo parado no acostamento";0;0;0;0;0;0;0;0;0;2;1;1;0;0;0
"27/01/2015";"09:10:00";"141";"com vítima";"197";"BR-050/MG";"Sul";"Choque - Suporte de Sinalização";1;0;2;0;0;0;0;0;0;0;2;2;0;0;0
"28/01/2015";"01:11:00";"3";"com vítima";"109.6";"BR-050/GO";"Norte";"Capotamento";1;0;0;0;0;0;0;0;0;0;1;2;0;0;0
"28/01/2015";"07:50:00";"30";"com vítima";"174.9";"BR-050/GO";"Sul";"Capotamento";0;0;0;0;0;0;0;0;0;1;0;2;0;0;0
"29/01/2015";"02:35:00";"11";"sem vítima";"311";"BR-050/GO";"Sul";"Tombamento";0;0;0;0;0;0;0;0;0;1;1;0;0;0;0
"29/01/2015";"07:21:00";"22";"sem vítima";"281";"BR-050/GO";"Norte";"Colisão Lateral";1;0;1;0;0;0;0;0;0;0;2;0;0;0;0
"29/01/2015";"07:48:00";"28";"com vítima";"116.3";"BR-050/GO";"Sul";"Colisão Frontal";1;0;1;0;0;0;0;0;0;0;2;0;1;0;0
"29/01/2015";"10:16:00";"56";"com vítima";"131.62";"BR-050/MG";"Norte";"Choque - Elemento de Drenagem";1;0;0;0;0;0;0;0;0;0;0;1;1;0;0
"29/01/2015";"01:50:00";"84";"com vítima";"109.5";"BR-050/GO";"Norte";"Queda de Moto";0;0;0;1;0;0;0;0;0;0;0;1;0;0;0
"29/01/2015";"01:54:00";"86";"sem vítima";"139.1";"BR-050/MG";"Sul";"Colisão Traseira";1;0;1;0;0;0;0;0;0;0;2;0;0;0;0
"29/01/2015";"02:38:00";"94";"sem vítima";"177.5";"BR-050/MG";"Sul";"Colisão Lateral";2;0;0;0;0;0;0;0;0;0;2;0;0;0;0
"29/01/2015";"03:45:00";"103";"sem vítima";"126.6";"BR-050/MG";"Norte";"Colisão Traseira";1;0;1;0;0;0;0;0;0;0;2;0;0;0;0
"30/01/2015";"12:24:00";"89";"sem vítima";"148";"BR-050/GO";"Sul";"Colisão Transversal";0;0;2;0;0;0;0;0;0;0;3;0;0;0;0
"30/01/2015";"06:07:00";"141";"sem vítima";"189.8";"BR-050/MG";"Norte";"Colisão Lateral";1;0;1;0;0;0;0;0;0;0;3;0;0;0;0
"30/01/2015";"06:53:00";"153";"sem vítima";"93.7";"BR-050/MG";"Norte";"Saida de Pista";1;0;0;0;0;0;0;0;0;0;1;0;0;0;0
"30/01/2015";"08:55:00";"178";"sem vítima";"60";"BR-050/MG";"Sul";"Queda de Moto";0;0;0;1;0;0;0;0;0;0;1;0;0;0;0
"31/01/2015";"08:02:00";"36";"sem vítima";"99";"BR-050/MG";"Sul";"Colisão Traseira";2;0;0;0;0;0;0;0;0;0;2;0;0;0;0
"31/01/2015";"12:46:00";"69";"com vítima";"313.9";"BR-050/GO";"Norte";"Colisão Transversal";2;0;0;0;0;0;0;0;0;0;1;2;0;0;0
"31/01/2015";"12:51:00";"70";"sem vítima";"193";"BR-050/MG";"Sul";"Colisão Traseira";0;0;2;0;0;0;0;0;0;0;2;0;0;0;0
"31/01/2015";"01:26:00";"71";"sem vítima";"231.9";"BR-050/GO";"Sul";"Queda de Moto";0;0;0;1;0;0;0;0;0;0;1;0;0;0;0
"01/02/2015";"06:45:00";"17";"sem vítima";"79.98";"BR-050/MG";"Sul";"Saida de Pista";1;0;0;0;0;0;0;0;0;0;1;0;0;0;0
"01/02/2015";"07:16:00";"20";"sem vítima";"229.4";"BR-050/GO";"Norte";"Carreta deu L";0;0;1;0;0;0;0;0;0;0;1;0;0;0;0
"01/02/2015";"07:21:00";"124";"com vítima";"172";"BR-050/MG";"Sul";"Choque - Defensa, barreira ou meio fio";0;0;0;1;0;0;0;0;0;0;0;1;0;0;0
"01/02/2015";"08:03:00";"134";"sem vítima";"77.4";"BR-050/MG";"Sul";"Saida de Pista";1;0;0;0;0;0;0;0;0;0;2;0;0;0;0
"01/02/2015";"09:24:00";"155";"com vítima";"180.8";"BR-050/MG";"Norte";"Atropelamento - Usuário";1;0;0;0;0;0;0;0;0;0;5;0;1;0;0
"02/02/2015";"03:05:00";"14";"sem vítima";"55.2";"BR-050/MG";"Sul";"Atropelamento - Animal";1;0;0;0;0;0;0;0;0;0;1;0;0;0;0
"03/02/2015";"12:25:00";"1";"sem vítima";"161.24";"BR-050/MG";"Sul";"Choque - Suporte de Sinalização";1;0;0;0;0;0;0;0;0;0;1;0;0;0;0
"03/02/2015";"03:14:00";"10";"sem vítima";"100";"BR-050/GO";"Sul";"Atropelamento - Animal";0;0;0;0;1;0;0;0;0;0;1;0;0;0;0
"03/02/2015";"07:18:00";"130";"com vítima";"279.8";"BR-050/GO";"Sul";"Colisão Transversal";1;0;0;1;0;0;0;0;0;0;1;1;0;0;0
"03/02/2015";"09:12:00";"143";"sem vítima";"237.7";"BR-050/GO";"Sul";"Colisão Lateral";2;0;0;0;0;0;0;0;0;0;2;0;0;0;0
"04/02/2015";"01:12:00";"61";"sem vítima";"180";"BR-050/MG";"Sul";"Choque - Defensa, barreira ou meio fio";0;0;1;0;0;0;0;0;0;0;1;0;0;0;0
"04/02/2015";"02:36:00";"70";"sem vítima";"312";"BR-050/GO";"Norte";"Saida de Pista";0;0;1;0;0;0;0;0;0;0;1;0;0;0;0
"04/02/2015";"11:12:00";"119";"sem vítima";"183.75";"BR-050/MG";"Norte";"Tombamento";0;0;1;0;0;0;0;0;0;0;1;0;0;0;0
"05/02/2015";"01:01:00";"80";"sem vítima";"93.5";"BR-050/MG";"Sul";"Choque - Defensa, barreira ou meio fio";1;0;0;0;0;0;0;0;0;0;4;0;0;0;0
"05/02/2015";"01:03:00";"81";"sem vítima";"124.2";"BR-050/MG";"Sul";"Choque - Defensa, barreira ou meio fio";0;0;0;0;0;0;0;0;0;1;2;0;0;0;0
"05/02/2015";"03:13:00";"92";"sem vítima";"161.52";"BR-050/MG";"Sul";"Choque - Suporte de Sinalização";1;0;0;0;0;0;0;0;0;0;1;0;0;0;0
"05/02/2015";"04:06:00";"101";"sem vítima";"311";"BR-050/GO";"Sul";"Choque - Elemento de Drenagem";0;0;1;0;0;0;0;0;0;0;1;0;0;0;0
"06/02/2015";"09:22:00";"33";"sem vítima";"58.38";"BR-050/MG";"Norte";"Saida de Pista";1;0;0;0;0;0;0;0;0;0;2;0;0;0;0
"06/02/2015";"01:14:00";"60";"sem vítima";"18.7";"BR-050/MG";"Sul";"Choque - Defensa, barreira ou meio fio";1;0;0;0;0;0;0;0;0;0;3;0;0;0;0
"06/02/2015";"04:11:00";"83";"com vítima";"134.6";"BR-050/MG";"Sul";"Choque - Arvore";1;0;0;0;0;0;0;0;0;0;0;1;0;0;0
"06/02/2015";"06:22:00";"93";"com vítima";"134";"BR-050/MG";"Sul";"Colisão Traseira";1;0;1;0;0;0;0;0;0;0;3;1;0;0;0
"06/02/2015";"07:45:00";"111";"com vítima";"123.9";"BR-050/MG";"Sul";"Capotamento";1;0;0;0;0;0;0;0;0;0;0;0;1;0;0
"07/02/2015";"10:44:00";"54";"sem vítima";"96";"BR-050/MG";"Norte";"Saida de Pista";0;0;0;0;0;0;0;0;0;1;2;0;0;0;0
"07/02/2015";"01:52:00";"71";"sem vítima";"29.2";"BR-050/MG";"Sul";"Colisão Lateral";1;0;1;0;0;0;0;0;0;0;3;0;0;0;0
"07/02/2015";"04:07:00";"94";"sem vítima";"143";"BR-050/GO";"Norte";"Choque - Defensa, barreira ou meio fio";1;0;0;0;0;0;0;0;0;0;4;0;0;0;0
"07/02/2015";"11:07:00";"138";"com vítima";"280.3";"BR-050/GO";"Norte";"Colisão Transversal";0;0;0;1;0;1;0;0;0;0;1;1;0;0;0
"08/02/2015";"01:16:00";"43";"sem vítima";"143.7";"BR-050/MG";"Sul";"Saida de Pista";1;0;0;0;0;0;0;0;0;0;4;0;0;0;0
"08/02/2015";"08:20:00";"93";"com vítima";"39";"BR-050/MG";"Norte";"Capotamento";1;0;0;0;0;0;0;0;0;0;0;2;0;0;0
"09/02/2015";"07:01:00";"17";"sem vítima";"38.98";"BR-050/MG";"Sul";"Choque - Defensa, barreira ou meio fio";1;0;0;0;0;0;0;0;0;0;1;0;0;0;0
"09/02/2015";"07:52:00";"23";"com vítima";"21.6";"CT-UDI-MG";"Norte";"Engavetamento";2;0;0;1;0;0;0;0;0;0;2;1;1;0;0
"09/02/2015";"07:55:00";"24";"com vítima";"59.1";"BR-050/MG";"Norte";"Capotamento";1;0;0;0;0;0;0;0;0;0;0;1;0;0;0
"09/02/2015";"08:34:00";"33";"sem vítima";"19.2";"CT-UDI-MG";"Sul";"Capotamento";0;0;0;0;0;0;0;0;0;1;1;0;0;0;0
"09/02/2015";"09:29:00";"42";"sem vítima";"19.95";"BR-050/MG";"Norte";"Saida de Pista";0;0;0;0;0;0;0;0;0;1;2;0;0;0;0
"09/02/2015";"11:33:00";"60";"com vítima";"24.95";"BR-050/MG";"Sul";"Capotamento";1;0;0;0;0;0;0;0;0;0;0;2;0;0;0
"09/02/2015";"04:17:00";"89";"com vítima";"277";"BR-050/GO";"Sul";"Colisão Transversal";1;0;1;0;0;0;0;0;0;0;2;1;3;0;0
"09/02/2015";"08:35:00";"113";"sem vítima";"246";"BR-050/GO";"Norte";"Colisão Transversal";1;0;0;0;0;0;0;0;0;1;3;0;0;0;0
"09/02/2015";"08:57:00";"115";"sem vítima";"250.9";"BR-050/GO";"Norte";"Saida de Pista";0;0;0;0;0;0;0;0;0;1;2;0;0;0;0
"10/02/2015";"12:49:00";"3";"sem vítima";"151.6";"BR-050/MG";"Sul";"Choque - Veiculo parado no acostamento";0;0;1;0;0;0;0;0;0;1;2;0;0;0;0
"10/02/2015";"06:34:00";"95";"sem vítima";"178";"BR-050/MG";"Sul";"Choque - Defensa, barreira ou meio fio";1;0;0;0;0;0;0;0;0;0;1;0;0;0;0
"10/02/2015";"10:25:00";"124";"sem vítima";"179";"BR-050/MG";"Sul";"Choque - Defensa, barreira ou meio fio";0;0;0;0;0;0;0;0;0;1;1;0;0;0;0
"11/02/2015";"01:43:00";"86";"sem vítima";"63";"BR-050/MG";"Norte";"Capotamento";1;0;0;0;0;0;0;0;0;0;1;0;0;0;0
"11/02/2015";"03:31:00";"101";"sem vítima";"50.7";"BR-050/MG";"Norte";"Colisão Lateral";1;0;1;0;0;0;0;0;0;0;3;0;0;0;0
"11/02/2015";"08:53:00";"155";"sem vítima";"178";"BR-050/MG";"Sul";"Choque - Defensa, barreira ou meio fio";1;0;0;0;0;0;0;0;0;0;3;0;0;0;0
"12/02/2015";"04:47:00";"17";"sem vítima";"96";"BR-050/MG";"Norte";"Saida de Pista";0;0;1;0;0;0;0;0;0;0;1;0;0;0;0
"12/02/2015";"04:15:00";"102";"com vítima";"299.8";"BR-050/GO";"Sul";"Colisão Frontal";2;0;1;0;0;0;0;0;0;0;1;3;0;0;2
"12/02/2015";"09:36:00";"160";"com vítima";"282.9";"BR-050/GO";"Norte";"Colisão Transversal";1;0;0;1;0;0;0;0;0;0;0;3;0;0;0
"13/02/2015";"01:56:00";"7";"sem vítima";"280.5";"BR-050/GO";"Sul";"Colisão Transversal";1;0;0;0;0;1;0;0;0;0;2;0;0;0;0
"13/02/2015";"06:38:00";"17";"sem vítima";"234.8";"BR-050/GO";"Norte";"Tombamento";0;0;1;0;0;0;0;0;0;0;2;0;0;0;0
"13/02/2015";"12:34:00";"74";"sem vítima";"115.8";"BR-050/MG";"Norte";"Saida de Pista";1;0;0;0;0;0;0;0;0;0;2;0;0;0;0
"13/02/2015";"01:53:00";"93";"com vítima";"177.18";"BR-050/MG";"Norte";"Saida de Pista";0;0;1;1;0;0;0;0;0;0;1;2;0;0;0
"13/02/2015";"02:28:00";"98";"com vítima";"25.4";"BR-050/MG";"Norte";"Queda de Moto";0;0;0;1;0;0;0;0;0;0;0;1;0;0;0
"13/02/2015";"07:15:00";"156";"sem vítima";"180.5";"BR-050/GO";"Sul";"Saida de Pista";1;0;0;0;0;0;0;0;0;0;3;0;0;0;0
"13/02/2015";"08:28:00";"168";"sem vítima";"137.09";"BR-050/MG";"Sul";"Choque - Defensa, barreira ou meio fio";1;0;0;0;0;0;0;0;0;0;1;0;0;0;0
"14/02/2015";"06:37:00";"19";"sem vítima";"159.5";"BR-050/MG";"Norte";"Saida de Pista";1;0;0;0;0;0;0;0;0;0;1;0;0;0;0
"14/02/2015";"08:54:00";"41";"sem vítima";"112.6";"BR-050/GO";"Norte";"Colisão Traseira";1;0;1;0;0;0;0;0;0;0;4;0;0;0;0
"14/02/2015";"06:14:00";"124";"sem vítima";"305";"BR-050/GO";"Sul";"Queda de Moto";0;0;0;1;0;0;0;0;0;0;1;0;0;0;0
"14/02/2015";"09:58:00";"157";"sem vítima";"29";"BR-050/MG";"Norte";"Saida de Pista";1;0;0;0;0;0;0;0;0;0;2;0;0;0;0
"15/02/2015";"03:18:00";"12";"sem vítima";"59";"BR-050/MG";"Norte";"Capotamento";1;0;0;0;0;0;0;0;0;0;1;0;0;0;0
"15/02/2015";"05:05:00";"19";"com vítima";"209.5";"BR-050/GO";"Sul";"Saida de Pista";1;0;0;0;0;0;0;0;0;0;0;1;0;0;0
"15/02/2015";"05:23:00";"108";"sem vítima";"177.2";"BR-050/MG";"Norte";"Choque - Defensa, barreira ou meio fio";1;0;0;0;0;0;0;0;0;0;1;0;0;0;0
"15/02/2015";"06:46:00";"122";"sem vítima";"105.8";"BR-050/GO";"Norte";"Colisão Lateral";1;0;0;0;0;2;0;0;0;0;4;0;0;0;0
"15/02/2015";"07:02:00";"125";"com vítima";"127.68";"BR-050/GO";"Norte";"Capotamento";1;0;0;0;0;0;0;0;0;0;0;3;0;0;0
"15/02/2015";"09:53:00";"146";"sem vítima";"96.9";"BR-050/GO";"Norte";"Saida de Pista";1;0;0;0;0;0;0;0;0;0;2;0;0;0;0
"16/02/2015";"04:50:00";"11";"sem vítima";"114";"BR-050/GO";"Norte";"Saida de Pista";1;0;0;0;0;0;0;0;0;0;2;0;0;0;0
"16/02/2015";"11:30:00";"63";"sem vítima";"29.6";"BR-050/MG";"Norte";"Choque - Objeto sobre a pista";1;0;0;0;0;0;0;0;0;0;1;0;0;0;0
"16/02/2015";"02:55:00";"84";"com vítima";"86";"BR-050/MG";"Norte";"Colisão Lateral";2;0;0;0;0;0;0;0;0;0;4;0;0;1;0
"16/02/2015";"04:36:00";"96";"com vítima";"219.6";"BR-050/GO";"Sul";"Choque - Arvore";0;0;0;0;0;0;0;0;0;1;0;0;1;0;0
"17/02/2015";"02:29:00";"5";"sem vítima";"115.8";"BR-050/MG";"Sul";"Choque - Defensa, barreira ou meio fio";0;0;1;0;0;0;0;0;0;0;1;0;0;0;0
"17/02/2015";"05:05:00";"9";"com vítima";"54";"BR-050/MG";"Sul";"Capotamento";1;0;0;0;0;0;0;0;0;0;0;3;0;0;0
"17/02/2015";"05:37:00";"11";"sem vítima";"99.3";"BR-050/GO";"Norte";"Saida de Pista";1;0;0;0;0;0;0;0;0;0;1;0;0;0;0
"17/02/2015";"01:42:00";"45";"sem vítima";"33.8";"BR-050/MG";"Norte";"Choque - Defensa, barreira ou meio fio";1;0;0;0;0;0;0;0;0;0;4;0;0;0;0
"17/02/2015";"02:15:00";"50";"sem vítima";"31.8";"BR-050/MG";"Norte";"Choque - Poste";0;0;1;0;0;0;0;0;0;0;1;0;0;0;0
"17/02/2015";"03:48:00";"65";"sem vítima";"154.32";"BR-050/GO";"Sul";"Choque - Suporte de Sinalização";1;0;0;0;0;0;0;0;0;0;2;0;0;0;0
"17/02/2015";"03:58:00";"67";"sem vítima";"155.6";"BR-050/GO";"Sul";"Saida de Pista";1;0;0;0;0;0;0;0;0;0;3;0;0;0;0
"17/02/2015";"08:11:00";"93";"com vítima";"183";"BR-050/MG";"Norte";"Atropelamento - Usuário";0;0;1;0;0;0;0;0;0;0;1;0;0;0;1
"18/02/2015";"01:40:00";"4";"sem vítima";"56";"BR-050/MG";"Norte";"Choque - Barranco";1;0;0;0;0;0;0;0;0;0;1;0;0;0;0
"18/02/2015";"07:20:00";"17";"sem vítima";"122.5";"BR-050/MG";"Norte";"Capotamento";1;0;0;0;0;0;0;0;0;0;1;0;0;0;0
"18/02/2015";"01:03:00";"55";"sem vítima";"205.65";"BR-050/MG";"Sul";"Saida de Pista";1;0;0;0;0;0;0;0;0;0;1;0;0;0;0
"18/02/2015";"05:22:00";"79";"sem vítima";"177.7";"BR-050/MG";"Norte";"Choque - Suporte de Sinalização";1;0;0;0;0;0;0;0;0;0;1;0;0;0;0
"18/02/2015";"06:01:00";"84";"com vítima";"286";"BR-050/GO";"Norte";"Queda de Ciclista";0;1;0;0;0;0;0;0;0;0;0;1;0;0;0
"18/02/2015";"07:31:00";"100";"sem vítima";"186";"BR-050/MG";"Sul";"Capotamento";1;0;0;0;0;0;0;0;0;0;1;0;0;0;0
"19/02/2015";"06:45:00";"117";"sem vítima";"177";"BR-050/MG";"Sul";"Colisão Transversal";1;0;1;0;0;0;0;0;0;0;4;0;0;0;0
"20/02/2015";"07:21:00";"25";"com vítima";"29.8";"BR-050/MG";"Norte";"Tombamento";0;0;1;0;0;0;0;0;0;0;0;0;0;0;1
"20/02/2015";"12:44:00";"59";"sem vítima";"27.9";"BR-050/MG";"Sul";"Choque - Defensa, barreira ou meio fio";1;0;0;0;0;0;0;0;0;0;1;0;0;0;0
"20/02/2015";"08:06:00";"122";"sem vítima";"124";"BR-050/MG";"Sul";"Capotamento";1;0;0;0;0;0;0;0;0;0;1;0;0;0;0
"21/02/2015";"05:34:00";"13";"sem vítima";"118";"BR-050/MG";"Norte";"Saida de Pista";1;0;0;0;0;0;0;0;0;0;2;0;0;0;0
"21/02/2015";"01:57:00";"75";"com vítima";"192.42";"BR-050/MG";"Norte";"Queda de Moto";0;0;0;1;0;0;0;0;0;0;0;2;0;0;0
"22/02/2015";"02:11:00";"7";"com vítima";"46";"BR-050/MG";"Norte";"Queda de Moto";0;0;0;1;0;0;0;0;0;0;0;0;1;0;0
"22/02/2015";"11:54:00";"79";"com vítima";"29";"BR-050/MG";"Norte";"Choque - Elemento de Drenagem";0;0;0;1;0;0;0;0;0;0;1;1;0;0;0
"22/02/2015";"07:08:00";"136";"com vítima";"266";"BR-050/GO";"Sul";"Choque - Barranco";1;0;0;0;0;0;0;0;0;0;2;1;0;0;0
"23/02/2015";"09:49:00";"137";"sem vítima";"282.8";"BR-050/GO";"Sul";"Colisão Transversal";1;0;1;0;0;0;0;0;0;0;2;0;0;0;0
"23/02/2015";"11:26:00";"141";"com vítima";"116";"BR-050/GO";"Norte";"Colisão Traseira";2;0;0;0;0;0;0;0;0;0;1;2;1;0;0
"24/02/2015";"02:12:00";"93";"com vítima";"157";"BR-050/MG";"Norte";"Capotamento";1;0;0;0;0;0;0;0;0;0;0;1;0;0;0
"24/02/2015";"05:14:00";"115";"com vítima";"26.4";"BR-050/MG";"Norte";"Capotamento";1;0;0;0;0;0;0;0;0;0;0;1;0;2;0
"24/02/2015";"05:27:00";"117";"sem vítima";"106.5";"BR-050/MG";"Norte";"Saida de Pista";1;0;0;0;0;0;0;0;0;0;2;0;0;0;0
"24/02/2015";"08:40:00";"142";"com vítima";"107.3";"BR-050/GO";"Sul";"Capotamento";0;0;1;0;0;0;0;0;0;0;0;1;0;0;0
"25/02/2015";"10:12:00";"57";"sem vítima";"29.8";"BR-050/MG";"Norte";"Tombamento";0;0;1;0;0;0;0;0;0;0;1;0;0;0;0
"25/02/2015";"01:05:00";"68";"sem vítima";"200.75";"BR-050/MG";"Norte";"Saida de Pista";0;0;1;0;0;0;0;0;0;0;1;0;0;0;0
"25/02/2015";"02:36:00";"78";"com vítima";"297";"BR-050/GO";"Norte";"Tombamento";0;0;0;0;0;0;0;0;1;0;0;1;0;0;0
"25/02/2015";"10:02:00";"127";"sem vítima";"177";"BR-050/MG";"Sul";"Choque - Defensa, barreira ou meio fio";0;0;1;0;0;0;0;0;0;1;3;0;0;0;0
"26/02/2015";"08:10:00";"21";"sem vítima";"168.38";"BR-050/MG";"Norte";"Colisão Lateral";0;0;0;0;0;0;0;0;0;2;3;0;0;0;0
"26/02/2015";"05:36:00";"90";"com vítima";"176.8";"BR-050/MG";"Sul";"Queda de Moto";0;0;0;1;0;1;0;0;0;0;1;1;0;0;0
"27/02/2015";"12:54:00";"6";"sem vítima";"192";"BR-050/MG";"Norte";"Colisão Traseira";0;0;3;0;0;0;0;0;0;0;3;0;0;0;0
"27/02/2015";"01:27:00";"8";"sem vítima";"36.8";"BR-050/MG";"Norte";"Atropelamento - Animal";0;0;1;0;0;0;0;0;0;0;1;0;0;0;0
"27/02/2015";"04:59:00";"21";"sem vítima";"179.6";"BR-050/MG";"Norte";"Atropelamento - Animal";0;0;1;0;0;0;0;0;0;0;1;0;0;0;0
"27/02/2015";"07:30:00";"115";"sem vítima";"207";"BR-050/GO";"Norte";"Colisão Traseira";1;0;1;0;0;0;0;0;0;0;4;0;0;0;0
"28/02/2015";"12:11:00";"3";"sem vítima";"124.3";"BR-050/MG";"Sul";"Choque - Objeto sobre a pista";1;0;0;0;0;0;0;0;0;0;2;0;0;0;0
"28/02/2015";"05:32:00";"120";"sem vítima";"54";"BR-050/MG";"Norte";"Carreta deu L";0;0;1;0;0;0;0;0;0;0;1;0;0;0;0
"01/03/2015";"11:14:00";"55";"sem vítima";"154.2";"BR-050/MG";"Sul";"Atropelamento - Animal";1;0;0;0;0;0;0;0;0;0;1;0;0;0;0
"01/03/2015";"11:56:00";"60";"sem vítima";"62.15";"BR-050/MG";"Norte";"Choque - Suporte de Sinalização";1;0;0;0;0;0;0;0;0;0;3;0;0;0;0
"01/03/2015";"05:56:00";"96";"com vítima";"89.1";"BR-050/MG";"Sul";"Capotamento";1;0;0;0;0;0;0;0;0;0;2;0;2;0;0
"01/03/2015";"06:39:00";"103";"com vítima";"172.5";"BR-050/MG";"Sul";"Capotamento";0;0;1;0;0;0;0;0;0;0;0;1;0;0;0
"02/03/2015";"05:40:00";"114";"sem vítima";"154.5";"BR-050/MG";"Sul";"Atropelamento - Animal";1;0;0;0;0;0;0;0;0;0;3;0;0;0;0
"02/03/2015";"06:34:00";"122";"sem vítima";"47.46";"BR-050/MG";"Sul";"Choque - Elemento de Drenagem";1;0;0;0;0;0;0;0;0;0;1;0;0;0;0
"02/03/2015";"09:28:00";"138";"sem vítima";"170.1";"BR-050/GO";"Sul";"Saida de Pista";1;0;0;0;0;0;0;0;0;0;3;0;0;0;0
"02/03/2015";"09:39:00";"141";"sem vítima";"118";"BR-050/GO";"Norte";"Saida de Pista";1;0;0;0;0;0;0;0;0;0;1;0;0;0;0
"03/03/2015";"06:37:00";"16";"sem vítima";"65";"BR-050/MG";"Norte";"Queda de Moto";0;0;0;1;0;0;0;0;0;0;1;0;0;0;0