data;horario;n_da_ocorrencia;tipo_de_ocorrencia;km;trecho;sentido;tipo_de_acidente;automovel;bicicleta;caminhao;moto;onibus;outros;tracao_animal;transporte_de_cargas_especiais;trator_maquinas;utilitarios;ilesos;levemente_feridos;moderadamente_feridos;gravemente_feridos;mortos
"10/05/2015";"09:42:00";"168";"sem vítima";"178";"BR-050/MG";"Sul";"Choque - Defensa, barreira ou meio fio";1;0;0;0;0;0;0;0;0;0;5;0;0;0;0
"10/05/2015";"09:55:00";"170";"sem vítima";"11.5";"BR-050/MG";"Norte";"Saida de Pista";0;0;0;0;0;0;0;0;0;1;4;0;0;0;0
"11/05/2015";"12:29:00";"4";"sem vítima";"23.7";"BR-050/MG";"Norte";"Choque - Arvore";1;0;0;0;0;0;0;0;0;0;1;0;0;0;0
"11/05/2015";"12:45:00";"5";"sem vítima";"12";"BR-050/MG";"Sul";"Choque - Defensa, barreira ou meio fio";1;0;0;0;0;0;0;0;0;0;1;0;0;0;0
"11/05/2015";"04:39:00";"12";"sem vítima";"30";"BR-050/MG";"Sul";"Capotamento";1;0;0;0;0;0;0;0;0;0;2;0;0;0;0
"11/05/2015";"06:05:00";"16";"sem vítima";"61.2";"BR-050/MG";"Norte";"Choque - Suporte de Sinalização";1;0;0;0;0;0;0;0;0;0;4;0;0;0;0
"11/05/2015";"07:44:00";"32";"sem vítima";"47.1";"BR-050/MG";"Norte";"Engavetamento";3;0;0;0;0;2;0;0;0;0;5;0;0;0;0
"12/05/2015";"07:18:00";"15";"com vítima";"77";"BR-050/MG";"Norte";"Colisão Transversal";0;0;0;2;0;0;0;0;0;0;1;0;1;0;0
"12/05/2015";"10:38:00";"51";"sem vítima";"13";"BR-050/MG";"Norte";"Colisão Lateral";1;0;1;0;0;0;0;0;0;0;2;0;0;0;0
"13/05/2015";"04:18:00";"99";"com vítima";"265";"BR-050/GO";"Sul";"Colisão Frontal";0;0;1;1;0;0;0;0;0;0;1;0;1;0;0
"14/05/2015";"12:19:00";"80";"sem vítima";"173.8";"BR-050/MG";"Norte";"Colisão Lateral";0;0;1;0;0;0;0;0;0;1;2;0;0;0;0
"14/05/2015";"03:30:00";"107";"sem vítima";"154";"BR-050/GO";"Norte";"Tombamento";0;0;1;0;0;0;0;0;0;0;2;0;0;0;0
"14/05/2015";"05:53:00";"137";"sem vítima";"96";"BR-050/GO";"Norte";"Colisão Transversal";1;0;0;1;0;0;0;0;0;0;2;0;0;0;0
"14/05/2015";"06:45:00";"140";"com vítima";"176.1";"BR-050/MG";"Norte";"Capotamento";0;0;0;0;0;0;0;0;0;1;0;0;0;1;0
"15/05/2015";"04:21:00";"14";"sem vítima";"29.8";"BR-050/MG";"Norte";"Saida de Pista";0;0;0;0;0;0;0;0;0;1;1;0;0;0;0
"15/05/2015";"08:29:00";"42";"com vítima";"111";"BR-050/GO";"Norte";"Colisão Frontal";1;0;2;0;0;0;0;0;0;0;2;1;1;0;0
"15/05/2015";"10:59:00";"65";"com vítima";"170.1";"BR-050/MG";"Sul";"Colisão Lateral";1;0;0;1;0;0;0;0;0;0;1;0;1;0;0
"15/05/2015";"03:55:00";"111";"com vítima";"53.1";"BR-050/MG";"Sul";"Queda de Moto";0;0;0;1;0;0;0;0;0;0;0;1;1;0;0
"15/05/2015";"05:51:00";"136";"com vítima";"145";"BR-050/MG";"Sul";"Saida de Pista";1;0;1;0;0;0;0;0;0;0;1;1;0;0;0
"15/05/2015";"07:48:00";"155";"sem vítima";"279";"BR-050/GO";"Norte";"Colisão Transversal";1;0;0;1;0;0;0;0;0;0;3;0;0;0;0
"16/05/2015";"01:06:00";"6";"sem vítima";"42.5";"BR-050/MG";"Sul";"Choque - Defensa, barreira ou meio fio";1;0;0;0;0;0;0;0;0;0;6;0;0;0;0
"16/05/2015";"02:36:00";"13";"com vítima";"44";"BR-050/MG";"Norte";"Colisão Traseira";2;0;0;0;0;0;0;0;0;1;1;2;0;0;0
"16/05/2015";"05:21:00";"16";"com vítima";"129.3";"BR-050/MG";"Norte";"Atropelamento - Animal";0;0;0;0;0;0;0;0;0;1;0;0;2;0;0
"16/05/2015";"10:33:00";"38";"sem vítima";"189";"BR-050/MG";"Sul";"Saida de Pista";0;0;0;0;0;0;0;0;0;1;1;0;0;0;0
"16/05/2015";"12:57:00";"59";"sem vítima";"51.4";"BR-050/MG";"Norte";"Colisão Traseira";1;0;0;0;0;0;0;0;0;0;1;0;0;0;0
"16/05/2015";"01:03:00";"60";"sem vítima";"19.5";"CT-UDI-MG";"Norte";"Choque - Defensa, barreira ou meio fio";0;0;0;0;0;0;0;0;0;1;1;0;0;0;0
"16/05/2015";"02:54:00";"74";"sem vítima";"171.8";"BR-050/MG";"Norte";"Choque - Defensa, barreira ou meio fio";1;0;0;0;0;0;0;0;0;0;1;0;0;0;0
"16/05/2015";"04:24:00";"86";"com vítima";"191.3";"BR-050/GO";"Norte";"Queda de Moto";0;0;0;1;0;0;0;0;0;0;0;0;1;0;0
"16/05/2015";"06:54:00";"108";"sem vítima";"98.5";"BR-050/GO";"Norte";"Colisão Transversal";2;0;0;0;0;0;0;0;0;0;4;0;0;0;0
"16/05/2015";"07:04:00";"110";"com vítima";"4";"BR-050/MG";"Sul";"Choque - Defensa, barreira ou meio fio";0;0;0;1;0;0;0;0;0;0;0;1;0;0;0
"16/05/2015";"08:42:00";"120";"sem vítima";"41";"BR-050/MG";"Norte";"Queda de Moto";0;0;0;1;0;0;0;0;0;0;1;0;0;0;0
"17/05/2015";"01:18:00";"5";"com vítima";"280";"BR-050/GO";"Sul";"Colisão Lateral";1;0;0;0;0;0;0;0;0;0;1;1;0;0;0
"17/05/2015";"01:48:00";"7";"sem vítima";"37.4";"BR-050/MG";"Sul";"Choque - Elemento de Drenagem";1;0;0;0;0;0;0;0;0;0;1;0;0;0;0
"18/05/2015";"05:07:00";"10";"com vítima";"232.5";"BR-050/GO";"Norte";"Capotamento";1;0;0;0;0;0;0;0;0;0;0;0;1;1;1
"18/05/2015";"06:25:00";"12";"com vítima";"161.2";"BR-050/MG";"Sul";"Choque - Suporte de Sinalização";1;0;0;0;0;0;0;0;0;0;0;1;0;0;0
"18/05/2015";"05:11:00";"91";"sem vítima";"104.9";"BR-050/MG";"Norte";"Choque - Suporte de Sinalização";0;0;0;0;0;0;0;0;0;1;2;0;0;0;0
"18/05/2015";"10:08:00";"125";"sem vítima";"41.25";"BR-050/MG";"Norte";"Choque - Defensa, barreira ou meio fio";1;0;0;0;0;0;0;0;0;0;3;0;0;0;0
"19/05/2015";"08:44:00";"36";"com vítima";"55.8";"BR-050/MG";"Sul";"Choque - Defensa, barreira ou meio fio";1;0;0;0;0;0;0;0;0;0;0;1;0;0;0
"19/05/2015";"12:28:00";"66";"sem vítima";"183.8";"BR-050/MG";"Norte";"Tombamento";0;0;0;0;0;0;0;0;0;1;4;0;0;0;0
"19/05/2015";"03:10:00";"84";"com vítima";"30.3";"BR-050/MG";"Sul";"Choque - Defensa, barreira ou meio fio";1;0;0;0;0;0;0;0;0;0;0;0;1;0;0
"19/05/2015";"11:51:00";"139";"com vítima";"98.4";"BR-050/GO";"Norte";"Queda de Ciclista";0;1;0;0;0;0;0;0;0;0;0;1;0;0;0
"20/05/2015";"04:13:00";"8";"sem vítima";"160";"BR-050/MG";"Norte";"Atropelamento - Animal";1;0;0;0;0;0;0;0;0;0;1;0;0;0;0
"20/05/2015";"12:15:00";"71";"sem vítima";"42.1";"BR-050/MG";"Sul";"Choque - Poste";1;0;0;0;0;0;0;0;0;0;4;0;0;0;0
"20/05/2015";"12:59:00";"76";"sem vítima";"178.8";"BR-050/MG";"Norte";"Colisão Lateral";2;0;0;0;0;0;0;0;0;0;3;0;0;0;0
"20/05/2015";"02:33:00";"86";"com vítima";"137";"BR-050/MG";"Sul";"Capotamento";1;0;1;0;0;0;0;0;0;0;1;0;2;0;0
"20/05/2015";"04:39:00";"98";"com vítima";"17";"BR-050/MG";"Norte";"Choque - Defensa, barreira ou meio fio";1;0;0;0;0;0;0;0;0;0;4;1;0;0;0
"20/05/2015";"05:55:00";"107";"sem vítima";"106";"BR-050/MG";"Sul";"Saida de Pista";0;0;0;0;0;0;0;0;0;1;1;0;0;0;0
"21/05/2015";"01:38:00";"2";"sem vítima";"192.5";"BR-050/MG";"Sul";"Atropelamento - Animal";0;0;1;0;0;0;0;0;0;0;1;0;0;0;0
"21/05/2015";"04:46:00";"13";"sem vítima";"271";"BR-050/GO";"Sul";"Colisão Traseira";1;0;1;0;0;0;0;0;0;0;2;0;0;0;0
"22/05/2015";"12:25:00";"73";"sem vítima";"53.3";"BR-050/MG";"Norte";"Choque - Elemento de Drenagem";1;0;0;0;0;0;0;0;0;0;1;0;0;0;0
"22/05/2015";"04:40:00";"100";"sem vítima";"280";"BR-050/GO";"Norte";"Colisão Transversal";2;0;0;0;0;0;0;0;0;0;2;0;0;0;0
"22/05/2015";"04:58:00";"104";"sem vítima";"52.4";"BR-050/MG";"Norte";"Colisão Traseira";0;0;0;0;0;0;0;0;0;2;6;0;0;0;0
"22/05/2015";"06:28:00";"111";"com vítima";"99.5";"BR-050/MG";"Sul";"Colisão Traseira";1;0;1;0;0;0;0;0;0;0;1;0;0;1;0
"22/05/2015";"06:33:00";"113";"com vítima";"0";"BR-050/MG";"Norte";"Tombamento";0;0;1;0;0;0;0;0;0;0;0;1;0;0;0
"22/05/2015";"07:36:00";"120";"sem vítima";"166.4";"BR-050/MG";"Norte";"Colisão Lateral";1;0;0;0;0;0;0;0;0;1;2;0;0;0;0
"22/05/2015";"09:34:00";"129";"sem vítima";"127.85";"BR-050/MG";"Norte";"Colisão Traseira";0;0;1;0;0;0;0;0;0;1;2;0;0;0;0
"23/05/2015";"01:03:00";"6";"com vítima";"111.8";"BR-050/MG";"Norte";"Capotamento";1;0;0;0;0;0;0;0;0;0;0;1;1;0;0
"23/05/2015";"06:23:00";"108";"com vítima";"290";"BR-050/GO";"Norte";"Saida de Pista";1;0;0;0;0;0;0;0;0;0;0;3;2;0;0
"24/05/2015";"11:16:00";"65";"sem vítima";"273";"BR-050/GO";"Norte";"Colisão Traseira";2;0;0;0;0;0;0;0;0;0;5;0;0;0;0
"25/05/2015";"05:41:00";"17";"com vítima";"110";"BR-050/GO";"Norte";"Capotamento";1;0;0;0;0;0;0;0;0;0;3;1;0;0;0
"25/05/2015";"07:29:00";"26";"sem vítima";"180.3";"BR-050/MG";"Sul";"Colisão Lateral";0;0;1;0;0;0;0;0;0;1;2;0;0;0;0
"25/05/2015";"12:14:00";"69";"com vítima";"97.8";"BR-050/MG";"Sul";"Capotamento";1;0;0;0;0;0;0;0;0;0;0;1;0;0;0
"25/05/2015";"01:56:00";"80";"sem vítima";"138.1";"BR-050/MG";"Sul";"Carreta deu L";0;0;1;0;0;0;0;0;0;0;1;0;0;0;0
"25/05/2015";"06:33:00";"111";"com vítima";"281.6";"BR-050/GO";"Norte";"Atropelamento - Animal";0;0;0;1;0;0;0;0;0;0;0;0;1;0;0
"27/05/2015";"09:18:00";"26";"com vítima";"144.1";"BR-050/GO";"Norte";"Colisão Traseira";0;0;2;0;0;0;0;0;0;0;1;1;0;0;0
"27/05/2015";"09:13:00";"119";"sem vítima";"19.2";"CT-UDI-MG";"Norte";"Choque - Defensa, barreira ou meio fio";1;0;0;0;0;0;0;0;0;0;1;0;0;0;0
"28/05/2015";"12:35:00";"64";"com vítima";"112.36";"BR-050/MG";"Sul";"Capotamento";1;0;0;0;0;0;0;0;0;0;0;0;0;1;0
"28/05/2015";"05:29:00";"94";"sem vítima";"81";"BR-050/MG";"Norte";"Colisão Lateral";1;0;1;0;0;0;0;0;0;0;2;0;0;0;0
"28/05/2015";"07:17:00";"108";"com vítima";"282";"BR-050/GO";"Sul";"Colisão Lateral";1;0;1;0;0;0;0;0;0;0;2;3;1;0;0
"28/05/2015";"07:41:00";"110";"com vítima";"40";"BR-050/MG";"Sul";"Choque - Defensa, barreira ou meio fio";1;0;0;0;0;0;0;0;0;0;1;1;0;0;0
"29/05/2015";"01:52:00";"6";"sem vítima";"34.5";"BR-050/MG";"Sul";"Tombamento";0;0;1;0;0;0;0;0;0;0;1;0;0;0;0
"29/05/2015";"05:57:00";"16";"com vítima";"282";"BR-050/GO";"Sul";"Queda de Moto";0;0;0;1;0;0;0;0;0;0;0;0;1;0;0
"29/05/2015";"11:58:00";"67";"sem vítima";"29";"BR-050/MG";"Norte";"Tombamento";0;0;1;0;0;0;0;0;0;0;1;0;0;0;0
"29/05/2015";"03:53:00";"106";"sem vítima";"282";"BR-050/GO";"Norte";"Colisão Lateral";0;0;1;1;0;0;0;0;0;0;3;0;0;0;0
"29/05/2015";"05:00:00";"117";"sem vítima";"178";"BR-050/MG";"Sul";"Capotamento";0;0;0;0;0;0;0;0;0;1;1;0;0;0;0
"30/05/2015";"04:47:00";"13";"com vítima";"128";"BR-050/GO";"Sul";"Capotamento";0;0;1;0;0;0;0;0;0;0;0;0;1;0;0
"30/05/2015";"03:15:00";"81";"com vítima";"172";"BR-050/MG";"Norte";"Choque - Defensa, barreira ou meio fio";0;0;1;0;0;0;0;0;0;0;1;0;1;0;0
"30/05/2015";"08:10:00";"130";"sem vítima";"200";"BR-050/GO";"Sul";"Saida de Pista";1;0;0;0;0;0;0;0;0;0;2;0;0;0;0
"31/05/2015";"03:03:00";"68";"sem vítima";"55.8";"BR-050/MG";"Sul";"Colisão Traseira";1;0;0;0;0;0;0;0;0;0;4;0;0;0;0
"31/05/2015";"04:46:00";"83";"sem vítima";"245.7";"BR-050/GO";"Norte";"Colisão Frontal";0;0;0;1;0;1;0;0;0;0;2;0;0;0;0
"31/05/2015";"05:38:00";"92";"com vítima";"280.6";"BR-050/GO";"Norte";"Colisão Lateral";1;0;0;1;0;0;0;0;0;0;1;1;0;0;0
"31/05/2015";"06:05:00";"96";"com vítima";"199.5";"BR-050/MG";"Norte";"Choque - Defensa, barreira ou meio fio";1;0;0;0;0;0;0;0;0;0;0;0;1;0;0
"01/06/2015";"05:51:00";"10";"sem vítima";"105";"BR-050/MG";"Norte";"Colisão Traseira";0;0;2;0;0;0;0;0;0;0;2;0;0;0;0
"01/06/2015";"04:05:00";"74";"com vítima";"143.7";"BR-050/MG";"Sul";"Capotamento";0;0;0;0;0;0;0;0;0;1;0;0;1;0;0
"02/06/2015";"04:53:00";"13";"com vítima";"2.15";"BR-050/MG";"Norte";"Tombamento";0;0;1;0;0;0;0;0;0;0;0;1;0;0;0
"02/06/2015";"03:52:00";"102";"com vítima";"145";"BR-050/MG";"Sul";"Saida de Pista";1;0;0;0;0;0;0;0;0;0;0;0;1;0;0
"02/06/2015";"05:09:00";"108";"sem vítima";"207";"BR-050/MG";"Sul";"Choque - Defensa, barreira ou meio fio";1;0;0;0;0;0;0;0;0;0;2;0;0;0;0
"02/06/2015";"05:13:00";"109";"sem vítima";"25";"BR-050/MG";"Norte";"Choque - Suporte de Sinalização";0;0;0;0;0;0;0;0;0;1;1;0;0;0;0
"02/06/2015";"08:07:00";"127";"sem vítima";"273";"BR-050/GO";"Sul";"Engavetamento";2;0;0;0;0;0;0;0;0;1;6;0;0;0;0
"03/06/2015";"05:53:00";"11";"sem vítima";"176.9";"BR-050/GO";"Sul";"Capotamento";1;0;0;0;0;0;0;0;0;0;1;0;0;0;0
"03/06/2015";"06:37:00";"14";"com vítima";"65.3";"BR-050/MG";"Sul";"Colisão Lateral";0;0;1;1;0;0;0;0;0;0;1;0;1;0;0
"03/06/2015";"07:09:00";"18";"sem vítima";"65.1";"BR-050/MG";"Sul";"Colisão Traseira";1;0;0;0;0;0;0;0;0;1;3;0;0;0;0
"03/06/2015";"03:33:00";"81";"sem vítima";"186.4";"BR-050/MG";"Norte";"Choque - Defensa, barreira ou meio fio";0;0;0;0;0;0;0;0;0;1;1;0;0;0;0
"03/06/2015";"05:36:00";"102";"sem vítima";"168.2";"BR-050/GO";"Sul";"Saida de Pista";1;0;0;0;0;0;0;0;0;0;3;0;0;0;0
"03/06/2015";"07:48:00";"122";"sem vítima";"172.8";"BR-050/MG";"Sul";"Tombamento";0;0;1;0;0;0;0;0;0;0;1;0;0;0;0
"03/06/2015";"11:29:00";"143";"com vítima";"131.2";"BR-050/MG";"Norte";"Colisão Traseira";0;0;2;0;0;0;0;0;0;0;1;0;0;1;0
"04/06/2015";"12:00:00";"73";"sem vítima";"6.3";"BR-050/MG";"Sul";"Saida de Pista";1;0;0;0;0;0;0;0;0;0;1;0;0;0;0
"04/06/2015";"03:54:00";"106";"sem vítima";"33.9";"BR-050/MG";"Sul";"Saida de Pista";2;0;0;0;0;0;0;0;0;0;4;0;0;0;0
"05/06/2015";"08:31:00";"36";"sem vítima";"85.4";"BR-050/MG";"Norte";"Saida de Pista";0;0;0;1;0;0;0;0;0;0;1;0;0;0;0
"05/06/2015";"07:48:00";"133";"sem vítima";"41.7";"BR-050/MG";"Norte";"Choque - Defensa, barreira ou meio fio";1;0;0;0;0;0;0;0;0;0;1;0;0;0;0
"05/06/2015";"08:57:00";"138";"com vítima";"45";"BR-050/MG";"Sul";"Colisão Lateral";0;0;0;1;0;0;0;0;0;1;4;0;2;0;0
"06/06/2015";"06:40:00";"21";"com vítima";"122.5";"BR-050/MG";"Norte";"Capotamento";1;0;0;0;0;0;0;0;0;0;0;0;0;4;0
"06/06/2015";"07:09:00";"23";"com vítima";"186";"BR-050/MG";"Norte";"Queda de Moto";0;0;0;1;0;0;0;0;0;0;0;1;0;0;0
"06/06/2015";"08:38:00";"122";"sem vítima";"29.2";"BR-050/MG";"Norte";"Choque - Elemento de Drenagem";1;0;0;0;0;0;0;0;0;0;1;0;0;0;0
"07/06/2015";"01:15:00";"3";"sem vítima";"8";"CT-UDI-MG";"Sul";"Choque - Defensa, barreira ou meio fio";1;0;0;0;0;0;0;0;0;0;1;0;0;0;0
"07/06/2015";"11:02:00";"52";"sem vítima";"280.8";"BR-050/GO";"Norte";"Colisão Traseira";1;0;0;0;0;0;0;0;0;1;2;0;0;0;0
"07/06/2015";"05:04:00";"111";"com vítima";"307.17";"BR-050/GO";"Sul";"Capotamento";1;0;0;0;0;0;0;0;0;0;0;2;1;0;0
"07/06/2015";"06:01:00";"125";"com vítima";"157";"BR-050/MG";"Sul";"Capotamento";1;0;0;0;0;0;0;0;0;0;0;0;0;2;0
"07/06/2015";"06:05:00";"126";"com vítima";"180.2";"BR-050/MG";"Norte";"Colisão Lateral";1;1;0;0;0;0;0;0;0;0;1;0;0;0;1
"07/06/2015";"08:24:00";"154";"com vítima";"123.4";"BR-050/GO";"Norte";"Capotamento";0;0;0;0;0;0;0;0;0;1;0;2;0;0;0
"07/06/2015";"09:12:00";"165";"com vítima";"187";"BR-050/GO";"Sul";"Capotamento";1;0;0;0;0;0;0;0;0;0;1;2;0;0;0
"08/06/2015";"01:05:00";"6";"com vítima";"47.38";"BR-050/MG";"Sul";"Colisão Lateral";1;0;1;0;0;0;0;0;0;0;1;0;1;0;0
"08/06/2015";"07:09:00";"24";"com vítima";"179.9";"BR-050/MG";"Norte";"Queda de Moto";0;0;0;1;0;0;0;0;0;0;0;0;1;0;0
"09/06/2015";"08:14:00";"25";"com vítima";"158.26";"BR-050/MG";"Norte";"Queda de Moto";0;0;0;1;0;0;0;0;0;0;0;0;2;0;0
"09/06/2015";"12:44:00";"55";"com vítima";"198";"BR-050/MG";"Sul";"Choque - Veiculo parado na pista";0;0;2;0;0;0;0;0;0;0;1;0;1;0;0
"09/06/2015";"12:58:00";"57";"com vítima";"100.1";"BR-050/GO";"Norte";"Capotamento";1;0;0;0;0;0;0;0;0;0;0;1;0;1;0
"10/06/2015";"12:05:00";"62";"sem vítima";"180.7";"BR-050/GO";"Sul";"Colisão Lateral";0;0;1;0;0;0;0;0;0;1;4;0;0;0;0
"10/06/2015";"04:32:00";"111";"com vítima";"182.2";"BR-050/MG";"Sul";"Colisão Lateral";0;1;0;1;0;0;0;0;0;0;1;1;0;0;0
"10/06/2015";"05:18:00";"116";"com vítima";"18";"CT-UDI-MG";"Norte";"Colisão Traseira";0;0;0;1;0;1;0;0;0;0;1;0;0;1;0
"10/06/2015";"09:54:00";"147";"com vítima";"250";"BR-050/GO";"Sul";"Colisão Traseira";1;0;1;0;0;0;0;0;0;0;2;1;0;0;0
"11/06/2015";"09:02:00";"31";"sem vítima";"280.5";"BR-050/GO";"Norte";;0;0;0;1;0;0;0;0;0;0;1;0;0;0;0
"11/06/2015";"02:09:00";"81";"com vítima";"183.42";"BR-050/MG";"Sul";"Colisão Traseira";0;0;0;1;0;0;0;0;0;1;1;0;2;0;0
"12/06/2015";"09:25:00";"55";"sem vítima";"100.8";"BR-050/MG";"Sul";"Tombamento";0;0;1;0;0;0;0;0;0;0;1;0;0;0;0
"12/06/2015";"10:14:00";"59";"sem vítima";"172";"BR-050/MG";"Sul";"Choque - Suporte de Sinalização";1;0;0;0;0;0;0;0;0;0;1;0;0;0;0
"12/06/2015";"12:27:00";"76";"com vítima";"235.4";"BR-050/GO";"Sul";"Capotamento";1;0;0;0;0;0;0;0;0;0;0;1;0;1;0
"12/06/2015";"03:48:00";"105";"sem vítima";"280";"BR-050/GO";"Sul";"Choque - Veiculo parado no acostamento";0;0;1;0;0;0;0;0;0;1;3;0;0;0;0
"12/06/2015";"04:42:00";"116";"com vítima";"168.8";"BR-050/MG";"Sul";"Choque - Defensa, barreira ou meio fio";0;0;0;1;0;0;0;0;0;0;0;2;0;0;0
"12/06/2015";"06:39:00";"140";"sem vítima";"288";"BR-050/GO";"Sul";"Colisão Traseira";0;0;1;0;0;0;0;0;0;1;2;0;0;0;0
"12/06/2015";"06:52:00";"142";"sem vítima";"41.4";"BR-050/MG";"Sul";"Choque - Defensa, barreira ou meio fio";1;0;0;0;0;0;0;0;0;0;5;0;0;0;0
"12/06/2015";"09:39:00";"155";"com vítima";"13";"BR-050/MG";"Norte";"Objeto lançado contra veículo";1;0;0;0;0;0;0;0;0;0;2;2;0;0;0
"12/06/2015";"10:46:00";"160";"sem vítima";"56.4";"BR-050/MG";"Sul";"Queda de Moto";0;0;0;1;0;0;0;0;0;0;1;0;0;0;0
"13/06/2015";"07:07:00";"25";"sem vítima";"20.4";"CT-UDI-MG";"Sul";"Colisão Traseira";1;0;0;0;1;0;0;0;0;0;12;0;0;0;0
"13/06/2015";"11:10:00";"63";"sem vítima";"112.7";"BR-050/GO";"Norte";"Saida de Pista";1;0;0;0;0;0;0;0;0;0;1;0;0;0;0
"13/06/2015";"04:09:00";"108";"sem vítima";"206.5";"BR-050/MG";"Sul";"Colisão Traseira";1;0;0;0;1;0;0;0;0;0;37;0;0;0;0
"13/06/2015";"07:19:00";"134";"com vítima";"197.1";"BR-050/GO";"Norte";"Colisão Frontal";0;0;0;1;1;0;0;0;0;0;35;0;0;0;1
"13/06/2015";"11:24:00";"157";"com vítima";"58.6";"BR-050/MG";"Sul";"Choque - Arvore";1;0;0;0;0;0;0;0;0;0;0;0;1;0;0
"14/06/2015";"06:41:00";"115";"com vítima";"311";"BR-050/GO";"Sul";"Queda de Moto";0;0;0;1;0;0;0;0;0;0;1;1;0;0;0
"14/06/2015";"07:14:00";"119";"com vítima";"273";"BR-050/GO";"Sul";"Choque - Suporte de Sinalização";0;0;0;1;0;0;0;0;0;0;0;1;0;0;0
"15/06/2015";"01:22:00";"3";"sem vítima";"173.4";"BR-050/MG";"Norte";"Choque - Elemento de Drenagem";1;0;0;0;0;0;0;0;0;0;3;0;0;0;0
"15/06/2015";"02:46:00";"86";"sem vítima";"193.06";"BR-050/MG";"Sul";"Colisão Traseira";2;0;0;0;0;0;0;0;0;0;3;0;0;0;0
"16/06/2015";"12:58:00";"65";"com vítima";"56.3";"BR-050/MG";"Sul";"Capotamento";1;0;0;0;0;0;0;0;0;0;1;0;1;0;0
"16/06/2015";"04:48:00";"96";"sem vítima";"284.04";"BR-050/GO";"Norte";"Choque - Veiculo parado no acostamento";0;1;0;0;0;0;0;0;0;1;2;0;0;0;0
"17/06/2015";"05:57:00";"19";"com vítima";"171.7";"BR-050/MG";"Sul";"Tombamento";0;0;1;0;0;0;0;0;0;0;0;0;1;0;0
"17/06/2015";"08:44:00";"38";"com vítima";"118.7";"BR-050/GO";"Sul";"Queda de Moto";0;0;0;1;0;0;0;0;0;0;0;0;1;0;0
"17/06/2015";"09:46:00";"49";"com vítima";"200.4";"BR-050/MG";"Norte";"Capotamento";0;0;0;0;0;0;0;0;0;1;0;0;1;0;0
"17/06/2015";"10:31:00";"148";"sem vítima";"190.5";"BR-050/MG";"Norte";"Colisão Traseira";0;0;2;0;0;0;0;0;0;0;2;0;0;0;0
"18/06/2015";"01:38:00";"83";"com vítima";"163.3";"BR-050/MG";"Norte";"Capotamento";1;0;0;0;0;0;0;0;0;0;0;0;1;0;0
"18/06/2015";"05:51:00";"112";"sem vítima";"180";"BR-050/MG";"Sul";"Engavetamento";3;0;0;0;0;0;0;0;0;0;4;0;0;0;0
"18/06/2015";"10:24:00";"159";"com vítima";"252";"BR-050/GO";"Norte";"Atropelamento - Andarilho";0;0;0;0;1;0;0;0;0;0;23;0;0;0;1
"18/06/2015";"11:05:00";"153";"sem vítima";"187.6";"BR-050/MG";"Sul";"Colisão Traseira";0;0;2;0;0;0;0;0;0;0;2;0;0;0;0
"19/06/2015";"01:24:00";"63";"sem vítima";"207";"BR-050/MG";"Norte";"Choque - Defensa, barreira ou meio fio";1;0;0;0;0;0;0;0;0;0;1;0;0;0;0
"19/06/2015";"01:44:00";"68";"sem vítima";"25";"BR-050/MG";"Sul";"Choque - Suporte de Sinalização";1;0;0;0;0;0;0;0;0;0;2;0;0;0;0
"19/06/2015";"01:44:00";"73";"sem vítima";"25";"BR-050/MG";"Sul";"Choque - Defensa, barreira ou meio fio";0;0;0;0;0;0;0;0;0;1;1;0;0;0;0
"19/06/2015";"07:32:00";"123";"com vítima";"269.8";"BR-050/GO";"Norte";"Colisão Traseira";2;0;0;1;0;0;0;0;0;0;4;0;0;1;0
"20/06/2015";"01:30:00";"8";"sem vítima";"172.97";"BR-050/MG";"Norte";"Atropelamento - Animal";1;0;0;0;0;0;0;0;0;0;1;0;0;0;0
"20/06/2015";"04:05:00";"16";"com vítima";"160.2";"BR-050/MG";"Norte";"Colisão Traseira";1;0;0;0;1;0;0;0;0;0;17;0;0;1;0
"20/06/2015";"06:56:00";"25";"com vítima";"262.95";"BR-050/GO";"Sul";"Colisão Transversal";2;0;0;0;0;0;0;0;0;0;0;1;1;0;0
"20/06/2015";"08:20:00";"34";"sem vítima";"42.3";"BR-050/MG";"Norte";"Colisão Traseira";1;0;0;0;0;0;0;0;0;1;2;0;0;0;0
"20/06/2015";"10:10:00";"45";"sem vítima";"303";"BR-050/GO";"Sul";"Capotamento";1;0;0;0;0;0;0;0;0;0;1;0;0;0;0
"20/06/2015";"04:01:00";"86";"com vítima";"124.04";"BR-050/MG";"Sul";"Colisão Transversal";2;0;0;0;0;0;0;0;0;0;0;1;1;0;0
"20/06/2015";"06:29:00";"106";"com vítima";"111.58";"BR-050/MG";"Norte";"Capotamento";1;0;0;0;0;0;0;0;0;0;0;3;0;0;0
"21/06/2015";"02:56:00";"13";"com vítima";"103.08";"BR-050/MG";"Norte";"Capotamento";0;0;0;0;0;0;0;0;0;1;0;1;0;0;0
"21/06/2015";"05:00:00";"23";"sem vítima";"170.5";"BR-050/MG";"Sul";"Capotamento";1;0;0;0;0;0;0;0;0;0;3;0;0;0;0