data;horario;n_da_ocorrencia;tipo_de_ocorrencia;km;trecho;sentido;tipo_de_acidente;automovel;bicicleta;caminhao;moto;onibus;outros;tracao_animal;transporte_de_cargas_especiais;trator_maquinas;utilitarios;ilesos;levemente_feridos;moderadamente_feridos;gravemente_feridos;mortos
"09/08/2015";"06:18:00";"140";"com vítima";"35.35";"BR-050/MG";"Sul";"Capotamento";1;0;0;0;0;0;0;0;0;0;1;1;3;0;0
"09/08/2015";"09:41:00";"204";"com vítima";"242.7";"BR-050/GO";"Sul";"Capotamento";1;0;0;0;0;0;0;0;0;0;1;1;0;1;0
"10/08/2015";"04:06:00";"153";"com vítima";"1.3";"BR-050/MG";"Norte";"Choque - Defensa, barreira ou meio fio";0;0;1;0;0;0;0;0;0;0;0;1;0;0;0
"10/08/2015";"08:42:00";"243";"sem vítima";"281";"BR-050/GO";"Norte";"Colisão Traseira";0;0;2;0;0;0;0;0;0;0;2;0;0;0;0
"11/08/2015";"04:57:00";"162";"com vítima";"246.2";"BR-050/GO";"Norte";"Colisão Transversal";0;0;1;1;0;0;0;0;0;0;1;1;0;0;0
"11/08/2015";"09:49:00";"219";"sem vítima";"219.5";"BR-050/GO";"Sul";"Atropelamento - Animal";0;0;1;0;0;0;0;0;0;0;1;0;0;0;0
"12/08/2015";"12:42:00";"138";"sem vítima";"0.6";"BR-050/MG";"Norte";"Tombamento";0;0;1;0;0;0;0;0;0;0;1;0;0;0;0
"12/08/2015";"08:55:00";"255";"com vítima";"77";"BR-050/MG";"Norte";"Choque - Defensa, barreira ou meio fio";0;0;0;1;0;0;0;0;0;0;0;0;2;0;0
"13/08/2015";"08:42:00";"264";"com vítima";"137.8";"BR-050/GO";"Norte";"Choque - Objeto sobre a pista";0;0;0;1;0;0;0;0;0;0;0;1;0;0;0
"14/08/2015";"10:20:00";"89";"com vítima";"4";"BR-050/MG";"Sul";"Choque - Defensa, barreira ou meio fio";0;0;0;1;0;0;0;0;0;0;0;1;0;0;0
"14/08/2015";"07:57:00";"228";"com vítima";"281.2";"BR-050/GO";"Sul";"Colisão Traseira";1;0;0;1;0;0;0;0;0;0;1;1;0;0;0
"14/08/2015";"11:58:00";"263";"com vítima";"174.8";"BR-050/MG";"Sul";"Choque - Defensa, barreira ou meio fio";0;0;0;0;0;0;0;0;0;1;1;0;1;0;0
"15/08/2015";"05:51:00";"17";"com vítima";"191.2";"BR-050/MG";"Sul";"Colisão Traseira";1;0;0;1;0;0;0;0;0;0;1;1;0;0;0
"15/08/2015";"10:38:00";"94";"com vítima";"306.2";"BR-050/GO";"Sul";"Choque - Defensa, barreira ou meio fio";0;0;1;0;0;0;0;0;0;0;0;1;1;0;0
"15/08/2015";"05:32:00";"169";"sem vítima";"39";"BR-050/MG";"Sul";"Capotamento";1;0;0;0;0;0;0;0;0;0;4;0;0;0;0
"15/08/2015";"05:56:00";"174";"com vítima";"172.6";"BR-050/MG";"Norte";"Queda de Moto";0;0;0;1;0;0;0;0;0;0;0;0;1;0;0
"15/08/2015";"08:44:00";"221";"com vítima";"97.3";"BR-050/GO";"Sul";"Colisão Frontal";2;0;0;0;0;0;0;0;0;0;2;1;0;0;0
"15/08/2015";"08:54:00";"222";"com vítima";"77.9";"BR-050/MG";"Sul";"Colisão Traseira";2;0;0;0;0;0;0;0;0;0;1;0;2;0;0
"16/08/2015";"05:23:00";"123";"com vítima";"265.1";"BR-050/GO";"Norte";"Colisão Transversal";0;0;0;1;0;0;0;0;0;1;1;2;0;1;1
"16/08/2015";"05:50:00";"129";"sem vítima";"243";"BR-050/GO";"Norte";"Colisão Traseira";1;0;0;1;0;0;0;0;0;0;2;0;0;0;0
"17/08/2015";"07:01:00";"35";"com vítima";"113.73";"BR-050/MG";"Norte";"Capotamento";1;0;0;0;0;0;0;0;0;0;1;0;3;0;0
"17/08/2015";"11:03:00";"96";"sem vítima";"29.6";"BR-050/MG";"Norte";"Tombamento";0;0;1;0;0;0;0;0;0;0;1;0;0;0;0
"17/08/2015";"06:00:00";"163";"com vítima";"96.5";"BR-050/MG";"Norte";"Colisão Lateral";1;0;1;0;0;0;0;0;0;0;1;1;0;0;0
"17/08/2015";"07:09:00";"179";"com vítima";"279";"BR-050/GO";"Norte";"Colisão Transversal";1;0;0;1;0;0;0;0;0;0;2;1;0;0;0
"17/08/2015";"09:40:00";"215";"sem vítima";"196.4";"BR-050/MG";"Norte";"Colisão Traseira";0;0;2;0;0;0;0;0;0;0;2;0;0;0;0
"18/08/2015";"06:04:00";"24";"com vítima";"64.5";"BR-050/MG";"Sul";"Queda de Moto";0;0;0;1;0;0;0;0;0;0;0;1;0;0;0
"19/08/2015";"06:36:00";"22";"com vítima";"93";"BR-050/MG";"Sul";"Tombamento";0;0;0;0;0;0;0;0;0;1;8;4;0;0;0
"19/08/2015";"06:25:00";"204";"com vítima";"279";"BR-050/GO";"Norte";"Colisão Transversal";1;0;0;1;0;0;0;0;0;0;1;0;0;1;0
"19/08/2015";"10:46:00";"251";"sem vítima";"41.6";"BR-050/MG";"Sul";"Queda de Moto";0;0;0;1;0;0;0;0;0;0;2;0;0;0;0
"20/08/2015";"07:44:00";"60";"sem vítima";"62";"BR-050/MG";"Norte";"Saida de Pista";0;0;0;0;0;0;0;0;0;1;1;0;0;0;0
"21/08/2015";"01:47:00";"167";"com vítima";"280.5";"BR-050/GO";"Sul";"Colisão Transversal";1;0;0;1;0;0;0;0;0;0;1;1;0;0;0
"21/08/2015";"07:18:00";"263";"com vítima";"283";"BR-050/GO";"Norte";"Colisão Lateral";2;0;0;0;0;0;0;0;0;0;0;2;1;1;0
"21/08/2015";"08:56:00";"282";"com vítima";"183.95";"BR-050/MG";"Sul";"Choque - Defensa, barreira ou meio fio";1;0;0;0;0;0;0;0;0;0;1;1;0;0;0
"21/08/2015";"11:36:00";"303";"sem vítima";"162";"BR-050/MG";"Sul";"Capotamento";1;0;0;0;0;0;0;0;0;0;1;0;0;0;0
"22/08/2015";"05:41:00";"19";"sem vítima";"180";"BR-050/MG";"Sul";"Choque - Defensa, barreira ou meio fio";1;0;0;0;0;0;0;0;0;0;1;0;0;0;0
"23/08/2015";"05:09:00";"14";"com vítima";"111.72";"BR-050/MG";"Norte";"Colisão Lateral";1;0;0;0;0;0;0;0;0;0;1;0;1;0;0
"23/08/2015";"07:29:00";"53";"com vítima";"124.3";"BR-050/MG";"Norte";"Capotamento";1;0;0;0;0;0;0;0;0;0;0;2;0;0;0
"23/08/2015";"11:37:00";"91";"com vítima";"109";"BR-050/GO";"Norte";"Capotamento";1;0;0;0;0;0;0;0;0;0;0;0;3;0;0
"23/08/2015";"05:57:00";"150";"sem vítima";"48.1";"BR-050/MG";"Norte";"Choque - Defensa, barreira ou meio fio";1;0;0;0;0;0;0;0;0;0;5;0;0;0;0
"24/08/2015";"01:51:00";"163";"com vítima";"109.3";"BR-050/MG";"Norte";"Capotamento";1;0;0;0;0;0;0;0;0;0;0;0;0;1;0
"25/08/2015";"11:17:00";"140";"sem vítima";"176.4";"BR-050/MG";"Norte";"Tombamento";0;0;1;0;0;0;0;0;0;0;1;0;0;0;0
"25/08/2015";"05:00:00";"191";"sem vítima";"279.5";"BR-050/GO";"Sul";"Colisão Transversal";2;0;0;0;0;0;0;0;0;0;3;0;0;0;0
"25/08/2015";"05:22:00";"200";"sem vítima";"182.5";"BR-050/MG";"Norte";"Colisão Traseira";0;0;0;1;0;1;0;0;0;0;2;0;0;0;0
"27/08/2015";"02:22:00";"10";"sem vítima";"205.4";"BR-050/GO";"Norte";"Atropelamento - Animal";0;0;1;0;0;0;0;0;0;0;1;0;0;0;0
"27/08/2015";"08:51:00";"110";"sem vítima";"15.6";"BR-050/MG";"Norte";"Saida de Pista";1;0;0;0;0;0;0;0;0;0;1;0;0;0;0
"27/08/2015";"11:06:00";"151";"com vítima";"109.95";"BR-050/GO";"Norte";"Choque - Defensa, barreira ou meio fio";1;0;0;0;0;0;0;0;0;0;0;1;1;0;0
"27/08/2015";"11:12:00";"152";"sem vítima";"128";"BR-050/MG";"Norte";"Colisão Lateral";1;0;1;0;0;0;0;0;0;0;3;0;0;0;0
"27/08/2015";"04:58:00";"206";"com vítima";"148";"BR-050/MG";"Sul";"Capotamento";1;0;0;0;0;0;0;0;0;0;0;0;1;0;0
"27/08/2015";"06:34:00";"225";"sem vítima";"178.75";"BR-050/MG";"Norte";"Colisão Traseira";1;0;1;0;0;0;0;0;0;0;3;0;0;0;0
"27/08/2015";"06:46:00";"227";"sem vítima";"179.8";"BR-050/MG";"Norte";"Colisão Traseira";2;0;0;0;0;0;0;0;0;0;3;0;0;0;0
"28/08/2015";"01:58:00";"160";"com vítima";"6";"BR-050/MG";"Norte";"Capotamento";1;0;0;0;0;0;0;0;0;0;0;0;1;0;0
"29/08/2015";"01:07:00";"5";"sem vítima";"92.474";"BR-050/MG";"Sul";"Choque - Defensa, barreira ou meio fio";0;0;1;0;0;0;0;0;0;0;1;0;0;0;0
"29/08/2015";"03:53:00";"18";"com vítima";"176.8";"BR-050/MG";"Sul";"Capotamento";1;0;0;0;0;0;0;0;0;0;0;0;1;0;0
"29/08/2015";"08:19:00";"241";"sem vítima";"0.1";"BR-050/MG";"Norte";"Capotamento";1;0;0;0;0;0;0;0;0;0;1;0;0;0;0
"29/08/2015";"10:43:00";"256";"sem vítima";"144.3";"BR-050/GO";"Sul";"Colisão Lateral";1;0;0;0;1;0;0;0;0;0;22;0;0;0;0
"30/08/2015";"09:49:00";"221";"sem vítima";"155.4";"BR-050/MG";"Norte";"Choque - Elemento de Drenagem";1;0;0;0;0;0;0;0;0;0;1;0;0;0;0
"31/08/2015";"04:05:00";"10";"com vítima";"35.15";"BR-050/MG";"Sul";"Capotamento";1;0;0;0;0;0;0;0;0;0;0;0;0;2;0
"31/08/2015";"04:11:00";"12";"sem vítima";"28";"BR-050/MG";"Norte";"Saida de Pista";1;0;0;0;0;0;0;0;0;0;3;0;0;0;0
"31/08/2015";"04:15:00";"13";"com vítima";"39.2";"BR-050/MG";"Sul";"Capotamento";0;0;0;0;0;0;0;0;0;1;0;2;0;0;0
"31/08/2015";"03:52:00";"151";"sem vítima";"152.12";"BR-050/MG";"Sul";"Colisão Traseira";0;0;1;0;0;0;0;0;0;1;3;0;0;0;0
"31/08/2015";"04:06:00";"153";"sem vítima";"2.2";"BR-050/MG";"Sul";"Saida de Pista";1;0;0;0;0;0;0;0;0;0;4;0;0;0;0
"31/08/2015";"09:25:00";"216";"sem vítima";"52.09";"BR-050/MG";"Sul";"Choque - Elemento de Drenagem";1;0;0;0;0;0;0;0;0;0;1;0;0;0;0
"01/09/2015";"12:56:00";"4";"com vítima";"38.2";"BR-050/MG";"Sul";"Saida de Pista";1;0;0;0;0;0;0;0;0;0;1;1;0;0;0
"01/09/2015";"03:12:00";"169";"sem vítima";"79.18";"BR-050/MG";"Sul";"Capotamento";1;0;0;0;0;0;0;0;0;0;1;0;0;0;0
"01/09/2015";"10:40:00";"283";"com vítima";"35.05";"BR-050/MG";"Sul";"Choque - Elemento de Drenagem";1;0;0;0;0;0;0;0;0;0;0;1;0;0;0
"02/09/2015";"12:13:00";"1";"com vítima";"49.9";"BR-050/MG";"Norte";"Atropelamento - Andarilho";0;0;1;0;0;0;0;0;0;0;3;0;0;0;1
"02/09/2015";"02:40:00";"14";"sem vítima";"140.44";"BR-050/GO";"Norte";"Colisão Traseira";0;0;2;0;0;0;0;0;0;0;2;0;0;0;0
"02/09/2015";"04:18:00";"23";"sem vítima";"263";"BR-050/GO";"Sul";"Saida de Pista";0;0;0;0;0;0;0;0;0;1;4;0;0;0;0
"02/09/2015";"06:53:00";"44";"com vítima";"274";"BR-050/GO";"Norte";"Colisão Transversal";1;0;0;1;0;0;0;0;0;0;1;2;0;0;0
"02/09/2015";"06:49:00";"230";"com vítima";"171.3";"BR-050/MG";"Sul";"Colisão Traseira";1;0;1;0;0;0;0;0;0;0;1;0;1;1;0
"03/09/2015";"07:35:00";"69";"sem vítima";"170.6";"BR-050/MG";"Norte";"Colisão Traseira";1;0;1;0;0;0;0;0;0;0;5;0;0;0;0
"03/09/2015";"06:43:00";"232";"sem vítima";"61";"BR-050/MG";"Norte";"Choque - Defensa, barreira ou meio fio";1;0;0;0;0;0;0;0;0;0;1;0;0;0;0
"03/09/2015";"09:09:00";"282";"sem vítima";"29";"BR-050/MG";"Sul";"Colisão Traseira";0;0;2;0;0;0;0;0;0;0;3;0;0;0;0
"04/09/2015";"10:43:00";"154";"sem vítima";"81";"BR-050/MG";"Sul";"Queda de Moto";0;0;0;1;0;0;0;0;0;0;1;0;0;0;0
"04/09/2015";"10:52:00";"158";"sem vítima";"231";"BR-050/GO";"Sul";"Tombamento";0;0;1;0;0;0;0;0;0;0;1;0;0;0;0
"04/09/2015";"04:22:00";"228";"com vítima";"102.3";"BR-050/MG";"Sul";"Tombamento";0;0;0;0;0;0;0;0;0;1;1;1;0;0;0
"04/09/2015";"08:42:00";"311";"sem vítima";"60.5";"BR-050/MG";"Norte";"Colisão Traseira";0;0;2;0;0;0;0;0;0;0;3;0;0;0;0
"05/09/2015";"06:42:00";"227";"com vítima";"280";"BR-050/GO";"Sul";"Colisão Lateral";1;1;0;0;0;0;0;0;0;0;1;1;0;0;0
"05/09/2015";"08:26:00";"261";"com vítima";"256";"BR-050/GO";"Norte";"Atropelamento - Animal";1;0;0;0;0;0;0;0;0;0;4;1;0;0;0
"06/09/2015";"07:23:00";"185";"com vítima";"273";"BR-050/GO";"Sul";"Capotamento";1;0;0;0;0;0;0;0;0;0;0;0;1;0;0
"07/09/2015";"06:53:00";"37";"sem vítima";"113.3";"BR-050/MG";"Sul";"Saida de Pista";1;0;0;0;0;0;0;0;0;0;1;0;0;0;0
"07/09/2015";"10:07:00";"94";"sem vítima";"154.49";"BR-050/MG";"Norte";"Capotamento";1;0;0;0;0;0;0;0;0;0;1;0;0;0;0
"07/09/2015";"02:21:00";"129";"com vítima";"80.1";"BR-050/MG";"Sul";"Queda de Moto";0;0;0;1;0;0;0;0;0;0;0;0;1;0;0
"08/09/2015";"05:57:00";"22";"com vítima";"89.5";"BR-050/MG";"Norte";"Colisão Lateral";0;0;0;1;0;0;0;0;0;1;1;0;1;0;0
"08/09/2015";"09:19:00";"99";"com vítima";"180";"BR-050/MG";"Norte";"Colisão Lateral";0;0;0;1;0;0;0;0;0;1;1;1;0;0;0
"08/09/2015";"01:59:00";"141";"com vítima";"25.1";"BR-050/MG";"Sul";"Saida de Pista";1;0;0;0;0;0;0;0;0;0;2;1;0;0;0
"08/09/2015";"06:24:00";"192";"sem vítima";"161.8";"BR-050/MG";"Norte";"Carreta deu L";0;0;1;0;0;0;0;0;0;0;1;0;0;0;0
"08/09/2015";"09:46:00";"241";"sem vítima";"16.4";"CT-UDI-MG";"Norte";"Capotamento";1;0;0;0;0;0;0;0;0;0;5;0;0;0;0
"09/09/2015";"08:12:00";"79";"com vítima";"6";"BR-050/MG";"Norte";"Capotamento";1;0;1;0;0;0;0;0;0;0;1;1;0;0;0
"09/09/2015";"03:52:00";"167";"sem vítima";"177.6";"BR-050/MG";"Sul";"Colisão Traseira";0;0;2;0;0;0;0;0;0;0;2;0;0;0;0
"10/09/2015";"05:30:00";"28";"sem vítima";"2";"BR-050/MG";"Sul";"Choque - Suporte de Sinalização";0;0;1;0;0;0;0;0;0;0;1;0;0;0;0
"10/09/2015";"04:13:00";"155";"com vítima";"199";"BR-050/GO";"Sul";"Colisão Transversal";1;0;1;0;0;0;0;0;0;0;3;0;0;1;0
"11/09/2015";"11:37:00";"158";"com vítima";"177.3";"BR-050/MG";"Norte";"Capotamento";0;0;0;0;0;0;0;0;0;1;0;1;0;0;0
"11/09/2015";"11:42:00";"161";"sem vítima";"192.5";"BR-050/MG";"Norte";"Choque - Defensa, barreira ou meio fio";0;0;0;0;0;0;0;0;0;1;1;0;0;0;0
"11/09/2015";"06:59:00";"237";"sem vítima";"129.62";"BR-050/MG";"Norte";"Saida de Pista";1;0;0;0;0;0;0;0;0;0;1;0;0;0;0
"11/09/2015";"10:07:00";"280";"com vítima";"140.75";"BR-050/GO";"Sul";"Capotamento";0;0;0;0;0;0;0;0;0;1;0;0;1;0;0
"12/09/2015";"05:35:00";"10";"com vítima";"78.34";"BR-050/MG";"Norte";"Colisão Traseira";0;0;3;0;0;0;0;0;0;0;1;0;1;1;0
"12/09/2015";"07:20:00";"44";"sem vítima";"135.5";"BR-050/GO";"Sul";"Colisão Traseira";1;0;1;0;0;0;0;0;0;0;5;0;0;0;0
"12/09/2015";"05:02:00";"161";"sem vítima";"84";"BR-050/MG";"Sul";"Saida de Pista";1;0;0;0;0;0;0;0;0;0;1;0;0;0;0
"12/09/2015";"07:01:00";"198";"com vítima";"78.91";"BR-050/MG";"Sul";"Capotamento";1;0;0;0;0;0;0;0;0;0;0;0;0;1;0
"12/09/2015";"08:12:00";"223";"sem vítima";"45.8";"BR-050/MG";"Norte";"Saida de Pista";1;0;0;0;0;0;0;0;0;0;1;0;0;0;0
"13/09/2015";"01:10:00";"7";"com vítima";"33";"BR-050/MG";"Sul";"Choque - Elemento de Drenagem";1;0;0;0;0;0;0;0;0;0;0;3;0;0;0
"13/09/2015";"05:01:00";"18";"sem vítima";"283";"BR-050/GO";"Norte";"Queda de Moto";0;0;0;1;0;0;0;0;0;0;2;0;0;0;0
"13/09/2015";"05:29:00";"20";"sem vítima";"176.2";"BR-050/MG";"Sul";"Choque - Defensa, barreira ou meio fio";1;0;0;0;0;0;0;0;0;0;1;0;0;0;0
"13/09/2015";"05:44:00";"21";"com vítima";"98.8";"BR-050/GO";"Sul";"Choque - Defensa, barreira ou meio fio";0;0;0;1;0;0;0;0;0;0;0;1;0;0;0
"13/09/2015";"01:29:00";"122";"sem vítima";"156";"BR-050/MG";"Norte";"Colisão Frontal";2;0;0;0;0;0;0;0;0;0;5;0;0;0;0
"13/09/2015";"08:26:00";"238";"com vítima";"176.2";"BR-050/MG";"Norte";"Colisão Traseira";1;0;1;0;0;0;0;0;0;0;2;3;0;0;0
"14/09/2015";"10:38:00";"129";"com vítima";"295";"BR-050/GO";"Sul";"Capotamento";0;0;0;0;0;0;0;0;0;1;0;1;0;0;0
"15/09/2015";"06:20:00";"32";"sem vítima";"81";"BR-050/MG";"Norte";"Choque - Defensa, barreira ou meio fio";1;0;0;0;0;0;0;0;0;0;1;0;0;0;0
"15/09/2015";"02:37:00";"164";"com vítima";"268.9";"BR-050/GO";"Norte";"Queda de Moto";0;0;0;1;0;0;0;0;0;0;0;1;0;0;0
"15/09/2015";"04:01:00";"177";"com vítima";"80.2";"BR-050/MG";"Norte";"Queda de Moto";0;0;0;1;0;0;0;0;0;0;0;1;0;0;0
"15/09/2015";"04:40:00";"180";"sem vítima";"2.1";"BR-050/MG";"Sul";"Colisão Lateral";1;0;1;0;0;0;0;0;0;0;5;0;0;0;0
"16/09/2015";"07:03:00";"258";"sem vítima";"35.15";"BR-050/MG";"Norte";"Saida de Pista";0;0;0;0;1;0;0;0;0;0;1;0;0;0;0
"17/09/2015";"07:21:00";"270";"com vítima";"172.2";"BR-050/MG";"Sul";"Queda de Moto";0;0;0;1;0;0;0;0;0;0;0;0;2;0;0
"18/09/2015";"02:07:00";"164";"com vítima";"10.9";"CT-UDI-MG";"Sul";"Colisão Traseira";1;0;1;0;0;0;0;0;0;0;1;0;1;2;0
"18/09/2015";"07:02:00";"254";"com vítima";"280";"BR-050/GO";"Sul";"Colisão Transversal";2;0;0;0;0;0;0;0;0;0;1;1;0;0;0
"18/09/2015";"08:31:00";"282";"sem vítima";"41.5";"BR-050/MG";"Sul";"Choque - Defensa, barreira ou meio fio";0;0;0;0;0;0;0;0;0;1;2;0;0;0;0
"19/09/2015";"04:42:00";"34";"com vítima";"137.6";"BR-050/MG";"Norte";"Capotamento";0;0;0;0;0;0;0;0;0;1;0;0;2;0;0
"19/09/2015";"08:47:00";"275";"sem vítima";"41";"BR-050/MG";"Norte";"Choque - Defensa, barreira ou meio fio";1;0;0;0;0;0;0;0;0;0;2;0;0;0;0
"20/09/2015";"01:55:00";"5";"sem vítima";"57.5";"BR-050/MG";"Norte";"Colisão Traseira";0;0;0;0;0;1;0;0;0;1;2;0;0;0;0
"20/09/2015";"03:35:00";"11";"sem vítima";"101";"BR-050/GO";"Sul";"Choque - Elemento de Drenagem";1;0;0;0;0;0;0;0;0;0;5;0;0;0;0
"20/09/2015";"06:12:00";"27";"sem vítima";"189.5";"BR-050/MG";"Norte";"Capotamento";1;0;0;0;0;0;0;0;0;0;1;0;0;0;0
"20/09/2015";"12:31:00";"129";"sem vítima";"182.24";"BR-050/MG";"Norte";"Colisão Traseira";2;0;0;0;0;0;0;0;0;0;1;0;0;0;0
"20/09/2015";"04:44:00";"192";"sem vítima";"81";"BR-050/MG";"Norte";"Queda de Moto";0;0;0;1;0;0;0;0;0;0;1;0;0;0;0
"21/09/2015";"08:40:00";"99";"com vítima";"155.4";"BR-050/MG";"Sul";"Capotamento";1;0;0;0;0;0;0;0;0;0;0;0;1;0;0
"21/09/2015";"11:53:00";"136";"sem vítima";"278";"BR-050/GO";"Sul";"Colisão Transversal";0;0;0;0;0;0;0;0;0;2;2;0;0;0;0
"21/09/2015";"04:26:00";"187";"com vítima";"5";"BR-050/MG";"Sul";"Capotamento";0;0;0;0;0;0;0;0;0;1;2;0;1;0;0
"21/09/2015";"08:11:00";"259";"sem vítima";"86.5";"BR-050/MG";"Sul";"Colisão Traseira";0;0;2;0;0;0;0;0;0;0;2;0;0;0;0
"22/09/2015";"07:38:00";"82";"sem vítima";"312.12";"BR-050/GO";"Sul";"Colisão Transversal";1;0;1;0;0;0;0;0;0;0;3;0;0;0;0
"22/09/2015";"06:27:00";"259";"sem vítima";"183.8";"BR-050/MG";"Norte";"Choque - Defensa, barreira ou meio fio";1;0;0;0;0;0;0;0;0;0;1;0;0;0;0
"22/09/2015";"07:44:00";"296";"sem vítima";"173";"BR-050/MG";"Norte";"Choque - Defensa, barreira ou meio fio";1;0;0;0;0;0;0;0;0;0;1;0;0;0;0
"22/09/2015";"09:46:00";"311";"sem vítima";"105";"BR-050/MG";"Sul";"Choque - Veiculo parado na pista";1;0;1;0;0;0;0;0;0;0;4;0;0;0;0
"23/09/2015";"09:46:00";"146";"sem vítima";"122";"BR-050/MG";"Norte";"Saida de Pista";0;0;1;0;0;0;0;0;0;0;1;0;0;0;0
"23/09/2015";"03:22:00";"218";"com vítima";"83.1";"BR-050/MG";"Norte";"Atropelamento - Funcionário";0;0;3;0;0;0;0;0;0;0;2;0;0;0;2
"23/09/2015";"06:31:00";"263";"com vítima";"281.8";"BR-050/GO";"Norte";"Colisão Frontal";0;0;0;1;0;0;0;0;0;1;1;1;0;0;0
"24/09/2015";"01:37:00";"5";"sem vítima";"87.68";"BR-050/MG";"Norte";"Capotamento";1;0;0;0;0;0;0;0;0;0;3;0;0;0;0
"24/09/2015";"07:21:00";"67";"sem vítima";"16.6";"BR-050/MG";"Sul";"Saida de Pista";1;0;0;0;0;0;0;0;0;0;4;0;0;0;0
"24/09/2015";"09:02:00";"295";"com vítima";"134.74";"BR-050/MG";"Sul";"Capotamento";1;0;0;0;0;0;0;0;0;0;0;0;5;0;0
"24/09/2015";"10:11:00";"303";"sem vítima";"61.5";"BR-050/MG";"Norte";"Choque - Suporte de Sinalização";0;0;0;0;0;0;0;0;0;1;1;0;0;0;0
"25/09/2015";"08:48:00";"88";"sem vítima";"20.8";"CT-UDI-MG";"Sul";"Colisão Lateral";2;0;0;0;0;0;0;0;0;0;4;0;0;0;0
"25/09/2015";"06:51:00";"260";"sem vítima";"51.6";"BR-050/MG";"Sul";"Colisão Lateral";1;0;1;0;0;0;0;0;0;0;5;0;0;0;0
"26/09/2015";"02:29:00";"12";"com vítima";"200";"BR-050/GO";"Norte";"Capotamento";0;0;0;0;0;0;0;0;0;1;0;1;0;1;0
"26/09/2015";"06:57:00";"46";"sem vítima";"23.1";"BR-050/MG";"Sul";"Saida de Pista";1;0;0;0;0;0;0;0;0;0;4;0;0;0;0
"26/09/2015";"05:31:00";"191";"com vítima";"50.7";"BR-050/MG";"Sul";"Queda de Moto";0;0;0;1;0;0;0;0;0;0;1;0;1;0;0
"26/09/2015";"06:57:00";"217";"com vítima";"101";"BR-050/GO";"Sul";"Colisão Lateral";1;0;0;1;0;0;0;0;0;0;1;0;0;2;0
"26/09/2015";"11:28:00";"275";"sem vítima";"50.5";"BR-050/MG";"Norte";"Capotamento";1;0;0;0;0;0;0;0;0;0;1;0;0;0;0
"27/09/2015";"12:00:00";"3";"com vítima";"50.6";"BR-050/MG";"Sul";"Choque - Veiculo parado na pista";1;0;0;0;0;0;0;0;0;0;3;1;0;0;0
"27/09/2015";"03:30:00";"182";"sem vítima";"179.3";"BR-050/MG";"Norte";"Queda de Moto";0;0;0;1;0;0;0;0;0;1;2;0;0;0;0
"27/09/2015";"05:22:00";"205";"sem vítima";"3.75";"BR-050/MG";"Sul";"Choque - Defensa, barreira ou meio fio";1;0;0;0;0;0;0;0;0;0;1;0;0;0;0
"27/09/2015";"05:24:00";"206";"sem vítima";"111";"BR-050/MG";"Sul";"Capotamento";1;0;0;0;0;0;0;0;0;0;1;0;0;0;0
"27/09/2015";"05:36:00";"209";"sem vítima";"60.03";"BR-050/MG";"Sul";"Saida de Pista";1;0;0;0;0;0;0;0;0;0;4;0;0;0;0
"27/09/2015";"09:48:00";"281";"com vítima";"38";"BR-050/MG";"Sul";"Colisão Traseira";1;0;0;1;0;0;0;0;0;0;1;1;1;0;0
"28/09/2015";"03:48:00";"14";"sem vítima";"36";"BR-050/MG";"Norte";"Choque - Defensa, barreira ou meio fio";0;0;0;0;1;0;0;0;0;0;1;0;0;0;0
"28/09/2015";"06:57:00";"40";"sem vítima";"53";"BR-050/MG";"Norte";"Saida de Pista";1;0;0;0;0;0;0;0;0;0;1;0;0;0;0
"28/09/2015";"07:04:00";"50";"sem vítima";"173.84";"BR-050/MG";"Norte";"Tombamento";0;0;0;0;0;0;0;0;0;1;1;0;0;0;0
"28/09/2015";"04:32:00";"192";"com vítima";"47.8";"BR-050/MG";"Sul";"Saida de Pista";0;0;1;0;0;0;0;0;0;0;0;0;1;0;0
"28/09/2015";"04:46:00";"195";"com vítima";"48.3";"BR-050/MG";"Norte";"Saida de Pista";1;0;0;0;0;0;0;0;0;0;0;1;0;0;0
"28/09/2015";"07:18:00";"230";"sem vítima";"41.3";"BR-050/MG";"Sul";"Choque - Defensa, barreira ou meio fio";1;0;0;0;0;0;0;0;0;0;2;0;0;0;0
"29/09/2015";"02:05:00";"143";"sem vítima";"140.605";"BR-050/MG";"Norte";"Saida de Pista";0;0;0;0;0;0;0;0;0;1;1;0;0;0;0
"29/09/2015";"04:29:00";"172";"com vítima";"117.4";"BR-050/GO";"Norte";"Queda de Moto";0;0;0;1;0;0;0;0;0;0;0;0;1;0;0
"30/09/2015";"10:40:00";"104";"com vítima";"273";"BR-050/GO";"Norte";"Colisão Transversal";1;0;0;1;0;0;0;0;0;0;2;1;0;0;0
"30/09/2015";"02:01:00";"134";"com vítima";"98.4";"BR-050/GO";"Norte";"Colisão Transversal";1;0;1;0;0;0;0;0;0;0;1;1;1;0;0