data;horario;n_da_ocorrencia;tipo_de_ocorrencia;km;trecho;sentido;tipo_de_acidente;automovel;bicicleta;caminhao;moto;onibus;outros;tracao_animal;transporte_de_cargas_especiais;trator_maquinas;utilitarios;ilesos;levemente_feridos;moderadamente_feridos;gravemente_feridos;mortos
"13/03/2016";"05:33:00";"37";"sem vítima";"148.28";"BR-050/MG";"Sul";"Tombamento";0;0;0;0;1;0;0;0;0;0;31;0;0;0;0
"13/03/2016";"12:14:00";"128";"sem vítima";"186.4";"BR-050/MG";"Norte";"Atropelamento - Usuário";0;0;0;1;0;0;0;0;0;0;2;0;0;0;0
"13/03/2016";"04:29:00";"156";"sem vítima";"64.85";"BR-050/MG";"Norte";"Choque - Defensa, barreira ou meio fio";1;0;0;0;0;0;0;0;0;0;1;0;0;0;0
"13/03/2016";"05:14:00";"163";"sem vítima";"60";"BR-050/MG";"Norte";"Queda de Ciclista";0;1;0;0;0;0;0;0;0;0;1;0;0;0;0
"13/03/2016";"06:16:00";"183";"sem vítima";"27";"BR-050/MG";"Sul";"Choque - Suporte de Sinalização";1;0;0;0;0;0;0;0;0;0;4;0;0;0;0
"13/03/2016";"07:28:00";"221";"sem vítima";"147.4";"BR-050/GO";"Norte";"Saida de Pista";1;0;0;0;0;0;0;0;0;0;5;0;0;0;0
"13/03/2016";"09:36:00";"241";"sem vítima";"152";"BR-050/MG";"Sul";"Capotamento";1;0;0;0;0;0;0;0;0;0;1;0;0;0;0
"13/03/2016";"11:48:00";"262";"sem vítima";"252.5";"BR-050/GO";"Norte";"Choque - Suporte de Sinalização";0;0;1;0;0;0;0;0;0;0;1;0;0;0;0
"14/03/2016";"12:47:00";"5";"sem vítima";"99";"BR-050/GO";"Sul";"Saida de Pista";0;0;1;0;0;0;0;0;0;0;1;0;0;0;0
"14/03/2016";"09:54:00";"120";"sem vítima";"22";"BR-050/MG";"Sul";"Choque - Defensa, barreira ou meio fio";0;0;0;0;0;0;0;0;0;1;1;0;0;0;0
"14/03/2016";"05:26:00";"212";"com vítima";"55";"BR-050/MG";"Sul";"Queda de Moto";0;0;0;1;0;0;0;0;0;0;0;0;1;0;0
"14/03/2016";"11:44:00";"308";"com vítima";"282.9";"BR-050/GO";"Sul";"Colisão Transversal";2;0;0;0;0;0;0;0;0;0;2;1;0;0;0
"16/03/2016";"06:37:00";"44";"sem vítima";"22";"BR-050/MG";"Norte";"Colisão Traseira";1;0;1;0;0;0;0;0;0;0;3;0;0;0;0
"16/03/2016";"01:16:00";"155";"sem vítima";"168.18";"BR-050/MG";"Norte";"Tombamento";0;0;1;0;0;0;0;0;0;0;2;0;0;0;0
"16/03/2016";"07:56:00";"262";"sem vítima";"197.9";"BR-050/MG";"Sul";"Choque - Defensa, barreira ou meio fio";0;0;0;0;0;0;0;0;0;1;2;0;0;0;0
"16/03/2016";"08:38:00";"268";"sem vítima";"116.6";"BR-050/MG";"Norte";"Saida de Pista";0;0;0;0;0;0;0;0;0;1;2;0;0;0;0
"17/03/2016";"02:36:00";"6";"sem vítima";"19.3";"CT-UDI-MG";"Norte";"Choque - Defensa, barreira ou meio fio";1;0;0;0;0;0;0;0;0;0;2;0;0;0;0
"17/03/2016";"08:10:00";"69";"sem vítima";"226";"BR-050/GO";"Sul";"Engavetamento";1;0;2;0;0;0;0;0;0;0;5;0;0;0;0
"17/03/2016";"09:12:00";"85";"sem vítima";"128.28";"BR-050/GO";"Norte";"Colisão Lateral";2;0;0;0;0;0;0;0;0;0;3;0;0;0;0
"17/03/2016";"11:21:00";"109";"sem vítima";"39.9";"BR-050/MG";"Norte";"Choque - Defensa, barreira ou meio fio";1;0;0;0;0;0;0;0;0;0;2;0;0;0;0
"17/03/2016";"12:29:00";"124";"sem vítima";"181.1";"BR-050/MG";"Sul";"Colisão Lateral";1;0;1;0;0;0;0;0;0;0;2;0;0;0;0
"17/03/2016";"02:31:00";"139";"com vítima";"128";"BR-050/GO";"Sul";"Capotamento";1;0;0;0;0;0;0;0;0;0;0;0;1;0;0
"17/03/2016";"04:07:00";"170";"com vítima";"146.42";"BR-050/MG";"Sul";"Capotamento";1;0;0;0;0;0;0;0;0;0;1;1;0;0;0
"17/03/2016";"05:40:00";"194";"sem vítima";"39";"BR-050/MG";"Sul";"Choque - Defensa, barreira ou meio fio";1;0;0;0;0;0;0;0;0;0;2;0;0;0;0
"17/03/2016";"09:31:00";"268";"sem vítima";"152";"BR-050/MG";"Norte";"Colisão Lateral";1;0;0;0;0;0;0;0;0;0;1;0;0;0;0
"18/03/2016";"05:35:00";"33";"sem vítima";"43";"BR-050/MG";"Norte";"Colisão Traseira";1;0;0;0;0;0;0;0;0;0;1;0;0;0;0
"18/03/2016";"07:42:00";"80";"sem vítima";"186.4";"BR-050/MG";"Sul";"Choque - Defensa, barreira ou meio fio";0;0;1;0;0;0;0;0;0;0;1;0;0;0;0
"18/03/2016";"01:51:00";"153";"sem vítima";"222.5";"BR-050/GO";"Norte";"Tombamento";0;0;1;0;0;0;0;0;0;0;1;0;0;0;0
"18/03/2016";"08:13:00";"278";"sem vítima";"156.4";"BR-050/MG";"Norte";"Saida de Pista";0;0;1;0;0;0;0;0;0;0;1;0;0;0;0
"18/03/2016";"10:05:00";"292";"sem vítima";"41.3";"BR-050/MG";"Norte";"Capotamento";1;0;0;0;0;0;0;0;0;0;1;0;0;0;0
"18/03/2016";"11:12:00";"303";"sem vítima";"137.3";"BR-050/MG";"Norte";"Tombamento";0;0;0;0;0;0;0;0;0;1;3;0;0;0;0
"19/03/2016";"02:21:00";"156";"sem vítima";"85.11";"BR-050/MG";"Sul";"Capotamento";0;0;1;0;0;0;0;0;0;0;2;0;0;0;0
"20/03/2016";"12:43:00";"3";"com vítima";"123.1";"BR-050/GO";"Sul";"Saida de Pista";0;0;0;0;0;0;0;0;0;1;0;0;1;0;0
"20/03/2016";"04:29:00";"15";"sem vítima";"179";"BR-050/MG";"Norte";"Choque - Defensa, barreira ou meio fio";1;0;0;0;0;0;0;0;0;0;2;0;0;0;0
"20/03/2016";"05:52:00";"166";"com vítima";"34";"BR-050/MG";"Norte";"Capotamento";1;0;0;0;0;0;0;0;0;0;0;0;0;1;0
"20/03/2016";"06:27:00";"180";"sem vítima";"87";"BR-050/MG";"Norte";"Saida de Pista";1;0;0;0;0;0;0;0;0;0;3;0;0;0;0
"20/03/2016";"06:38:00";"181";"com vítima";"163.1";"BR-050/MG";"Norte";"Capotamento";1;0;0;0;0;0;0;0;0;0;0;0;1;0;0
"21/03/2016";"07:49:00";"58";"sem vítima";"277.4";"BR-050/GO";"Sul";"Colisão Traseira";2;0;0;0;0;0;0;0;0;0;2;0;0;0;0
"21/03/2016";"09:09:00";"75";"com vítima";"95.7";"BR-050/GO";"Norte";"Tombamento";0;0;1;0;0;0;0;0;0;0;0;1;0;0;0
"21/03/2016";"05:00:00";"192";"sem vítima";"195.4";"BR-050/MG";"Sul";"Colisão Lateral";1;0;0;0;0;0;0;0;0;1;2;0;0;0;0
"22/03/2016";"06:56:00";"225";"sem vítima";"148.5";"BR-050/GO";"Norte";"Colisão Lateral";0;0;2;0;0;0;0;0;0;0;4;0;0;0;0
"23/03/2016";"11:22:00";"174";"com vítima";"159";"BR-050/MG";"Sul";"Capotamento";1;0;1;0;0;0;0;0;0;0;1;0;1;0;0
"23/03/2016";"03:42:00";"221";"com vítima";"229.8";"BR-050/GO";"Norte";"Saida de Pista";1;0;0;0;0;0;0;0;0;0;0;1;0;0;0
"23/03/2016";"11:27:00";"340";"sem vítima";"185.92";"BR-050/MG";"Sul";"Saida de Pista";1;0;0;0;0;0;0;0;0;0;2;0;0;0;0
"25/03/2016";"08:09:00";"74";"sem vítima";"9.6";"BR-050/MG";"Sul";"Tombamento";0;0;0;0;0;0;0;0;0;1;3;0;0;0;0
"25/03/2016";"10:20:00";"92";"sem vítima";"50";"BR-050/MG";"Sul";"Capotamento";1;0;0;0;0;0;0;0;0;0;3;0;0;0;0
"25/03/2016";"10:28:00";"94";"sem vítima";"55";"BR-050/MG";"Sul";"Saida de Pista";1;0;0;0;0;0;0;0;0;0;2;0;0;0;0
"25/03/2016";"11:13:00";"102";"com vítima";"17";"BR-050/MG";"Norte";"Capotamento";1;0;0;0;0;0;0;0;0;0;0;2;0;0;0
"25/03/2016";"11:18:00";"104";"com vítima";"145.26";"BR-050/MG";"Norte";"Capotamento";1;0;0;0;0;0;0;0;0;0;0;0;0;2;0
"25/03/2016";"06:26:00";"178";"sem vítima";"203.4";"BR-050/MG";"Norte";"Tombamento";0;0;1;0;0;0;0;0;0;0;1;0;0;0;0
"26/03/2016";"02:10:00";"6";"sem vítima";"177.5";"BR-050/GO";"Sul";"Saida de Pista";0;0;0;0;0;0;0;0;0;1;1;0;0;0;0
"27/03/2016";"12:07:00";"1";"sem vítima";"11";"BR-050/MG";"Sul";"Choque - Defensa, barreira ou meio fio";0;0;1;0;0;0;0;0;0;0;1;0;0;0;0
"27/03/2016";"01:38:00";"135";"com vítima";"53.15";"BR-050/MG";"Norte";"Colisão Frontal";0;0;2;0;0;0;0;0;0;1;2;0;0;2;1
"27/03/2016";"04:49:00";"166";"sem vítima";"177.45";"BR-050/MG";"Norte";"Tombamento";0;0;1;0;0;0;0;0;0;0;1;0;0;0;0
"28/03/2016";"05:43:00";"28";"sem vítima";"25";"BR-050/MG";"Sul";"Saida de Pista";1;0;0;0;0;0;0;0;0;0;4;0;0;0;0
"28/03/2016";"07:42:00";"81";"com vítima";"49";"BR-050/MG";"Sul";"Capotamento";0;0;0;0;0;0;0;0;0;1;0;0;1;0;0
"29/03/2016";"05:33:00";"188";"sem vítima";"155.08";"BR-050/MG";"Sul";"Colisão Lateral";1;0;1;0;0;0;0;0;0;0;3;0;0;0;0
"30/03/2016";"05:06:00";"201";"com vítima";"15.58";"CT-UDI-MG";"Sul";"Colisão Lateral";0;1;0;0;0;0;0;0;0;1;1;0;1;0;0
"30/03/2016";"10:34:00";"298";"com vítima";"280.5";"BR-050/GO";"Norte";"Queda de Moto";0;0;0;1;0;0;0;0;0;0;0;2;0;0;0
"31/03/2016";"08:08:00";"75";"com vítima";"174.5";"BR-050/MG";"Sul";"Queda de Moto";0;0;1;1;0;0;0;0;0;0;1;0;1;0;0
"01/04/2016";"05:08:00";"26";"com vítima";"4.6";"CT-UDI-MG";"Sul";"Colisão Traseira";0;0;1;0;0;0;0;0;0;1;1;0;1;0;0
"01/04/2016";"04:18:00";"230";"sem vítima";"43";"BR-050/MG";"Norte";"Saida de Pista";1;0;0;0;0;0;0;0;0;0;2;0;0;0;0
"01/04/2016";"06:59:00";"276";"sem vítima";"147";"BR-050/GO";"Sul";"Choque - Elemento de Drenagem";1;0;0;0;0;0;0;0;0;0;1;0;0;0;0
"01/04/2016";"10:19:00";"319";"com vítima";"39";"BR-050/MG";"Sul";"Choque - Talude";1;0;0;0;0;0;0;0;0;0;0;0;1;0;0
"01/04/2016";"11:21:00";"330";"sem vítima";"160.2";"BR-050/MG";"Sul";"Colisão Lateral";0;0;2;0;0;0;0;0;0;0;2;0;0;0;0
"01/04/2016";"11:37:00";"332";"sem vítima";"154";"BR-050/MG";"Sul";"Colisão Traseira";1;0;0;0;0;0;0;0;0;1;3;0;0;0;0
"02/04/2016";"07:38:00";"79";"sem vítima";"182.8";"BR-050/MG";"Norte";"Queda de Moto";0;0;0;1;0;0;0;0;0;0;1;0;0;0;0
"02/04/2016";"07:58:00";"85";"com vítima";"278.8";"BR-050/GO";"Norte";"Colisão Transversal";0;0;0;2;0;0;0;0;0;0;1;1;0;0;0
"02/04/2016";"08:47:00";"90";"sem vítima";"0.5";"BR-050/MG";"Norte";"Tombamento";0;0;1;0;0;0;0;0;0;0;1;0;0;0;0
"03/04/2016";"05:48:00";"31";"com vítima";"271.8";"BR-050/GO";"Norte";"Queda de Moto";0;0;0;1;0;0;0;0;0;0;1;0;1;0;0
"03/04/2016";"06:41:00";"174";"sem vítima";"146";"BR-050/MG";"Sul";"Tombamento";1;0;0;0;0;0;0;0;0;0;2;0;0;0;0
"03/04/2016";"07:15:00";"190";"com vítima";"96";"BR-050/GO";"Norte";"Colisão Transversal";1;0;1;0;0;0;0;0;0;0;5;0;1;0;0
"03/04/2016";"08:26:00";"206";"sem vítima";"180.6";"BR-050/MG";"Sul";"Queda de Moto";0;0;0;1;0;0;0;0;0;0;1;0;0;0;0
"04/04/2016";"09:30:00";"112";"com vítima";"13";"BR-050/MG";"Norte";"Colisão Traseira";1;0;1;0;0;0;0;0;0;0;4;1;0;0;0
"04/04/2016";"07:50:00";"257";"sem vítima";"17.95";"CT-UDI-MG";"Sul";"Colisão Traseira";2;0;0;0;0;0;0;0;0;0;4;0;0;0;0
"05/04/2016";"03:52:00";"13";"sem vítima";"163.5";"BR-050/MG";"Norte";"Saida de Pista";1;0;0;0;0;0;0;0;0;0;1;0;0;0;0
"05/04/2016";"08:00:00";"79";"sem vítima";"102.6";"BR-050/MG";"Norte";"Saida de Pista";0;0;1;0;0;0;0;0;0;0;1;0;0;0;0
"05/04/2016";"02:52:00";"162";"com vítima";"100";"BR-050/GO";"Norte";"Saida de Pista";1;0;0;0;0;0;0;0;0;0;0;0;1;0;0
"05/04/2016";"02:54:00";"164";"sem vítima";"47.3";"BR-050/MG";"Sul";"Capotamento";1;0;0;0;0;0;0;0;0;0;1;0;0;0;0
"05/04/2016";"05:19:00";"196";"com vítima";"194";"BR-050/MG";"Norte";"Choque - Defensa, barreira ou meio fio";0;0;0;1;0;0;0;0;0;0;0;0;1;0;0
"06/04/2016";"12:31:00";"121";"sem vítima";"15.4";"BR-050/MG";"Sul";"Colisão Traseira";1;0;1;0;0;0;0;0;0;0;2;0;0;0;0
"06/04/2016";"07:04:00";"217";"com vítima";"274";"BR-050/GO";"Norte";"Colisão Frontal";1;0;0;0;0;0;0;0;0;1;0;0;2;0;1
"06/04/2016";"10:38:00";"268";"sem vítima";"52.6";"BR-050/MG";"Norte";"Colisão Traseira";1;0;1;0;0;0;0;0;0;0;2;0;0;0;0
"07/04/2016";"11:46:00";"129";"sem vítima";"115.05";"BR-050/GO";"Sul";"Saida de Pista";1;0;0;0;0;0;0;0;0;0;4;0;0;0;0
"07/04/2016";"04:28:00";"203";"sem vítima";"270";"BR-050/GO";"Norte";"Tombamento";0;0;1;0;0;0;0;0;0;0;1;0;0;0;0
"07/04/2016";"05:29:00";"215";"sem vítima";"113.3";"BR-050/MG";"Sul";"Saida de Pista";1;0;0;0;0;0;0;0;0;0;1;0;0;0;0
"08/04/2016";"09:17:00";"288";"sem vítima";"41";"BR-050/MG";"Norte";"Saida de Pista";0;0;0;0;0;0;0;0;0;1;2;0;0;0;0
"09/04/2016";"01:11:00";"7";"sem vítima";"5.9";"CT-UDI-MG";"Sul";"Choque - Defensa, barreira ou meio fio";1;0;0;0;0;0;0;0;0;0;1;0;0;0;0
"09/04/2016";"02:34:00";"12";"com vítima";"49.4";"BR-050/MG";"Sul";"Colisão Traseira";1;1;0;0;0;0;0;0;0;0;1;0;0;0;1
"09/04/2016";"02:48:00";"142";"sem vítima";"103";"BR-050/MG";"Norte";"Capotamento";1;0;0;0;0;0;0;0;0;0;1;0;0;0;0
"09/04/2016";"02:58:00";"144";"com vítima";"191.4";"BR-050/MG";"Sul";"Choque - Defensa, barreira ou meio fio";1;0;0;0;0;0;0;0;0;0;0;0;1;0;0
"09/04/2016";"07:07:00";"209";"sem vítima";"116.6";"BR-050/MG";"Sul";"Colisão Traseira";1;0;1;0;0;0;0;0;0;0;2;0;0;0;0
"10/04/2016";"06:53:00";"42";"sem vítima";"109.8";"BR-050/GO";"Sul";"Saida de Pista";1;0;0;0;0;0;0;0;0;0;1;0;0;0;0
"10/04/2016";"08:12:00";"81";"sem vítima";"172";"BR-050/MG";"Norte";"Choque - Defensa, barreira ou meio fio";1;0;0;0;0;0;0;0;0;0;2;0;0;0;0
"10/04/2016";"02:51:00";"144";"sem vítima";"38.8";"BR-050/MG";"Sul";"Colisão Traseira";1;0;0;0;0;1;0;0;0;0;5;0;0;0;0
"10/04/2016";"06:39:00";"197";"sem vítima";"191.16";"BR-050/MG";"Norte";"Saida de Pista";1;0;0;0;0;0;0;0;0;1;4;0;0;0;0
"10/04/2016";"07:33:00";"234";"sem vítima";"33";"BR-050/MG";"Sul";"Saida de Pista";1;0;0;0;0;0;0;0;0;0;1;0;0;0;0
"10/04/2016";"07:45:00";"237";"sem vítima";"168.6";"BR-050/MG";"Norte";"Saida de Pista";1;0;0;0;0;0;0;0;0;0;1;0;0;0;0
"11/04/2016";"04:41:00";"20";"sem vítima";"40.9";"BR-050/MG";"Sul";"Choque - Defensa, barreira ou meio fio";1;0;0;0;0;0;0;0;0;0;1;0;0;0;0
"11/04/2016";"07:41:00";"66";"sem vítima";"155.5";"BR-050/MG";"Norte";"Saida de Pista";1;0;0;0;0;0;0;0;0;0;1;0;0;0;0
"11/04/2016";"01:58:00";"139";"com vítima";"134";"BR-050/MG";"Sul";"Choque - Elemento de Drenagem";1;0;0;0;0;0;0;0;0;0;1;0;1;0;0
"11/04/2016";"05:09:00";"176";"sem vítima";"136";"BR-050/MG";"Norte";"Choque - Elemento de Drenagem";1;0;0;0;0;0;0;0;0;0;2;0;0;0;0
"11/04/2016";"05:35:00";"178";"com vítima";"175.98";"BR-050/MG";"Norte";"Queda de Moto";0;0;0;1;0;0;0;0;0;0;0;0;2;0;0
"12/04/2016";"01:13:00";"159";"sem vítima";"179.2";"BR-050/MG";"Sul";"Choque - Defensa, barreira ou meio fio";1;0;0;0;0;0;0;0;0;0;1;0;0;0;0
"12/04/2016";"01:36:00";"163";"sem vítima";"131.9";"BR-050/MG";"Norte";"Colisão Traseira";1;0;1;0;0;0;0;0;0;0;3;0;0;0;0
"12/04/2016";"05:02:00";"204";"com vítima";"229.3";"BR-050/GO";"Norte";"Tombamento";0;0;1;0;0;0;0;0;0;0;1;1;0;0;0
"14/04/2016";"08:54:00";"78";"com vítima";"60.6";"BR-050/MG";"Norte";"Capotamento";1;0;0;0;0;0;0;0;0;0;0;0;1;0;0
"14/04/2016";"09:25:00";"87";"sem vítima";"163.6";"BR-050/GO";"Sul";"Choque - Objeto não identificado";1;0;0;0;0;0;0;0;0;0;2;0;0;0;0
"15/04/2016";"01:09:00";"11";"sem vítima";"201.3";"BR-050/MG";"Sul";"Colisão Lateral";1;0;0;0;0;0;0;0;0;0;1;0;0;0;0
"15/04/2016";"04:18:00";"177";"sem vítima";"15";"CT-UDI-MG";"Norte";"Engavetamento";1;0;1;0;0;0;0;0;0;1;6;0;0;0;0
"15/04/2016";"08:36:00";"263";"com vítima";"46.36";"BR-050/MG";"Sul";"Capotamento";1;0;0;0;0;0;0;0;0;0;0;0;1;0;0
"16/04/2016";"12:12:00";"2";"com vítima";"61.51";"BR-050/MG";"Sul";"Choque - Elemento de Drenagem";0;0;0;0;0;0;0;0;0;1;4;0;3;0;0
"16/04/2016";"06:47:00";"48";"sem vítima";"275.1";"BR-050/GO";"Sul";"Choque - Arvore";1;0;0;0;0;0;0;0;0;0;1;0;0;0;0
"17/04/2016";"02:33:00";"146";"com vítima";"15";"CT-UDI-MG";"Sul";"Queda de Moto";0;0;0;1;0;0;0;0;0;0;0;0;1;0;0
"17/04/2016";"05:24:00";"170";"sem vítima";"256.2";"BR-050/GO";"Sul";"Choque - Defensa, barreira ou meio fio";0;0;0;0;0;0;0;0;0;1;1;0;0;0;0
"18/04/2016";"12:03:00";"136";"com vítima";"80";"BR-050/MG";"Sul";"Queda de Moto";0;0;0;1;0;0;0;0;0;0;0;1;1;0;0
"18/04/2016";"01:12:00";"142";"sem vítima";"97.2";"BR-050/GO";"Norte";"Colisão Transversal";0;0;1;0;0;0;0;0;0;1;3;0;0;0;0
"19/04/2016";"09:33:00";"104";"sem vítima";"177";"BR-050/MG";"Norte";"Choque - Defensa, barreira ou meio fio";1;0;1;0;0;0;0;0;0;0;3;0;0;0;0
"19/04/2016";"05:54:00";"222";"sem vítima";"247.6";"BR-050/GO";"Sul";"Saida de Pista";1;0;0;0;0;0;0;0;0;0;1;0;0;0;0
"19/04/2016";"06:37:00";"238";"sem vítima";"127.5";"BR-050/MG";"Sul";"Saida de Pista";0;0;0;0;0;0;0;0;0;1;1;0;0;0;0
"20/04/2016";"06:34:00";"39";"sem vítima";"29.6";"BR-050/MG";"Sul";"Saida de Pista";1;0;0;0;0;0;0;0;0;0;1;0;0;0;0
"20/04/2016";"10:51:00";"132";"sem vítima";"142.9";"BR-050/MG";"Norte";"Colisão Traseira";0;0;0;0;0;0;0;0;0;2;11;0;0;0;0
"20/04/2016";"08:29:00";"299";"com vítima";"175";"BR-050/MG";"Norte";"Colisão Frontal";1;0;0;1;0;0;0;0;0;0;1;0;1;1;0
"21/04/2016";"03:08:00";"12";"sem vítima";"97.8";"BR-050/MG";"Norte";"Capotamento";1;0;0;0;0;0;0;0;0;0;6;0;0;0;0
"21/04/2016";"03:32:00";"14";"sem vítima";"33.6";"BR-050/MG";"Norte";"Choque - Poste";1;0;0;0;0;0;0;0;0;0;5;0;0;0;0
"21/04/2016";"03:26:00";"205";"sem vítima";"151.6";"BR-050/MG";"Norte";"Capotamento";1;0;0;0;0;0;0;0;0;0;5;0;0;0;0
"21/04/2016";"06:25:00";"247";"com vítima";"47";"BR-050/MG";"Norte";"Colisão Traseira";0;0;2;0;0;0;0;0;0;0;1;0;1;0;0
"21/04/2016";"06:54:00";"258";"sem vítima";"62.5";"BR-050/MG";"Sul";"Saida de Pista";1;0;0;0;0;0;0;0;0;0;1;0;0;0;0
"22/04/2016";"12:53:00";"6";"sem vítima";"115";"BR-050/MG";"Norte";"Choque - Defensa, barreira ou meio fio";1;0;0;0;0;0;0;0;0;0;1;0;0;0;0
"22/04/2016";"05:28:00";"25";"sem vítima";"222.34";"BR-050/GO";"Sul";"Colisão Lateral";0;0;1;0;0;0;0;0;1;0;2;0;0;0;0
"22/04/2016";"08:27:00";"246";"sem vítima";"15";"BR-050/MG";"Norte";"Saida de Pista";0;0;0;0;0;0;0;0;0;1;1;0;0;0;0
"23/04/2016";"04:26:00";"130";"com vítima";"177.1";"BR-050/MG";"Norte";"Queda de Moto";0;0;0;1;0;0;0;0;0;0;0;1;0;0;0
"23/04/2016";"04:45:00";"136";"sem vítima";"139.6";"BR-050/MG";"Norte";"Choque - Suporte de Sinalização";1;0;0;0;0;0;0;0;0;0;1;0;0;0;0
"24/04/2016";"05:24:00";"185";"sem vítima";"314.2";"BR-050/GO";"Sul";"Choque - Defensa, barreira ou meio fio";1;0;0;0;0;0;0;0;0;0;2;0;0;0;0
"25/04/2016";"02:59:00";"187";"sem vítima";"165.42";"BR-050/GO";"Sul";"Tombamento";0;0;1;0;0;0;0;0;0;0;1;0;0;0;0
"25/04/2016";"05:43:00";"216";"sem vítima";"57";"BR-050/MG";"Sul";"Colisão Traseira";0;0;1;0;1;0;0;0;0;0;13;0;0;0;0
"25/04/2016";"09:57:00";"287";"sem vítima";"187.3";"BR-050/MG";"Sul";"Choque - Defensa, barreira ou meio fio";1;0;0;0;0;0;0;0;0;0;4;0;0;0;0
"26/04/2016";"05:15:00";"31";"com vítima";"119.8";"BR-050/GO";"Norte";"Capotamento";1;0;0;0;0;0;0;0;0;0;0;0;1;0;0
"26/04/2016";"03:38:00";"163";"com vítima";"280.6";"BR-050/GO";"Norte";"Colisão Transversal";0;0;0;1;0;0;0;0;0;1;1;1;0;0;0
"26/04/2016";"05:18:00";"174";"sem vítima";"180";"BR-050/MG";"Sul";"Colisão Lateral";1;0;1;0;0;0;0;0;0;0;2;0;0;0;0
"26/04/2016";"06:24:00";"193";"sem vítima";"179.7";"BR-050/MG";"Sul";"Colisão Lateral";1;0;1;0;0;0;0;0;0;0;2;0;0;0;0
"27/04/2016";"06:49:00";"36";"sem vítima";"55";"BR-050/MG";"Norte";"Queda de Ciclista";0;1;0;0;0;0;0;0;0;0;1;0;0;0;0
"28/04/2016";"07:06:00";"48";"com vítima";"281";"BR-050/GO";"Sul";"Colisão Traseira";1;0;0;1;0;0;0;0;0;0;1;1;1;0;0
"28/04/2016";"08:16:00";"78";"com vítima";"27";"BR-050/MG";"Sul";"Colisão Transversal";1;0;1;0;0;0;0;0;0;0;3;0;3;0;0
"28/04/2016";"08:46:00";"81";"sem vítima";"179.1";"BR-050/MG";"Sul";"Colisão Traseira";0;0;1;0;0;0;0;0;0;1;3;0;0;0;0
"29/04/2016";"09:47:00";"107";"com vítima";"9";"CT-UDI-MG";"Norte";"Colisão Traseira";0;0;1;0;0;0;0;0;0;1;1;1;0;0;0
"29/04/2016";"11:32:00";"126";"com vítima";"126.6";"BR-050/MG";"Norte";"Colisão Lateral";0;0;1;1;0;0;0;0;0;0;1;0;1;0;0
"29/04/2016";"03:29:00";"172";"sem vítima";"21";"CT-UDI-MG";"Norte";"Tombamento";0;0;1;0;0;0;0;0;0;0;1;0;0;0;0
"01/05/2016";"03:09:00";"9";"sem vítima";"77.1";"BR-050/MG";"Sul";"Choque - Defensa, barreira ou meio fio";1;0;0;0;0;0;0;0;0;0;2;0;0;0;0
"01/05/2016";"12:51:00";"104";"com vítima";"138.8";"BR-050/MG";"Norte";"Capotamento";1;0;0;0;0;0;0;0;0;0;0;0;2;0;0
"01/05/2016";"04:33:00";"139";"com vítima";"154.18";"BR-050/MG";"Norte";"Colisão Traseira";0;0;0;2;0;0;0;0;0;0;0;0;2;1;0
"01/05/2016";"05:44:00";"148";"sem vítima";"268";"BR-050/GO";"Sul";"Colisão Traseira";1;0;0;0;0;0;0;0;0;1;3;0;0;0;0
"01/05/2016";"06:50:00";"166";"com vítima";"265";"BR-050/GO";"Sul";"Queda de Moto";0;0;0;1;0;0;0;0;0;0;0;0;1;0;0
"01/05/2016";"07:41:00";"200";"com vítima";"82.8";"BR-050/MG";"Norte";"Colisão Traseira";1;0;1;0;0;0;0;0;0;0;1;0;2;0;0
"01/05/2016";"09:43:00";"223";"sem vítima";"244";"BR-050/GO";"Norte";"Queda de Moto";0;0;0;1;0;0;0;0;0;0;1;0;0;0;0
"02/05/2016";"02:22:00";"14";"sem vítima";"11.5";"BR-050/MG";"Norte";"Saida de Pista";1;0;0;0;0;0;0;0;0;0;2;0;0;0;0
"02/05/2016";"05:45:00";"25";"com vítima";"153.03";"BR-050/MG";"Norte";"Colisão Traseira";0;0;2;0;0;0;0;0;0;0;1;0;0;0;1
"02/05/2016";"07:56:00";"78";"sem vítima";"280.6";"BR-050/GO";"Sul";"Colisão Traseira";2;0;0;0;0;0;0;0;0;0;2;0;0;0;0
"02/05/2016";"11:03:00";"300";"sem vítima";"41.2";"BR-050/MG";"Norte";"Queda de Moto";0;0;0;1;0;0;0;0;0;0;1;0;0;0;0
"03/05/2016";"07:41:00";"75";"com vítima";"132.5";"BR-050/GO";"Norte";"Queda de Moto";0;0;0;1;0;0;0;0;0;0;0;2;0;0;0
"03/05/2016";"11:08:00";"127";"sem vítima";"176";"BR-050/MG";"Sul";"Tombamento";0;0;1;0;0;0;0;0;0;0;1;0;0;0;0
"05/05/2016";"07:47:00";"71";"com vítima";"180";"BR-050/MG";"Sul";"Colisão Traseira";2;0;0;0;0;0;0;0;0;0;1;0;1;0;0
"05/05/2016";"05:00:00";"168";"com vítima";"170.2";"BR-050/MG";"Sul";"Choque - Talude";0;0;0;0;0;0;0;0;0;1;0;0;1;0;0
"05/05/2016";"08:34:00";"243";"sem vítima";"295.8";"BR-050/GO";"Sul";"Capotamento";1;0;0;0;0;0;0;0;0;0;1;0;0;0;0