data;horario;n_da_ocorrencia;tipo_de_ocorrencia;km;trecho;sentido;tipo_de_acidente;automovel;bicicleta;caminhao;moto;onibus;outros;tracao_animal;transporte_de_cargas_especiais;trator_maquinas;utilitarios;ilesos;levemente_feridos;moderadamente_feridos;gravemente_feridos;mortos
"26/06/2016";"06:00:00";"23";"sem vítima";"307.3";"BR-050/GO";"Sul";"Colisão Lateral";1;0;1;0;0;0;0;0;0;0;4;0;0;0;0
"26/06/2016";"09:46:00";"71";"sem vítima";"24.9";"BR-050/MG";"Norte";"Choque - Talude";1;0;0;0;0;0;0;0;0;0;1;0;0;0;0
"26/06/2016";"05:46:00";"125";"sem vítima";"15";"BR-050/MG";"Norte";"Saida de Pista";0;0;0;0;0;0;0;0;0;1;1;0;0;0;0
"27/06/2016";"12:25:00";"141";"sem vítima";"181.12";"BR-050/MG";"Sul";"Capotamento";1;0;0;0;0;0;0;0;0;0;1;0;0;0;0
"27/06/2016";"05:15:00";"187";"sem vítima";"179.65";"BR-050/MG";"Sul";"Choque - Defensa, barreira ou meio fio";1;0;0;0;0;0;0;0;0;0;1;0;0;0;0
"28/06/2016";"08:22:00";"96";"com vítima";"278.4";"BR-050/GO";"Sul";"Colisão Traseira";0;0;0;1;1;0;0;0;0;0;1;1;0;0;0
"29/06/2016";"11:01:00";"97";"com vítima";"48";"BR-050/MG";"Norte";"Colisão Traseira";1;0;0;1;0;0;0;0;0;0;2;1;0;0;0
"29/06/2016";"01:14:00";"113";"com vítima";"279";"BR-050/GO";"Norte";"Colisão Transversal";0;0;0;1;0;1;0;0;0;0;2;0;0;1;0
"29/06/2016";"05:23:00";"164";"sem vítima";"60.47";"BR-050/MG";"Norte";"Choque - Defensa, barreira ou meio fio";1;0;0;0;0;0;0;0;0;0;2;0;0;0;0
"30/06/2016";"01:54:00";"7";"sem vítima";"30";"BR-050/MG";"Sul";"Choque - Defensa, barreira ou meio fio";0;0;1;0;0;0;0;0;0;0;1;0;0;0;0
"30/06/2016";"07:42:00";"62";"sem vítima";"90.5";"BR-050/MG";"Sul";"Choque - Suporte de Sinalização";1;0;0;0;0;0;0;0;0;0;1;0;0;0;0
"30/06/2016";"09:52:00";"91";"sem vítima";"189.2";"BR-050/MG";"Sul";"Colisão Traseira";1;0;0;0;0;0;0;0;0;1;8;0;0;0;0
"30/06/2016";"04:36:00";"163";"sem vítima";"180";"BR-050/MG";"Sul";"Colisão Lateral";1;0;1;0;0;0;0;0;0;0;2;0;0;0;0
"30/06/2016";"05:24:00";"170";"com vítima";"94.3";"BR-050/MG";"Norte";"Capotamento";1;0;0;0;0;0;0;0;0;0;0;0;0;2;0
"01/07/2016";"05:00:00";"193";"com vítima";"182";"BR-050/MG";"Sul";"Queda de Moto";0;0;0;1;0;0;0;0;0;0;0;0;1;0;0
"01/07/2016";"09:15:00";"278";"sem vítima";"99";"BR-050/GO";"Sul";"Colisão Traseira";2;0;0;0;0;0;0;0;0;0;2;0;0;0;0
"02/07/2016";"02:25:00";"151";"sem vítima";"80.8";"BR-050/MG";"Norte";"Saida de Pista";1;0;0;0;0;0;0;0;0;0;1;0;0;0;0
"02/07/2016";"10:11:00";"252";"sem vítima";"96";"BR-050/MG";"Norte";"Tombamento";0;0;1;0;0;0;0;0;0;0;1;0;0;0;0
"03/07/2016";"01:12:00";"6";"com vítima";"279";"BR-050/GO";"Sul";"Choque - Defensa, barreira ou meio fio";0;0;0;1;0;0;0;0;0;0;0;0;0;1;0
"03/07/2016";"02:39:00";"14";"sem vítima";"172.8";"BR-050/MG";"Norte";"Colisão Traseira";2;0;0;0;0;0;0;0;0;0;3;0;0;0;0
"03/07/2016";"02:55:00";"15";"com vítima";"177.2";"BR-050/MG";"Sul";"Capotamento";1;0;0;0;0;0;0;0;0;0;1;6;0;0;0
"03/07/2016";"05:16:00";"18";"sem vítima";"119";"BR-050/MG";"Sul";"Capotamento";1;0;0;0;0;0;0;0;0;0;2;0;0;0;0
"03/07/2016";"06:45:00";"36";"sem vítima";"180.3";"BR-050/MG";"Norte";"Choque - Elemento de Drenagem";1;0;0;0;0;0;0;0;0;0;1;0;0;0;0
"03/07/2016";"07:29:00";"62";"sem vítima";"84.1";"BR-050/MG";"Sul";"Choque - Elemento de Drenagem";1;0;0;0;0;0;0;0;0;0;1;0;0;0;0
"03/07/2016";"05:20:00";"133";"com vítima";"44.53";"BR-050/MG";"Sul";"Capotamento";1;0;0;0;0;0;0;0;0;0;0;0;0;1;0
"03/07/2016";"05:52:00";"138";"com vítima";"200.7";"BR-050/MG";"Sul";"Colisão Traseira";2;0;0;0;0;0;0;0;0;0;2;0;1;0;0
"03/07/2016";"09:57:00";"198";"sem vítima";"90.36";"BR-050/MG";"Norte";"Tombamento";0;0;1;0;0;0;0;0;0;0;1;0;0;0;0
"04/07/2016";"08:58:00";"104";"sem vítima";"98.1";"BR-050/GO";"Sul";"Colisão Transversal";0;0;2;0;0;0;0;0;0;0;2;0;0;0;0
"04/07/2016";"02:11:00";"176";"com vítima";"127.3";"BR-050/MG";"Norte";"Capotamento";1;0;0;0;0;0;0;0;0;0;0;1;0;0;0
"05/07/2016";"02:16:00";"142";"sem vítima";"142";"BR-050/GO";"Norte";"Choque - Suporte de Sinalização";1;0;0;0;0;0;0;0;0;0;1;0;0;0;0
"05/07/2016";"02:48:00";"146";"sem vítima";"108.9";"BR-050/GO";"Sul";"Saida de Pista";1;0;0;0;0;0;0;0;0;0;5;0;0;0;0
"06/07/2016";"09:05:00";"97";"sem vítima";"26";"BR-050/MG";"Sul";"Saida de Pista";1;0;0;0;0;0;0;0;0;0;4;0;0;0;0
"06/07/2016";"06:02:00";"179";"com vítima";"15.462";"BR-050/MG";"Sul";"Colisão Traseira";0;0;1;1;0;0;0;0;0;0;1;0;1;0;0
"07/07/2016";"02:30:00";"174";"com vítima";"253.5";"BR-050/GO";"Norte";"Queda de Moto";0;0;0;1;0;0;0;0;0;0;0;2;0;0;0
"07/07/2016";"04:17:00";"188";"sem vítima";"43.2";"BR-050/MG";"Sul";"Engavetamento";1;0;2;0;0;0;0;0;0;0;3;0;0;0;0
"07/07/2016";"05:22:00";"200";"com vítima";"177.82";"BR-050/MG";"Sul";"Queda de Moto";0;0;0;1;0;0;0;0;0;0;0;0;1;0;0
"08/07/2016";"04:01:00";"31";"com vítima";"271.5";"BR-050/GO";"Sul";"Capotamento";1;0;0;0;0;0;0;0;0;0;2;2;0;0;0
"08/07/2016";"06:30:00";"219";"com vítima";"235.6";"BR-050/GO";"Norte";"Atropelamento de Animal";0;0;0;1;0;0;0;0;0;0;0;0;1;0;0
"08/07/2016";"09:12:00";"274";"com vítima";"108.1";"BR-050/MG";"Sul";"Colisão Traseira";1;0;1;0;0;0;0;0;0;0;1;0;1;0;0
"09/07/2016";"09:03:00";"74";"com vítima";"45.7";"BR-050/MG";"Sul";"Capotamento";1;0;0;0;0;0;0;0;0;0;0;0;1;0;0
"09/07/2016";"03:13:00";"109";"com vítima";"246";"BR-050/GO";"Sul";"Colisão Transversal";2;0;0;0;0;0;0;0;0;0;7;2;0;0;0
"09/07/2016";"09:11:00";"202";"sem vítima";"238.45";"BR-050/GO";"Sul";"Tombamento";1;0;0;0;0;0;0;0;0;0;4;0;0;0;0
"10/07/2016";"04:49:00";"27";"com vítima";"177.15";"BR-050/MG";"Norte";"Colisão Traseira";0;0;1;1;0;0;0;0;0;0;1;0;0;0;1
"10/07/2016";"09:11:00";"82";"sem vítima";"39";"BR-050/MG";"Sul";"Colisão Lateral";1;0;0;0;0;0;0;0;0;1;2;0;0;0;0
"10/07/2016";"02:11:00";"129";"sem vítima";"184.3";"BR-050/MG";"Norte";"Colisão Lateral";1;0;1;0;0;0;0;0;0;0;2;0;0;0;0
"10/07/2016";"07:55:00";"227";"sem vítima";"265";"BR-050/GO";"Norte";"Colisão Lateral";2;0;0;0;0;0;0;0;0;0;7;0;0;0;0
"11/07/2016";"12:17:00";"152";"sem vítima";"104";"BR-050/GO";"Norte";"Saida de Pista";1;0;0;0;0;0;0;0;0;0;1;0;0;0;0
"11/07/2016";"02:28:00";"174";"com vítima";"29";"BR-050/MG";"Norte";"Queda de Moto";0;0;0;1;0;0;0;0;0;0;0;2;0;0;0
"12/07/2016";"07:37:00";"67";"sem vítima";"273.5";"BR-050/GO";"Norte";"Colisão Lateral";0;0;1;0;0;0;0;0;0;1;3;0;0;0;0
"12/07/2016";"07:46:00";"75";"com vítima";"174.9";"BR-050/GO";"Norte";"Colisão Traseira";1;0;1;0;0;0;0;0;0;0;2;2;0;0;0
"12/07/2016";"09:53:00";"93";"sem vítima";"255.9";"BR-050/GO";"Sul";"Colisão Traseira";2;0;0;0;0;0;0;0;0;0;3;0;0;0;0
"13/07/2016";"06:06:00";"235";"com vítima";"198.625";"BR-050/GO";"Sul";"Colisão Lateral";0;0;1;0;0;0;0;0;0;1;7;3;2;2;0
"14/07/2016";"06:44:00";"43";"com vítima";"2.9";"CT-UDI-MG";"Norte";"Choque - Arvore";0;0;1;0;0;0;0;0;0;0;0;0;0;0;1
"14/07/2016";"07:13:00";"62";"sem vítima";"125.8";"BR-050/GO";"Sul";"Atropelamento de Animal";1;0;0;0;0;0;0;0;0;0;1;0;0;0;0
"14/07/2016";"09:08:00";"103";"com vítima";"186.3";"BR-050/MG";"Norte";"Queda de Moto";0;0;0;1;0;0;0;0;0;0;0;0;2;0;0
"14/07/2016";"04:56:00";"189";"com vítima";"280.6";"BR-050/GO";"Sul";"Colisão Transversal";1;0;1;0;0;0;0;0;0;0;2;0;2;0;0
"15/07/2016";"08:01:00";"76";"com vítima";"180.4";"BR-050/MG";"Sul";"Colisão Traseira";1;0;0;1;0;0;0;0;0;0;4;0;1;0;0
"15/07/2016";"12:55:00";"147";"com vítima";"181";"BR-050/MG";"Sul";"Colisão Traseira";0;0;0;1;0;0;0;0;0;0;0;1;0;0;0
"16/07/2016";"04:20:00";"169";"com vítima";"119.88";"BR-050/GO";"Norte";"Capotamento";1;0;0;0;0;0;0;0;0;0;0;1;0;0;0
"16/07/2016";"05:43:00";"186";"sem vítima";"45.1";"BR-050/MG";"Norte";"Queda de Moto";0;0;0;1;0;0;0;0;0;0;1;0;0;0;0
"16/07/2016";"06:07:00";"196";"com vítima";"34.9";"BR-050/MG";"Norte";"Capotamento";1;0;0;0;0;0;0;0;0;0;0;0;0;1;0
"17/07/2016";"12:09:00";"2";"sem vítima";"104.95";"BR-050/MG";"Sul";"Queda de Moto";0;0;0;1;0;0;0;0;0;0;1;0;0;0;0
"17/07/2016";"12:54:00";"6";"sem vítima";"272.05";"BR-050/GO";"Norte";"Colisão Traseira";2;0;0;0;0;0;0;0;0;0;2;0;0;0;0
"17/07/2016";"04:37:00";"24";"com vítima";"272.4";"BR-050/GO";"Sul";"Colisão Traseira";2;0;0;0;0;0;0;0;0;0;4;1;0;0;0
"17/07/2016";"06:22:00";"36";"com vítima";"197.6";"BR-050/GO";"Sul";"Capotamento";1;0;0;0;0;0;0;0;0;0;4;1;0;0;0
"17/07/2016";"07:22:00";"67";"sem vítima";"38.8";"BR-050/MG";"Norte";"Queda de Moto";0;0;0;1;0;0;0;0;0;0;1;0;0;0;0
"18/07/2016";"07:37:00";"92";"com vítima";"99.3";"BR-050/MG";"Norte";"Capotamento";1;0;0;0;0;0;0;0;0;0;0;0;1;0;0
"18/07/2016";"09:41:00";"269";"sem vítima";"105";"BR-050/MG";"Sul";"Colisão Traseira";0;0;2;0;0;0;0;0;0;0;3;0;0;0;0
"19/07/2016";"10:16:00";"100";"com vítima";"97.1";"BR-050/MG";"Sul";"Choque - Arvore";0;0;0;0;0;0;0;0;0;1;0;1;0;0;0
"19/07/2016";"10:22:00";"102";"com vítima";"107.6";"BR-050/GO";"Norte";"Colisão Lateral";0;1;0;0;0;0;0;0;0;1;1;1;0;0;0
"19/07/2016";"02:10:00";"131";"sem vítima";"174.98";"BR-050/MG";"Norte";"Colisão Lateral";2;0;0;0;0;0;0;0;0;0;3;0;0;0;0
"19/07/2016";"05:59:00";"178";"com vítima";"21.6";"CT-UDI-MG";"Sul";"Atropelamento - Ciclista";0;1;0;0;0;0;0;0;0;1;2;0;0;1;0
"19/07/2016";"10:10:00";"252";"sem vítima";"96.4";"BR-050/GO";"Norte";"Saida de Pista";1;0;0;0;0;0;0;0;0;0;2;0;0;0;0
"20/07/2016";"07:03:00";"215";"sem vítima";"185.7";"BR-050/MG";"Sul";"Colisão Traseira";1;0;0;0;0;0;0;0;0;1;2;0;0;0;0
"21/07/2016";"05:04:00";"193";"sem vítima";"97.8";"BR-050/GO";"Norte";"Colisão Lateral";0;0;0;1;0;0;0;0;0;1;3;0;0;0;0
"21/07/2016";"07:03:00";"226";"sem vítima";"234.9";"BR-050/GO";"Norte";"Colisão Traseira";0;0;2;1;0;0;0;0;0;0;3;0;0;0;0
"22/07/2016";"12:09:00";"1";"com vítima";"93.7";"BR-050/MG";"Norte";"Colisão Traseira";0;0;2;0;0;0;0;0;0;0;0;0;1;2;0
"22/07/2016";"01:05:00";"167";"com vítima";"112.28";"BR-050/MG";"Norte";"Capotamento";1;0;0;0;0;0;0;0;0;0;0;0;1;0;0
"22/07/2016";"08:49:00";"291";"sem vítima";"1";"BR-050/MG";"Sul";"Colisão Traseira";2;0;0;0;0;0;0;0;0;1;4;0;0;0;0
"23/07/2016";"09:03:00";"228";"sem vítima";"287.25";"BR-050/GO";"Norte";"Saida de Pista";1;0;0;0;0;0;0;0;0;0;1;0;0;0;0
"24/07/2016";"02:58:00";"10";"sem vítima";"54.06";"BR-050/MG";"Sul";"Choque - Defensa, barreira ou meio fio";1;0;0;0;0;0;0;0;0;0;2;0;0;0;0
"24/07/2016";"04:53:00";"23";"sem vítima";"9.2";"CT-UDI-MG";"Sul";"Choque - Defensa, barreira ou meio fio";1;0;0;0;0;0;0;0;0;0;1;0;0;0;0
"24/07/2016";"08:51:00";"81";"sem vítima";"61";"BR-050/MG";"Norte";"Choque - Elemento de Drenagem";1;0;0;0;0;0;0;0;0;0;1;0;0;0;0
"24/07/2016";"09:36:00";"86";"sem vítima";"51.8";"BR-050/MG";"Norte";"Colisão Lateral";0;0;0;2;0;0;0;0;0;0;3;0;0;0;0
"24/07/2016";"02:48:00";"130";"com vítima";"6.07";"BR-050/MG";"Sul";"Capotamento";1;0;0;0;0;0;0;0;0;0;0;1;0;0;0
"25/07/2016";"02:01:00";"10";"sem vítima";"21.1";"CT-UDI-MG";"Norte";"Choque - Poste";1;0;0;0;0;0;0;0;0;0;1;0;0;0;0
"25/07/2016";"10:35:00";"122";"sem vítima";"193.9";"BR-050/GO";"Norte";"Choque - Arvore";0;0;0;0;0;0;0;0;0;1;1;0;0;0;0
"25/07/2016";"01:25:00";"148";"com vítima";"154";"BR-050/GO";"Sul";"Colisão Transversal";1;0;0;0;0;0;0;0;0;1;6;2;0;0;0
"25/07/2016";"06:44:00";"209";"sem vítima";"190";"BR-050/MG";"Sul";"Choque - Defensa, barreira ou meio fio";1;0;0;0;0;0;0;0;0;0;1;0;0;0;0
"28/07/2016";"04:53:00";"191";"sem vítima";"117";"BR-050/MG";"Norte";"Choque - Talude";1;0;0;0;0;0;0;0;0;0;1;0;0;0;0
"29/07/2016";"12:36:00";"154";"com vítima";"17";"BR-050/MG";"Norte";"Choque - Suporte de Sinalização";0;0;0;1;0;0;0;0;0;0;0;0;1;0;0
"29/07/2016";"02:55:00";"171";"sem vítima";"49";"BR-050/MG";"Sul";"Saida de Pista";1;0;0;0;0;0;0;0;0;0;1;0;0;0;0
"30/07/2016";"02:52:00";"26";"sem vítima";"192.43";"BR-050/GO";"Sul";"Saida de Pista";0;0;1;0;0;0;0;0;0;0;2;0;0;0;0
"30/07/2016";"11:48:00";"143";"sem vítima";"138.1";"BR-050/MG";"Norte";"Capotamento";1;0;0;0;0;0;0;0;0;0;3;0;0;0;0
"30/07/2016";"06:17:00";"227";"sem vítima";"273";"BR-050/GO";"Sul";"Queda de Moto";0;0;0;1;0;0;0;0;0;0;1;0;0;0;0
"30/07/2016";"06:54:00";"242";"com vítima";"104";"BR-050/GO";"Norte";"Colisão Traseira";1;0;1;0;0;0;0;0;0;0;1;1;0;0;0
"30/07/2016";"08:56:00";"278";"com vítima";"314";"BR-050/GO";"Norte";"Colisão Frontal";0;0;1;0;0;0;0;0;0;1;1;1;0;0;0
"31/07/2016";"12:48:00";"6";"sem vítima";"288.5";"BR-050/GO";"Sul";"Atropelamento de Animal";1;0;0;0;0;0;0;0;0;0;4;0;0;0;0
"31/07/2016";"04:46:00";"25";"com vítima";"40";"BR-050/MG";"Norte";"Capotamento";1;0;0;0;0;0;0;0;0;0;0;0;1;0;0
"31/07/2016";"10:11:00";"86";"sem vítima";"87.4";"BR-050/MG";"Sul";"Colisão Lateral";0;0;1;0;0;0;0;0;0;1;3;0;0;0;0
"31/07/2016";"11:38:00";"108";"sem vítima";"268.3";"BR-050/GO";"Sul";"Capotamento";1;0;0;0;0;0;0;0;0;0;4;0;0;0;0
"01/08/2016";"05:56:00";"28";"com vítima";"173.46";"BR-050/MG";"Norte";"Atropelamento - Andarilho";0;0;0;0;0;0;0;0;0;1;2;0;0;0;1
"01/08/2016";"07:51:00";"73";"sem vítima";"39";"BR-050/MG";"Norte";"Queda de Moto";0;0;0;1;0;0;0;0;0;0;1;0;0;0;0
"01/08/2016";"11:24:00";"141";"com vítima";"160.46";"BR-050/MG";"Norte";"Queda de Moto";0;0;0;1;0;0;0;0;0;0;1;0;1;0;0
"01/08/2016";"02:15:00";"168";"com vítima";"21";"CT-UDI-MG";"Sul";"Choque - Elemento de Drenagem";1;0;0;0;0;0;0;0;0;0;0;1;0;0;0
"01/08/2016";"03:29:00";"189";"sem vítima";"27";"BR-050/MG";"Sul";"Choque - Defensa, barreira ou meio fio";1;0;0;0;0;0;0;0;0;0;1;0;0;0;0
"01/08/2016";"07:26:00";"260";"sem vítima";"281";"BR-050/GO";"Sul";"Colisão Lateral";1;0;0;0;1;0;0;0;0;0;2;0;0;0;0
"01/08/2016";"08:33:00";"279";"sem vítima";"166.5";"BR-050/GO";"Norte";"Saida de Pista";1;0;0;0;0;0;0;0;0;0;2;0;0;0;0
"02/08/2016";"06:55:00";"230";"com vítima";"199.4";"BR-050/GO";"Norte";"Colisão Lateral";1;0;1;0;0;0;0;0;0;0;3;1;0;0;0
"02/08/2016";"07:24:00";"256";"com vítima";"55.982";"BR-050/MG";"Norte";"Atropelamento de Animal";1;0;0;0;0;0;0;0;0;0;1;0;3;0;0
"03/08/2016";"05:57:00";"48";"sem vítima";"313.5";"BR-050/GO";"Sul";"Tombamento";0;0;1;0;0;0;0;0;0;0;1;0;0;0;0
"03/08/2016";"08:37:00";"103";"com vítima";"173.95";"BR-050/GO";"Sul";"Colisão Transversal";0;0;1;0;0;0;0;0;0;1;1;0;0;1;0
"04/08/2016";"06:09:00";"223";"com vítima";"135.5";"BR-050/MG";"Sul";"Tombamento";0;0;1;0;0;0;0;0;0;0;0;0;0;1;0
"04/08/2016";"06:28:00";"224";"com vítima";"283";"BR-050/GO";"Norte";"Colisão Lateral";2;0;0;0;0;0;0;0;0;0;0;7;0;0;0
"04/08/2016";"08:05:00";"254";"sem vítima";"98.3";"BR-050/GO";"Sul";"Colisão Lateral";1;0;0;0;0;0;0;0;0;0;4;0;0;0;0
"04/08/2016";"08:22:00";"259";"sem vítima";"177";"BR-050/MG";"Norte";"Colisão Traseira";2;0;0;0;0;0;0;0;0;0;2;0;0;0;0
"04/08/2016";"09:20:00";"265";"com vítima";"195.5";"BR-050/MG";"Sul";"Colisão Traseira";0;0;2;0;0;0;0;0;0;0;1;0;0;1;0
"04/08/2016";"11:01:00";"278";"com vítima";"21";"BR-050/MG";"Sul";"Colisão Traseira";1;0;1;0;0;0;0;0;0;0;4;2;0;0;0
"05/08/2016";"05:20:00";"27";"sem vítima";"98.6";"BR-050/MG";"Norte";"Atropelamento de Animal";1;0;0;0;0;0;0;0;0;0;1;0;0;0;0
"05/08/2016";"06:11:00";"36";"sem vítima";"160.6";"BR-050/MG";"Sul";"Atropelamento de Animal";0;0;1;0;0;0;0;0;0;0;1;0;0;0;0
"05/08/2016";"03:31:00";"193";"com vítima";"15.9";"CT-UDI-MG";"Norte";"Choque - Defensa, barreira ou meio fio";1;0;0;0;0;0;0;0;0;0;0;0;0;1;0
"05/08/2016";"07:12:00";"251";"sem vítima";"165.95";"BR-050/MG";"Sul";"Atropelamento de Animal";0;0;0;0;0;0;0;0;0;1;2;0;0;0;0
"05/08/2016";"07:46:00";"267";"com vítima";"53.96";"BR-050/MG";"Sul";"Colisão Traseira";0;0;2;0;0;0;0;0;0;0;1;0;1;0;0
"06/08/2016";"07:27:00";"74";"sem vítima";"42";"BR-050/MG";"Sul";"Colisão Traseira";1;0;1;0;0;0;0;0;0;0;3;0;0;0;0
"07/08/2016";"03:23:00";"36";"com vítima";"176";"BR-050/MG";"Norte";"Queda de Moto";0;0;0;1;0;0;0;0;0;0;0;0;1;0;0
"07/08/2016";"08:25:00";"92";"com vítima";"171.86";"BR-050/MG";"Sul";"Tombamento";0;0;0;0;0;0;0;0;0;1;0;0;1;0;0
"07/08/2016";"01:19:00";"134";"sem vítima";"57";"BR-050/MG";"Norte";"Queda de Moto";0;0;0;1;0;0;0;0;0;0;2;0;0;0;0
"07/08/2016";"03:21:00";"146";"sem vítima";"270";"BR-050/GO";"Sul";"Saida de Pista";0;0;0;1;0;0;0;0;0;0;1;0;0;0;0
"07/08/2016";"08:27:00";"248";"com vítima";"174";"BR-050/MG";"Sul";"Choque - Defensa, barreira ou meio fio";1;0;0;0;0;0;0;0;0;0;3;0;2;0;0
"07/08/2016";"09:27:00";"259";"sem vítima";"195.95";"BR-050/GO";"Sul";"Queda de Moto";0;0;0;1;0;0;0;0;0;0;1;0;0;0;0
"08/08/2016";"05:57:00";"244";"sem vítima";"28";"BR-050/MG";"Sul";"Carreta deu L";0;0;1;0;0;0;0;0;0;0;1;0;0;0;0
"08/08/2016";"06:38:00";"250";"sem vítima";"273";"BR-050/GO";"Sul";"Colisão Lateral";1;0;0;0;0;0;0;0;0;0;3;0;0;0;0
"08/08/2016";"08:13:00";"290";"com vítima";"182.6";"BR-050/MG";"Sul";"Choque - Objeto sobre a pista";0;0;0;1;0;0;0;0;0;0;0;0;0;1;0
"09/08/2016";"04:50:00";"22";"com vítima";"218.8";"BR-050/GO";"Norte";"Capotamento";0;0;1;0;0;0;0;0;0;0;0;1;0;0;0
"10/08/2016";"03:11:00";"196";"com vítima";"55.44";"BR-050/MG";"Norte";"Choque - Barranco";0;0;0;0;0;0;0;0;0;1;1;0;1;0;0
"10/08/2016";"04:46:00";"212";"sem vítima";"180.63";"BR-050/MG";"Norte";"Choque - Defensa, barreira ou meio fio";1;0;0;0;0;0;0;0;0;0;1;0;0;0;0
"10/08/2016";"08:24:00";"285";"com vítima";"81.95";"BR-050/MG";"Norte";"Colisão Traseira";1;0;3;0;0;0;0;0;0;0;6;0;0;0;1
"11/08/2016";"09:47:00";"123";"sem vítima";"169.6";"BR-050/MG";"Sul";"Saida de Pista";0;0;0;0;0;0;0;0;0;1;1;0;0;0;0
"11/08/2016";"10:58:00";"134";"sem vítima";"43";"BR-050/MG";"Norte";"Colisão Traseira";0;0;2;0;0;0;0;0;0;0;3;0;0;0;0
"11/08/2016";"02:47:00";"172";"sem vítima";"92.8";"BR-050/MG";"Norte";"Saida de Pista";0;0;0;0;0;0;0;0;0;1;1;0;0;0;0
"11/08/2016";"10:40:00";"278";"com vítima";"54.19";"BR-050/MG";"Sul";"Capotamento";1;0;0;0;0;0;0;0;0;0;0;0;2;0;0
"12/08/2016";"02:17:00";"9";"com vítima";"209.6";"BR-050/GO";"Norte";"Choque - Talude";1;0;0;0;0;0;0;0;0;0;0;0;1;1;1
"12/08/2016";"06:21:00";"46";"sem vítima";"189.6";"BR-050/MG";"Norte";"Colisão Traseira";0;0;2;0;0;0;0;0;0;0;2;0;0;0;0
"12/08/2016";"07:05:00";"62";"com vítima";"171.7";"BR-050/MG";"Sul";"Colisão Traseira";1;0;0;1;0;0;0;0;0;0;1;1;0;0;0
"12/08/2016";"06:25:00";"229";"sem vítima";"168.62";"BR-050/MG";"Norte";"Capotamento";0;0;0;0;0;0;0;0;0;1;2;0;0;0;0
"12/08/2016";"08:24:00";"280";"com vítima";"138.22";"BR-050/MG";"Sul";"Colisão Traseira";1;0;1;0;0;0;0;0;0;0;1;0;0;1;0
"12/08/2016";"08:35:00";"285";"com vítima";"236.3";"BR-050/GO";"Sul";"Capotamento";1;0;0;0;0;0;0;0;0;0;0;0;0;1;0
"13/08/2016";"01:56:00";"17";"sem vítima";"64.4";"BR-050/MG";"Norte";"Atropelamento de Animal";0;0;0;0;0;0;0;0;0;1;1;0;0;0;0
"13/08/2016";"10:11:00";"121";"sem vítima";"174.1";"BR-050/MG";"Sul";"Colisão Traseira";1;0;1;0;0;0;0;0;0;0;2;0;0;0;0
"13/08/2016";"04:21:00";"182";"sem vítima";"17";"BR-050/MG";"Norte";"Choque - Defensa, barreira ou meio fio";1;0;0;0;0;0;0;0;0;0;1;0;0;0;0
"13/08/2016";"06:00:00";"199";"com vítima";"179.7";"BR-050/MG";"Norte";"Queda de Moto";0;0;0;1;0;0;0;0;0;0;0;0;1;0;0
"13/08/2016";"06:54:00";"212";"sem vítima";"51.7";"BR-050/MG";"Sul";"Choque - Veiculo parado na pista";2;0;1;0;0;0;0;0;0;0;6;0;0;0;0
"14/08/2016";"07:05:00";"37";"com vítima";"82";"BR-050/MG";"Sul";"Saida de Pista";1;0;0;0;0;0;0;0;0;0;0;1;0;0;0
"14/08/2016";"08:03:00";"65";"com vítima";"97.7";"BR-050/GO";"Norte";"Colisão Transversal";0;0;0;1;0;0;0;0;0;1;1;0;1;0;0
"14/08/2016";"09:30:00";"75";"com vítima";"149.2";"BR-050/GO";"Sul";"Capotamento";1;0;0;0;0;0;0;0;0;0;0;0;1;0;0
"14/08/2016";"09:47:00";"220";"sem vítima";"238.4";"BR-050/GO";"Norte";"Queda de Moto";0;0;0;1;0;0;0;0;0;0;1;0;0;0;0
"15/08/2016";"01:52:00";"135";"sem vítima";"309.8";"BR-050/GO";"Norte";"Colisão Traseira";0;0;0;0;0;1;0;0;0;1;3;0;0;0;0
"15/08/2016";"03:30:00";"155";"com vítima";"154.8";"BR-050/MG";"Norte";"Capotamento";1;0;0;0;0;0;0;0;0;0;0;2;0;0;0
"15/08/2016";"06:16:00";"196";"com vítima";"105.45";"BR-050/GO";"Norte";"Capotamento";1;0;0;0;0;0;0;0;0;0;2;2;0;0;0
"15/08/2016";"06:49:00";"206";"com vítima";"41.95";"BR-050/MG";"Sul";"Colisão Traseira";2;0;0;0;0;0;0;0;0;0;8;2;0;0;0
"15/08/2016";"09:24:00";"255";"sem vítima";"169.6";"BR-050/MG";"Sul";"Carreta deu L";0;0;1;0;0;0;0;0;0;0;1;0;0;0;0
"15/08/2016";"10:03:00";"260";"sem vítima";"169.95";"BR-050/MG";"Norte";"Tombamento";0;0;1;0;0;0;0;0;0;0;1;0;0;0;0
"16/08/2016";"07:08:00";"56";"sem vítima";"47.06";"BR-050/MG";"Norte";"Choque - Defensa, barreira ou meio fio";1;0;0;0;0;0;0;0;0;0;2;0;0;0;0
"16/08/2016";"09:29:00";"94";"sem vítima";"177.6";"BR-050/MG";"Sul";"Choque - Defensa, barreira ou meio fio";1;0;0;0;0;0;0;0;0;0;1;0;0;0;0