data;horario;n_da_ocorrencia;tipo_de_ocorrencia;km;trecho;sentido;tipo_de_acidente;automovel;bicicleta;caminhao;moto;onibus;outros;tracao_animal;transporte_de_cargas_especiais;trator_maquinas;utilitarios;ilesos;levemente_feridos;moderadamente_feridos;gravemente_feridos;mortos
"16/08/2016";"09:53:00";"107";"com vítima";"177.5";"BR-050/MG";"Norte";"Colisão Traseira";1;0;1;0;0;0;0;0;0;0;1;0;1;0;0
"16/08/2016";"03:25:00";"157";"sem vítima";"48.8";"BR-050/MG";"Norte";"Choque - Defensa, barreira ou meio fio";1;0;0;0;0;0;0;0;0;0;1;0;0;0;0
"16/08/2016";"06:39:00";"186";"sem vítima";"98.5";"BR-050/MG";"Sul";"Atropelamento de Animal";1;0;0;0;0;0;0;0;0;0;1;0;0;0;0
"16/08/2016";"11:32:00";"254";"sem vítima";"63.94";"BR-050/MG";"Sul";"Choque - Defensa, barreira ou meio fio";0;0;1;0;0;0;0;0;0;0;1;0;0;0;0
"18/08/2016";"09:33:00";"116";"com vítima";"15";"CT-UDI-MG";"Sul";"Colisão Lateral";0;0;1;0;0;0;0;0;0;1;1;1;0;1;0
"18/08/2016";"03:10:00";"174";"sem vítima";"155";"BR-050/MG";"Sul";"Colisão Traseira";0;0;2;0;0;0;0;0;0;0;4;0;0;0;0
"19/08/2016";"09:55:00";"283";"sem vítima";"162.38";"BR-050/MG";"Sul";"Colisão Traseira";2;0;0;0;0;0;0;0;0;0;5;0;0;0;0
"20/08/2016";"03:13:00";"12";"sem vítima";"264";"BR-050/GO";"Norte";"Saida de Pista";0;0;0;0;0;0;0;0;0;1;1;0;0;0;0
"20/08/2016";"08:25:00";"72";"com vítima";"260.2";"BR-050/GO";"Norte";"Choque - Talude";0;1;0;0;0;0;0;0;0;0;0;1;0;0;0
"21/08/2016";"01:44:00";"13";"com vítima";"181.8";"BR-050/GO";"Norte";"Capotamento";1;0;0;0;0;0;0;0;0;0;0;0;0;1;1
"21/08/2016";"06:04:00";"32";"com vítima";"173.4";"BR-050/MG";"Norte";"Capotamento";0;0;0;0;0;0;0;0;0;1;1;0;5;3;1
"21/08/2016";"07:56:00";"67";"sem vítima";"53.04";"BR-050/MG";"Norte";"Choque - Talude";0;0;1;0;0;0;0;0;0;0;1;0;0;0;0
"21/08/2016";"08:29:00";"72";"sem vítima";"25";"BR-050/MG";"Norte";"Choque - Talude";1;0;0;0;0;0;0;0;0;0;2;0;0;0;0
"21/08/2016";"12:04:00";"95";"sem vítima";"56.4";"BR-050/MG";"Norte";"Choque - Defensa, barreira ou meio fio";1;0;0;0;0;0;0;0;0;0;1;0;0;0;0
"21/08/2016";"07:00:00";"155";"sem vítima";"44.2";"BR-050/MG";"Sul";"Choque - Elemento de Drenagem";1;0;0;0;0;0;0;0;0;0;1;0;0;0;0
"22/08/2016";"05:06:00";"203";"sem vítima";"170.95";"BR-050/MG";"Norte";"Engavetamento";0;0;2;0;0;0;0;0;0;1;3;0;0;0;0
"22/08/2016";"07:18:00";"253";"sem vítima";"280";"BR-050/GO";"Norte";"Colisão Transversal";1;0;1;0;0;0;0;0;0;0;3;0;0;0;0
"23/08/2016";"04:50:00";"181";"sem vítima";"46.6";"BR-050/MG";"Sul";"Choque - Defensa, barreira ou meio fio";1;0;0;0;0;0;0;0;0;0;1;0;0;0;0
"23/08/2016";"07:39:00";"242";"com vítima";"176.8";"BR-050/MG";"Norte";"Colisão Traseira";1;0;0;1;0;0;0;0;0;0;1;0;1;0;0
"24/08/2016";"08:21:00";"69";"com vítima";"176";"BR-050/MG";"Norte";"Choque - Talude";0;0;0;0;0;0;0;0;0;1;1;0;1;0;0
"24/08/2016";"08:15:00";"275";"sem vítima";"166";"BR-050/MG";"Norte";"Choque - Suporte de Sinalização";0;0;0;0;0;0;0;0;0;1;1;0;0;0;0
"25/08/2016";"12:54:00";"2";"sem vítima";"210.35";"BR-050/GO";"Sul";"Capotamento";0;0;1;0;0;0;0;0;0;0;1;0;0;0;0
"25/08/2016";"03:41:00";"17";"sem vítima";"102";"BR-050/MG";"Sul";"Atropelamento de Animal";0;0;1;0;0;0;0;0;0;0;1;0;0;0;0
"25/08/2016";"05:26:00";"216";"sem vítima";"54.14";"BR-050/MG";"Norte";"Carreta deu L";0;0;1;0;0;0;0;0;0;0;1;0;0;0;0
"25/08/2016";"07:27:00";"259";"sem vítima";"39.6";"BR-050/MG";"Norte";"Choque - Defensa, barreira ou meio fio";0;0;0;0;0;0;0;0;0;1;2;0;0;0;0
"26/08/2016";"06:42:00";"38";"sem vítima";"171.6";"BR-050/MG";"Norte";"Choque - Defensa, barreira ou meio fio";1;0;0;0;0;0;0;0;0;0;1;0;0;0;0
"27/08/2016";"01:47:00";"11";"com vítima";"102.4";"BR-050/MG";"Norte";"Atropelamento de Animal";0;0;2;0;0;0;0;0;0;1;2;0;0;1;0
"27/08/2016";"06:48:00";"54";"sem vítima";"39";"BR-050/MG";"Norte";"Choque - Defensa, barreira ou meio fio";0;0;0;0;0;0;0;0;0;1;1;0;0;0;0
"27/08/2016";"12:52:00";"143";"sem vítima";"92";"BR-050/MG";"Norte";"Saida de Pista";1;0;0;0;0;0;0;0;0;0;1;0;0;0;0
"27/08/2016";"02:26:00";"157";"sem vítima";"5";"BR-050/MG";"Sul";"Saida de Pista";1;0;0;0;0;0;0;0;0;0;4;0;0;0;0
"27/08/2016";"03:26:00";"172";"com vítima";"201.5";"BR-050/GO";"Norte";"Colisão Frontal";1;0;2;0;0;0;0;0;0;0;3;0;0;0;1
"27/08/2016";"04:50:00";"178";"com vítima";"174.5";"BR-050/MG";"Norte";"Choque - Defensa, barreira ou meio fio";1;0;0;0;0;0;0;0;0;0;2;0;1;0;0
"28/08/2016";"08:08:00";"59";"sem vítima";"6.1";"CT-UDI-MG";"Norte";"Choque - Elemento de Drenagem";1;0;0;0;0;0;0;0;0;0;1;0;0;0;0
"28/08/2016";"11:59:00";"92";"sem vítima";"221.8";"BR-050/GO";"Sul";"Colisão Frontal";1;0;0;0;0;0;0;0;0;1;6;0;0;0;0
"28/08/2016";"12:37:00";"99";"sem vítima";"163.8";"BR-050/MG";"Sul";"Choque - Defensa, barreira ou meio fio";1;0;0;0;0;0;0;0;0;0;2;0;0;0;0
"28/08/2016";"04:04:00";"133";"com vítima";"159.96";"BR-050/MG";"Sul";"Capotamento";1;0;0;0;0;0;0;0;0;0;0;0;1;0;4
"28/08/2016";"05:37:00";"151";"sem vítima";"300";"BR-050/GO";"Norte";"Colisão Traseira";2;0;0;0;0;0;0;0;0;0;7;0;0;0;0
"28/08/2016";"10:09:00";"238";"com vítima";"177.4";"BR-050/MG";"Norte";"Colisão Traseira";1;0;0;1;0;0;0;0;0;0;1;0;0;1;0
"29/08/2016";"06:44:00";"29";"com vítima";"36";"BR-050/MG";"Norte";"Queda de Moto";0;0;0;1;0;0;0;0;0;0;0;0;1;0;0
"29/08/2016";"07:20:00";"59";"sem vítima";"179";"BR-050/MG";"Sul";"Saida de Pista";0;0;1;0;0;0;0;0;0;0;1;0;0;0;0
"29/08/2016";"10:26:00";"126";"com vítima";"186.92";"BR-050/MG";"Norte";"Capotamento";1;0;0;0;0;0;0;0;0;0;0;0;1;0;0
"29/08/2016";"01:36:00";"151";"sem vítima";"54";"BR-050/MG";"Norte";"Choque - Defensa, barreira ou meio fio";1;0;0;0;0;0;0;0;0;0;1;0;0;0;0
"30/08/2016";"12:27:00";"3";"sem vítima";"203.9";"BR-050/MG";"Norte";"Choque - Elemento de Drenagem";0;0;1;0;0;0;0;0;0;0;1;0;0;0;0
"30/08/2016";"12:33:00";"155";"sem vítima";"110.7";"BR-050/GO";"Sul";"Tombamento";0;0;0;0;0;0;0;0;0;1;1;0;0;0;0
"30/08/2016";"04:17:00";"185";"sem vítima";"15";"CT-UDI-MG";"Sul";"Tombamento";0;0;1;0;0;0;0;0;0;0;1;0;0;0;0
"30/08/2016";"07:44:00";"252";"com vítima";"22";"BR-050/MG";"Sul";"Colisão Traseira";1;0;1;0;0;0;0;0;0;0;1;0;1;0;0
"30/08/2016";"08:32:00";"259";"sem vítima";"10";"BR-050/MG";"Norte";"Saida de Pista";0;0;0;0;0;0;0;0;0;1;1;0;0;0;0
"31/08/2016";"03:16:00";"11";"com vítima";"53.3";"BR-050/MG";"Norte";"Colisão Traseira";1;0;1;0;0;0;0;0;0;0;1;0;2;0;0
"31/08/2016";"08:21:00";"73";"sem vítima";"77";"BR-050/MG";"Norte";"Choque - Poste";1;0;0;0;0;0;0;0;0;0;2;0;0;0;0
"01/09/2016";"08:04:00";"71";"com vítima";"281.7";"BR-050/GO";"Norte";"Colisão Frontal";0;0;1;1;0;0;0;0;0;0;1;0;0;0;1
"02/09/2016";"10:15:00";"306";"sem vítima";"77";"BR-050/MG";"Norte";"Choque - Defensa, barreira ou meio fio";0;0;0;1;0;0;0;0;0;0;1;0;0;0;0
"03/09/2016";"04:38:00";"32";"sem vítima";"42.2";"BR-050/MG";"Norte";"Choque - Defensa, barreira ou meio fio";0;0;1;0;0;0;0;0;0;0;1;0;0;0;0
"03/09/2016";"06:02:00";"199";"com vítima";"204";"BR-050/MG";"Sul";"Capotamento";1;0;0;0;0;0;0;0;0;0;0;0;2;0;0
"03/09/2016";"08:08:00";"239";"com vítima";"279";"BR-050/GO";"Norte";"Colisão Transversal";1;0;0;0;0;0;0;0;0;1;1;1;0;0;0
"04/09/2016";"05:31:00";"20";"sem vítima";"22";"BR-050/MG";"Sul";"Choque - Defensa, barreira ou meio fio";0;0;0;0;0;0;0;0;0;1;5;0;0;0;0
"04/09/2016";"06:09:00";"25";"sem vítima";"270.18";"BR-050/GO";"Sul";"Saida de Pista";1;0;0;0;0;0;0;0;0;0;1;0;0;0;0
"04/09/2016";"06:16:00";"27";"com vítima";"264";"BR-050/GO";"Sul";"Capotamento";1;0;0;0;0;0;0;0;0;0;0;0;1;0;0
"04/09/2016";"06:58:00";"36";"sem vítima";"60.7";"BR-050/MG";"Norte";"Saida de Pista";1;0;0;0;0;0;0;0;0;0;2;0;0;0;0
"04/09/2016";"12:58:00";"105";"sem vítima";"18";"CT-UDI-MG";"Sul";"Colisão Lateral";1;0;0;1;0;0;0;0;0;0;4;0;0;0;0
"04/09/2016";"02:42:00";"114";"sem vítima";"96.5";"BR-050/MG";"Norte";"Colisão Traseira";0;0;2;0;0;0;0;0;0;0;2;0;0;0;0
"04/09/2016";"07:32:00";"212";"com vítima";"279";"BR-050/GO";"Sul";"Colisão Transversal";0;0;1;1;0;0;0;0;0;0;1;0;0;1;0
"04/09/2016";"07:44:00";"215";"sem vítima";"175.8";"BR-050/MG";"Sul";"Choque - Defensa, barreira ou meio fio";1;0;0;0;0;0;0;0;0;0;1;0;0;0;0
"04/09/2016";"08:22:00";"228";"sem vítima";"175.7";"BR-050/MG";"Sul";"Colisão Lateral";0;0;1;0;0;0;0;0;0;1;2;0;0;0;0
"05/09/2016";"02:22:00";"10";"com vítima";"272.6";"BR-050/GO";"Sul";"Choque - Defensa, barreira ou meio fio";1;0;0;0;0;0;0;0;0;0;0;1;0;0;0
"06/09/2016";"06:41:00";"34";"sem vítima";"13";"BR-050/MG";"Norte";"Colisão Traseira";0;0;1;0;0;0;0;0;0;1;2;0;0;0;0
"06/09/2016";"08:01:00";"73";"com vítima";"78.1";"BR-050/MG";"Norte";"Queda de Moto";0;0;0;1;0;0;0;0;0;0;1;1;0;0;0
"06/09/2016";"07:15:00";"242";"com vítima";"278.9";"BR-050/GO";"Sul";"Colisão Traseira";1;0;0;1;0;0;0;0;0;0;1;0;1;0;0
"07/09/2016";"05:29:00";"24";"com vítima";"85.89";"BR-050/MG";"Sul";"Colisão Lateral";0;0;0;1;0;2;0;0;0;0;2;0;1;0;0
"07/09/2016";"10:11:00";"103";"com vítima";"192.2";"BR-050/MG";"Norte";"Tombamento";0;0;1;0;0;0;0;0;0;0;0;1;0;0;0
"07/09/2016";"05:24:00";"183";"sem vítima";"172";"BR-050/MG";"Sul";"Capotamento";1;0;0;0;0;0;0;0;0;0;1;0;0;0;0
"07/09/2016";"07:12:00";"222";"sem vítima";"186.78";"BR-050/GO";"Sul";"Saida de Pista";0;0;0;0;0;0;0;0;0;1;2;0;0;0;0
"07/09/2016";"11:53:00";"265";"com vítima";"80.3";"BR-050/MG";"Norte";"Colisão Traseira";0;0;1;0;0;1;0;0;0;0;1;0;1;0;0
"07/09/2016";"11:53:00";"264";"sem vítima";"136";"BR-050/MG";"Norte";"Saida de Pista";1;0;0;0;0;0;0;0;0;0;1;0;0;0;0
"09/09/2016";"03:09:00";"179";"sem vítima";"113";"BR-050/MG";"Norte";"Capotamento";0;0;1;0;0;0;0;0;0;0;1;0;0;0;0
"09/09/2016";"07:13:00";"244";"com vítima";"143.6";"BR-050/GO";"Norte";"Colisão Lateral";1;0;1;0;0;0;0;0;0;0;3;2;0;0;0
"09/09/2016";"11:38:00";"291";"com vítima";"0.8";"BR-050/MG";"Norte";"Capotamento";1;0;0;0;0;0;0;0;0;0;0;0;1;0;0
"10/09/2016";"12:52:00";"2";"com vítima";"78.68";"BR-050/MG";"Sul";"Colisão Frontal";1;0;0;0;0;0;0;0;0;1;2;1;1;1;0
"10/09/2016";"08:03:00";"57";"com vítima";"139.125";"BR-050/GO";"Sul";"Colisão Traseira";1;0;0;1;0;0;0;0;0;0;3;0;1;0;0
"11/09/2016";"04:56:00";"17";"com vítima";"133";"BR-050/MG";"Norte";"Choque - Arvore";1;0;0;0;0;0;0;0;0;0;0;0;0;2;0
"11/09/2016";"11:16:00";"99";"sem vítima";"296.5";"BR-050/GO";"Sul";"Choque - Veiculo parado na pista";2;0;0;0;0;0;0;0;0;0;3;0;0;0;0
"11/09/2016";"07:34:00";"214";"com vítima";"110.78";"BR-050/MG";"Norte";"Capotamento";1;0;0;0;0;0;0;0;0;0;0;1;0;0;0
"12/09/2016";"03:07:00";"163";"com vítima";"313.4";"BR-050/GO";"Norte";"Choque - Defensa, barreira ou meio fio";0;0;0;1;0;0;0;0;0;0;0;0;1;0;0
"12/09/2016";"10:11:00";"272";"sem vítima";"168";"BR-050/MG";"Norte";"Choque - Defensa, barreira ou meio fio";1;0;0;0;0;0;0;0;0;0;1;0;0;0;0
"13/09/2016";"02:53:00";"197";"sem vítima";"271.2";"BR-050/GO";"Sul";"Colisão Traseira";2;0;0;0;0;0;0;0;0;0;4;0;0;0;0
"14/09/2016";"04:58:00";"27";"sem vítima";"99.5";"BR-050/MG";"Norte";"Colisão Traseira";0;0;2;0;0;0;0;0;0;0;2;0;0;0;0
"14/09/2016";"07:00:00";"56";"com vítima";"161.1";"BR-050/MG";"Sul";"Capotamento";1;0;0;0;0;0;0;0;0;0;0;0;1;0;0
"14/09/2016";"09:42:00";"106";"sem vítima";"233.8";"BR-050/GO";"Sul";"Choque - Defensa, barreira ou meio fio";1;0;0;0;0;0;0;0;0;0;1;0;0;0;0
"14/09/2016";"10:50:00";"122";"sem vítima";"25.9";"BR-050/MG";"Sul";"Choque - Defensa, barreira ou meio fio";1;0;0;0;0;0;0;0;0;0;1;0;0;0;0
"14/09/2016";"12:07:00";"146";"com vítima";"206";"BR-050/GO";"Norte";"Colisão Traseira";1;0;0;1;0;0;0;0;0;0;1;1;0;0;0
"15/09/2016";"11:04:00";"143";"sem vítima";"41";"BR-050/MG";"Norte";"Colisão Lateral";1;0;0;1;0;0;0;0;0;0;2;0;0;0;0
"15/09/2016";"04:14:00";"197";"sem vítima";"178.5";"BR-050/MG";"Sul";"Carreta deu L";0;0;1;0;0;0;0;0;0;0;1;0;0;0;0
"16/09/2016";"04:56:00";"20";"sem vítima";"150";"BR-050/MG";"Sul";"Tombamento";0;0;1;0;0;0;0;0;0;0;2;0;0;0;0
"16/09/2016";"09:57:00";"133";"com vítima";"80.6";"BR-050/MG";"Norte";"Colisão Traseira";1;0;1;0;0;0;0;0;0;0;1;2;0;0;0
"16/09/2016";"07:21:00";"262";"sem vítima";"243";"BR-050/GO";"Sul";"Atropelamento de Animal";2;0;0;0;0;0;0;0;0;0;5;0;0;0;0
"17/09/2016";"08:19:00";"83";"sem vítima";"6";"BR-050/MG";"Norte";"Queda de Moto";0;0;0;1;0;0;0;0;0;0;1;0;0;0;0
"17/09/2016";"03:13:00";"155";"com vítima";"132.9";"BR-050/MG";"Sul";"Capotamento";1;0;0;0;0;0;0;0;0;0;0;0;1;0;0
"17/09/2016";"10:50:00";"251";"sem vítima";"13.05";"BR-050/MG";"Sul";"Atropelamento de Animal";0;0;0;0;0;0;0;0;0;1;3;0;0;0;0
"18/09/2016";"12:09:00";"1";"sem vítima";"165";"BR-050/MG";"Sul";"Choque - Defensa, barreira ou meio fio";2;0;0;0;0;0;0;0;0;0;10;0;0;0;0
"18/09/2016";"01:40:00";"14";"com vítima";"35";"BR-050/MG";"Norte";"Saida de Pista";1;0;0;0;0;0;0;0;0;0;1;1;0;0;0
"18/09/2016";"04:58:00";"36";"sem vítima";"28";"BR-050/MG";"Sul";"Saida de Pista";1;0;0;0;0;0;0;0;0;0;3;0;0;0;0
"18/09/2016";"10:12:00";"115";"sem vítima";"182.02";"BR-050/MG";"Sul";"Colisão Traseira";1;0;0;0;0;0;0;0;0;1;6;0;0;0;0
"19/09/2016";"12:26:00";"4";"sem vítima";"93";"BR-050/MG";"Sul";"Colisão Traseira";0;0;2;0;0;0;0;0;0;0;2;0;0;0;0
"19/09/2016";"07:56:00";"92";"com vítima";"169.1";"BR-050/MG";"Sul";"Atropelamento - Morador";0;0;3;0;0;0;0;0;0;0;3;1;0;0;2
"19/09/2016";"08:34:00";"105";"sem vítima";"227.7";"BR-050/GO";"Norte";"Colisão Lateral";0;0;2;0;0;0;0;0;0;1;3;0;0;0;0
"19/09/2016";"06:30:00";"236";"com vítima";"173.2";"BR-050/MG";"Norte";"Capotamento";1;0;0;0;0;0;0;0;0;0;0;1;0;0;0
"19/09/2016";"06:52:00";"242";"com vítima";"190.3";"BR-050/MG";"Sul";"Choque - Objeto sobre a pista";2;0;3;0;0;0;0;0;0;1;5;0;1;0;0
"20/09/2016";"02:17:00";"7";"sem vítima";"84.18";"BR-050/MG";"Norte";"Saida de Pista";1;0;0;0;0;0;0;0;0;0;4;0;0;0;0
"20/09/2016";"06:27:00";"231";"sem vítima";"64";"BR-050/MG";"Norte";"Saida de Pista";1;0;0;0;0;0;0;0;0;0;1;0;0;0;0
"20/09/2016";"08:24:00";"273";"com vítima";"164";"BR-050/MG";"Sul";"Capotamento";1;0;0;0;0;0;0;0;0;0;0;0;1;0;0
"21/09/2016";"04:21:00";"11";"com vítima";"130";"BR-050/MG";"Norte";"Tombamento";0;0;1;0;0;0;0;0;0;0;0;0;1;0;0
"21/09/2016";"05:10:00";"16";"com vítima";"60.16";"BR-050/MG";"Norte";"Colisão Traseira";1;0;1;0;0;0;0;0;0;0;0;0;3;1;0
"21/09/2016";"05:42:00";"175";"com vítima";"173.2";"BR-050/MG";"Sul";"Queda de Moto";0;0;0;1;0;0;0;0;0;0;0;2;0;0;0
"21/09/2016";"06:25:00";"187";"com vítima";"56.2";"BR-050/MG";"Norte";"Capotamento";0;0;1;1;0;0;0;0;0;0;0;0;2;0;0
"21/09/2016";"06:47:00";"192";"sem vítima";"169.5";"BR-050/MG";"Norte";"Colisão Lateral";0;0;2;0;0;0;0;0;0;1;3;0;0;0;0
"23/09/2016";"06:28:00";"32";"com vítima";"129.8";"BR-050/MG";"Sul";"Tombamento";0;0;1;0;0;0;0;0;0;0;1;0;1;0;0
"23/09/2016";"11:07:00";"136";"com vítima";"83.1";"BR-050/MG";"Norte";"Capotamento";1;0;0;0;0;0;0;0;0;0;0;0;4;0;0
"23/09/2016";"02:47:00";"173";"sem vítima";"135.32";"BR-050/MG";"Norte";"Choque - Elemento de Drenagem";1;0;0;0;0;0;0;0;0;0;1;0;0;0;0
"23/09/2016";"03:13:00";"175";"sem vítima";"185";"BR-050/GO";"Sul";"Saida de Pista";0;0;1;0;0;0;0;0;0;0;1;0;0;0;0
"23/09/2016";"04:38:00";"191";"sem vítima";"21";"CT-UDI-MG";"Sul";"Colisão Lateral";1;0;0;0;0;0;0;0;0;1;2;0;0;0;0
"24/09/2016";"02:15:00";"14";"com vítima";"54.5";"BR-050/MG";"Sul";"Colisão Frontal";2;0;0;0;0;0;0;0;0;0;0;2;2;0;0
"24/09/2016";"05:58:00";"31";"com vítima";"227.8";"BR-050/GO";"Sul";"Colisão Frontal";1;0;1;0;0;0;0;0;0;0;1;0;0;0;2
"24/09/2016";"08:13:00";"262";"sem vítima";"249.75";"BR-050/GO";"Norte";"Capotamento";0;0;0;0;0;0;0;0;0;1;1;0;0;0;0
"24/09/2016";"09:27:00";"273";"com vítima";"64.6";"BR-050/MG";"Sul";"Capotamento";1;0;0;0;0;0;0;0;0;0;0;0;1;1;0
"25/09/2016";"04:18:00";"20";"com vítima";"61.48";"BR-050/MG";"Sul";"Saida de Pista";1;0;0;0;0;0;0;0;0;0;1;0;1;0;0
"25/09/2016";"04:11:00";"139";"com vítima";"21";"CT-UDI-MG";"Norte";"Queda de Moto";0;0;0;1;0;0;0;0;0;0;0;2;0;0;0
"25/09/2016";"04:21:00";"140";"com vítima";"272.5";"BR-050/GO";"Sul";"Capotamento";0;0;0;0;0;0;0;0;0;2;3;1;0;0;0
"25/09/2016";"06:01:00";"159";"sem vítima";"161.3";"BR-050/GO";"Norte";"Colisão Traseira";0;0;2;0;0;0;0;0;0;0;3;0;0;0;0
"26/09/2016";"05:51:00";"221";"com vítima";"198.8";"BR-050/MG";"Sul";"Choque - Suporte de Sinalização";1;0;0;0;0;0;0;0;0;0;2;0;0;1;0
"28/09/2016";"06:44:00";"239";"com vítima";"39.2";"BR-050/MG";"Norte";"Atropelamento - Outros";0;0;0;1;0;0;0;0;0;0;0;0;2;0;0
"29/09/2016";"08:05:00";"82";"sem vítima";"282";"BR-050/GO";"Sul";"Colisão Transversal";0;0;2;0;0;0;0;0;0;0;2;0;0;0;0
"29/09/2016";"10:30:00";"136";"sem vítima";"105";"BR-050/MG";"Sul";"Colisão Traseira";0;0;2;0;0;0;0;0;0;0;2;0;0;0;0
"29/09/2016";"10:40:00";"140";"sem vítima";"142.4";"BR-050/MG";"Sul";"Colisão Lateral";0;0;2;0;0;0;0;0;0;0;10;0;0;0;0
"29/09/2016";"01:19:00";"173";"sem vítima";"165";"BR-050/GO";"Sul";"Tombamento";0;0;1;0;0;0;0;0;0;0;1;0;0;0;0
"29/09/2016";"01:21:00";"174";"sem vítima";"86";"BR-050/MG";"Norte";"Carreta deu L";0;0;2;0;0;0;0;0;0;0;2;0;0;0;0
"30/09/2016";"09:39:00";"114";"sem vítima";"114.3";"BR-050/MG";"Norte";"Saida de Pista";0;0;1;0;0;0;0;0;0;0;1;0;0;0;0
"30/09/2016";"11:56:00";"154";"com vítima";"102.7";"BR-050/GO";"Norte";"Capotamento";1;0;0;0;0;0;0;0;0;0;2;1;0;0;0
"30/09/2016";"04:57:00";"225";"sem vítima";"272";"BR-050/GO";"Norte";"Saida de Pista";1;0;0;0;0;0;0;0;0;0;1;0;0;0;0
"30/09/2016";"07:40:00";"271";"sem vítima";"201.7";"BR-050/MG";"Sul";"Atropelamento de Animal";1;0;0;0;0;0;0;0;0;0;1;0;0;0;0
"30/09/2016";"09:39:00";"312";"sem vítima";"163";"BR-050/MG";"Sul";"Saida de Pista";1;0;0;0;0;0;0;0;0;0;2;0;0;0;0
"01/10/2016";"02:26:00";"15";"sem vítima";"91";"BR-050/MG";"Norte";"Saida de Pista";1;0;0;0;0;0;0;0;0;0;2;0;0;0;0
"01/10/2016";"03:49:00";"158";"sem vítima";"24.3";"BR-050/MG";"Norte";"Saida de Pista";1;0;0;0;0;0;0;0;0;0;1;0;0;0;0
"01/10/2016";"04:00:00";"160";"sem vítima";"37.5";"BR-050/MG";"Norte";"Saida de Pista";1;0;0;0;0;0;0;0;0;0;1;0;0;0;0
"01/10/2016";"10:26:00";"262";"com vítima";"47.6";"BR-050/MG";"Norte";"Capotamento";1;0;0;0;0;0;0;0;0;0;0;0;1;0;0
"02/10/2016";"07:13:00";"28";"com vítima";"187.28";"BR-050/MG";"Norte";"Capotamento";1;0;0;0;0;0;0;0;0;0;0;0;3;0;1
"02/10/2016";"04:38:00";"157";"sem vítima";"158.9";"BR-050/MG";"Sul";"Capotamento";0;0;0;0;0;0;0;0;0;1;1;0;0;0;0
"02/10/2016";"04:42:00";"158";"sem vítima";"84.98";"BR-050/MG";"Norte";"Engavetamento";2;0;0;0;0;0;0;0;0;1;5;0;0;0;0
"03/10/2016";"01:28:00";"8";"sem vítima";"202.3";"BR-050/GO";"Norte";"Tombamento";0;0;1;0;0;0;0;0;0;0;1;0;0;0;0
"03/10/2016";"04:13:00";"175";"com vítima";"93.5";"BR-050/MG";"Norte";"Colisão Lateral";1;0;1;0;0;0;0;0;0;0;5;0;0;1;0
"03/10/2016";"04:26:00";"179";"sem vítima";"90.8";"BR-050/MG";"Sul";"Capotamento";0;0;0;0;0;0;0;0;0;1;1;0;0;0;0
"03/10/2016";"05:47:00";"196";"sem vítima";"178.9";"BR-050/MG";"Sul";"Colisão Traseira";1;0;0;0;0;1;0;0;0;0;5;0;0;0;0
"03/10/2016";"05:52:00";"198";"sem vítima";"151";"BR-050/MG";"Sul";"Choque - Elemento de Drenagem";1;0;0;0;0;0;0;0;0;0;5;0;0;0;0
"03/10/2016";"06:27:00";"203";"sem vítima";"177.5";"BR-050/MG";"Sul";"Saida de Pista";1;0;0;0;0;0;0;0;0;0;1;0;0;0;0
"03/10/2016";"06:28:00";"204";"sem vítima";"273";"BR-050/GO";"Sul";"Colisão Traseira";2;0;0;0;0;0;0;0;0;0;4;0;0;0;0
"03/10/2016";"06:57:00";"208";"com vítima";"98.3";"BR-050/GO";"Norte";"Atropelamento - Sem Informação";1;0;0;0;0;0;0;0;0;0;0;2;0;0;1
"04/10/2016";"06:50:00";"30";"sem vítima";"136.54";"BR-050/MG";"Norte";"Carreta deu L";0;0;1;0;0;0;0;0;0;0;2;0;0;0;0
"04/10/2016";"07:18:00";"57";"sem vítima";"131.65";"BR-050/GO";"Sul";"Saida de Pista";0;0;0;0;0;0;0;0;0;1;1;0;0;0;0
"04/10/2016";"02:46:00";"150";"com vítima";"189.5";"BR-050/MG";"Norte";"Colisão Traseira";0;0;2;0;0;0;0;0;0;0;1;0;1;0;0
"04/10/2016";"04:34:00";"167";"sem vítima";"304.8";"BR-050/GO";"Sul";"Choque - Talude";0;0;1;0;0;0;0;0;0;0;2;0;0;0;0
"04/10/2016";"05:01:00";"172";"sem vítima";"136.4";"BR-050/MG";"Sul";"Choque - Talude";0;0;0;0;0;0;0;0;0;1;1;0;0;0;0
"04/10/2016";"11:05:00";"256";"com vítima";"24";"BR-050/MG";"Sul";"Colisão Traseira";0;0;2;0;0;0;0;0;0;0;1;0;0;1;0
"05/10/2016";"11:41:00";"146";"com vítima";"81";"BR-050/MG";"Norte";"Capotamento";1;0;0;0;0;0;0;0;0;0;0;0;1;0;0
"05/10/2016";"12:22:00";"150";"sem vítima";"149.2";"BR-050/GO";"Norte";"Choque - Poste";1;0;0;0;0;0;0;0;0;0;1;0;0;0;0
"05/10/2016";"06:32:00";"226";"sem vítima";"41.068";"BR-050/MG";"Norte";"Saida de Pista";1;0;0;0;0;0;0;0;0;0;1;0;0;0;0