data;horario;n_da_ocorrencia;tipo_de_ocorrencia;km;trecho;sentido;tipo_de_acidente;automovel;bicicleta;caminhao;moto;onibus;outros;tracao_animal;transporte_de_cargas_especiais;trator_maquinas;utilitarios;ilesos;levemente_feridos;moderadamente_feridos;gravemente_feridos;mortos
"12/11/2016";"06:05:00";"33";"sem vítima";"47.52";"BR-050/MG";"Sul";"Capotamento";1;0;0;0;0;0;0;0;0;0;2;0;0;0;0
"12/11/2016";"06:45:00";"37";"com vítima";"96.7";"BR-050/MG";"Sul";"Capotamento";0;0;0;0;0;0;0;0;0;1;0;2;0;0;0
"12/11/2016";"10:23:00";"119";"com vítima";"29.7";"BR-050/MG";"Sul";"Choque - Defensa, barreira ou meio fio";0;0;0;1;0;0;0;0;0;0;0;0;1;0;0
"12/11/2016";"03:48:00";"178";"sem vítima";"203.95";"BR-050/MG";"Sul";"Colisão Lateral";2;0;0;0;0;0;0;0;0;0;2;0;0;0;0
"12/11/2016";"06:43:00";"208";"sem vítima";"192.5";"BR-050/MG";"Sul";"Capotamento";0;0;0;0;0;0;0;0;0;1;1;0;0;0;0
"13/11/2016";"12:12:00";"4";"sem vítima";"115.9";"BR-050/GO";"Sul";"Carreta deu L";0;0;1;0;0;0;0;0;0;0;1;0;0;0;0
"13/11/2016";"01:58:00";"13";"sem vítima";"143.3";"BR-050/MG";"Norte";"Atropelamento de Animal";0;0;1;0;0;0;0;0;0;0;1;0;0;0;0
"13/11/2016";"05:02:00";"17";"com vítima";"164.8";"BR-050/MG";"Norte";"Choque - Defensa, barreira ou meio fio";1;0;0;0;0;0;0;0;0;0;0;0;1;0;0
"13/11/2016";"05:31:00";"20";"com vítima";"111.25";"BR-050/GO";"Sul";"Saida de Pista";1;0;0;0;0;0;0;0;0;0;0;0;2;0;0
"13/11/2016";"09:27:00";"86";"sem vítima";"13.8";"BR-050/MG";"Sul";"Colisão Lateral";0;0;1;0;0;0;0;0;0;0;2;0;0;0;0
"13/11/2016";"11:37:00";"106";"com vítima";"193.96";"BR-050/MG";"Norte";"Tombamento";1;0;0;0;0;0;0;0;0;0;0;1;0;0;0
"13/11/2016";"12:28:00";"113";"sem vítima";"3.8";"BR-050/MG";"Sul";"Choque - Defensa, barreira ou meio fio";1;0;0;0;0;0;0;0;0;0;3;0;0;0;0
"13/11/2016";"01:07:00";"117";"sem vítima";"17";"BR-050/MG";"Sul";"Saida de Pista";1;0;0;0;0;0;0;0;0;0;1;0;0;0;0
"13/11/2016";"03:30:00";"126";"sem vítima";"178";"BR-050/MG";"Sul";"Colisão Traseira";3;0;0;0;0;0;0;0;0;0;4;0;0;0;0
"13/11/2016";"05:15:00";"143";"sem vítima";"0.1";"BR-050/MG";"Norte";"Saida de Pista";1;0;0;0;0;0;0;0;0;0;5;0;0;0;0
"13/11/2016";"05:15:00";"146";"sem vítima";"0.2";"BR-050/MG";"Norte";"Choque - Veiculo parado no acostamento";1;0;0;4;0;0;0;0;0;0;6;0;0;0;0
"13/11/2016";"05:39:00";"147";"com vítima";"178.08";"BR-050/MG";"Sul";"Choque - Defensa, barreira ou meio fio";1;0;0;0;0;0;0;0;0;0;2;0;1;0;0
"13/11/2016";"07:14:00";"182";"sem vítima";"85.7";"BR-050/MG";"Norte";"Colisão Lateral";1;0;1;0;0;0;0;0;0;0;6;0;0;0;0
"13/11/2016";"08:16:00";"202";"sem vítima";"155.04";"BR-050/MG";"Sul";"Choque - Elemento de Drenagem";1;0;0;0;0;0;0;0;0;0;1;0;0;0;0
"14/11/2016";"01:41:00";"4";"sem vítima";"111.6";"BR-050/MG";"Norte";"Saida de Pista";1;0;0;0;0;0;0;0;0;0;5;0;0;0;0
"14/11/2016";"07:15:00";"61";"sem vítima";"58.2";"BR-050/MG";"Norte";"Choque - Defensa, barreira ou meio fio";1;0;0;1;0;0;0;0;0;0;2;0;0;0;0
"14/11/2016";"09:32:00";"96";"com vítima";"17";"BR-050/MG";"Norte";"Capotamento";0;0;1;0;0;0;0;0;0;0;2;2;0;0;0
"14/11/2016";"01:18:00";"123";"com vítima";"27.8";"BR-050/MG";"Sul";"Capotamento";0;0;0;0;0;0;0;0;0;1;0;2;0;0;0
"14/11/2016";"01:41:00";"127";"sem vítima";"51.8";"BR-050/MG";"Sul";"Colisão Transversal";1;0;0;0;1;0;0;0;0;0;6;0;0;0;0
"14/11/2016";"01:47:00";"129";"sem vítima";"59.172";"BR-050/MG";"Norte";"Colisão Transversal";1;0;0;1;0;0;0;0;0;0;2;0;0;0;0
"15/11/2016";"01:38:00";"126";"com vítima";"172.74";"BR-050/MG";"Norte";"Tombamento";0;0;1;0;0;0;0;0;0;0;0;0;2;0;0
"15/11/2016";"08:22:00";"245";"com vítima";"84";"BR-050/MG";"Norte";"Capotamento";0;0;1;0;0;0;0;0;0;1;1;0;2;0;0
"15/11/2016";"11:36:00";"265";"sem vítima";"271";"BR-050/GO";"Sul";"Atropelamento de Animal";1;0;0;0;0;0;0;0;0;0;2;0;0;0;0
"16/11/2016";"11:26:00";"147";"com vítima";"60.8";"BR-050/MG";"Norte";"Capotamento";1;0;0;0;0;0;0;0;0;0;1;0;1;0;0
"16/11/2016";"01:58:00";"168";"sem vítima";"62.05";"BR-050/MG";"Norte";"Choque - Elemento de Drenagem";1;0;0;0;0;0;0;0;0;0;4;0;0;0;0
"17/11/2016";"03:21:00";"11";"sem vítima";"133.158";"BR-050/MG";"Sul";"Choque - Defensa, barreira ou meio fio";0;0;1;0;0;0;0;0;0;0;1;0;0;0;0
"17/11/2016";"04:45:00";"16";"sem vítima";"114";"BR-050/MG";"Norte";"Carreta deu L";0;0;1;0;0;0;0;0;0;0;1;0;0;0;0
"17/11/2016";"11:20:00";"129";"com vítima";"174.3";"BR-050/MG";"Sul";"Queda de Moto";0;0;0;1;0;0;0;0;0;0;0;0;1;0;0
"17/11/2016";"12:28:00";"139";"sem vítima";"28.9";"BR-050/MG";"Norte";"Choque - Defensa, barreira ou meio fio";0;0;1;0;0;0;0;0;0;0;1;0;0;0;0
"17/11/2016";"07:38:00";"226";"sem vítima";"129";"BR-050/MG";"Sul";"Saida de Pista";1;0;0;0;0;0;0;0;0;0;2;0;0;0;0
"18/11/2016";"11:44:00";"114";"sem vítima";"51.8";"BR-050/MG";"Norte";"Saida de Pista";1;0;0;0;0;0;0;0;0;0;1;0;0;0;0
"19/11/2016";"04:44:00";"24";"sem vítima";"142";"BR-050/MG";"Sul";"Colisão Traseira";2;0;0;0;0;0;0;0;0;0;5;0;0;0;0
"19/11/2016";"12:57:00";"118";"com vítima";"155.9";"BR-050/GO";"Norte";"Capotamento";1;0;0;0;0;0;0;0;0;0;0;1;0;0;0
"19/11/2016";"04:04:00";"134";"sem vítima";"140.42";"BR-050/MG";"Norte";"Tombamento";0;0;1;0;0;0;0;0;0;0;1;0;0;0;0
"19/11/2016";"07:35:00";"194";"com vítima";"175.05";"BR-050/MG";"Sul";"Colisão Lateral";0;0;0;1;0;1;0;0;0;0;1;0;2;0;0
"19/11/2016";"08:35:00";"206";"com vítima";"174";"BR-050/MG";"Norte";"Atropelamento - Ambulante";0;0;0;0;0;0;0;0;0;0;0;0;1;0;0
"20/11/2016";"04:27:00";"120";"sem vítima";"172.3";"BR-050/MG";"Norte";"Choque - Defensa, barreira ou meio fio";2;0;0;0;0;0;0;0;0;0;9;0;0;0;0
"20/11/2016";"05:05:00";"124";"sem vítima";"48.1";"BR-050/MG";"Norte";"Queda de Moto";0;0;0;1;0;0;0;0;0;0;2;0;0;0;0
"20/11/2016";"10:30:00";"199";"sem vítima";"182.1";"BR-050/MG";"Sul";"Tombamento";1;0;0;0;0;0;0;0;0;0;2;0;0;0;0
"21/11/2016";"09:06:00";"82";"sem vítima";"271.5";"BR-050/GO";"Norte";"Colisão Lateral";2;0;0;0;0;0;0;0;0;0;5;0;0;0;0
"21/11/2016";"10:52:00";"112";"sem vítima";"114.3";"BR-050/MG";"Sul";"Choque - Talude";1;0;0;0;0;0;0;0;0;0;1;0;0;0;0
"21/11/2016";"12:59:00";"126";"sem vítima";"111.78";"BR-050/GO";"Sul";"Tombamento";0;0;1;0;0;0;0;0;0;0;1;0;0;0;0
"21/11/2016";"07:41:00";"209";"sem vítima";"39.59";"BR-050/MG";"Norte";"Atropelamento - Outros";0;0;0;1;0;0;0;0;0;0;2;0;0;0;0
"22/11/2016";"07:08:00";"50";"com vítima";"93.2";"BR-050/MG";"Sul";"Colisão Traseira";1;0;0;0;0;0;0;0;0;1;1;0;0;1;0
"22/11/2016";"08:07:00";"74";"com vítima";"39.2";"BR-050/MG";"Sul";"Choque - Poste";0;0;0;0;0;0;0;0;0;1;1;1;0;0;0
"22/11/2016";"03:42:00";"150";"com vítima";"146.2";"BR-050/MG";"Sul";"Colisão Traseira";0;0;2;0;0;0;0;0;0;0;0;1;0;1;0
"22/11/2016";"06:49:00";"189";"com vítima";"246";"BR-050/GO";"Sul";"Saida de Pista";1;0;0;0;0;0;0;0;0;0;0;1;0;0;0
"23/11/2016";"05:14:00";"22";"sem vítima";"42";"BR-050/MG";"Sul";"Saida de Pista";1;0;0;0;0;0;0;0;0;0;1;0;0;0;0
"23/11/2016";"07:14:00";"59";"sem vítima";"47.85";"BR-050/MG";"Norte";"Choque - Defensa, barreira ou meio fio";1;0;0;0;0;0;0;0;0;0;1;0;0;0;0
"23/11/2016";"09:39:00";"106";"com vítima";"198";"BR-050/MG";"Sul";"Choque - Defensa, barreira ou meio fio";0;0;0;0;0;0;0;0;0;1;0;0;0;2;0
"24/11/2016";"05:39:00";"22";"sem vítima";"140.5";"BR-050/GO";"Sul";"Saida de Pista";0;0;1;0;0;0;0;0;0;0;1;0;0;0;0
"24/11/2016";"02:01:00";"149";"sem vítima";"271";"BR-050/GO";"Sul";"Saida de Pista";0;0;1;0;0;0;0;0;0;0;2;0;0;0;0
"24/11/2016";"08:52:00";"248";"sem vítima";"197.6";"BR-050/MG";"Sul";"Colisão Traseira";2;0;0;0;0;0;0;0;0;0;6;0;0;0;0
"24/11/2016";"11:22:00";"263";"sem vítima";"174";"BR-050/MG";"Sul";"Capotamento";1;0;0;0;0;0;0;0;0;0;1;0;0;0;0
"26/11/2016";"01:26:00";"5";"sem vítima";"111.45";"BR-050/GO";"Norte";"Saida de Pista";0;0;1;0;0;0;0;0;0;0;1;0;0;0;0
"26/11/2016";"07:30:00";"64";"com vítima";"139.58";"BR-050/MG";"Norte";"Capotamento";1;0;0;0;0;0;0;0;0;0;0;0;2;0;0
"26/11/2016";"05:19:00";"164";"com vítima";"155";"BR-050/MG";"Sul";"Capotamento";1;0;0;0;0;0;0;0;0;0;0;0;1;0;0
"26/11/2016";"05:29:00";"166";"com vítima";"107.7";"BR-050/GO";"Norte";"Choque - Suporte de Sinalização";1;0;0;0;0;0;0;0;0;0;0;1;0;0;0
"26/11/2016";"06:39:00";"188";"sem vítima";"155.1";"BR-050/MG";"Sul";"Capotamento";0;0;0;0;0;0;0;0;0;1;1;0;0;0;0
"26/11/2016";"10:20:00";"243";"sem vítima";"17.86";"BR-050/MG";"Sul";"Choque - Defensa, barreira ou meio fio";1;0;0;0;0;0;0;0;0;0;2;0;0;0;0
"27/11/2016";"03:07:00";"125";"sem vítima";"203.96";"BR-050/MG";"Sul";"Saida de Pista";1;0;0;0;0;0;0;0;0;0;2;0;0;0;0
"27/11/2016";"03:07:00";"122";"sem vítima";"203.78";"BR-050/MG";"Sul";"Saida de Pista";1;0;0;0;0;0;0;0;0;0;3;0;0;0;0
"27/11/2016";"09:23:00";"226";"sem vítima";"230.6";"BR-050/GO";"Sul";"Choque - Suporte de Sinalização";1;0;0;0;0;0;0;0;0;0;1;0;0;0;0
"28/11/2016";"05:36:00";"20";"com vítima";"78.7";"BR-050/MG";"Sul";"Choque - Veiculo parado na pista";1;0;1;0;0;0;0;0;0;0;1;0;0;1;0
"28/11/2016";"07:00:00";"47";"sem vítima";"33.42";"BR-050/MG";"Sul";"Capotamento";0;0;0;0;0;0;0;0;0;1;1;0;0;0;0
"28/11/2016";"05:37:00";"202";"sem vítima";"178.4";"BR-050/MG";"Norte";"Colisão Traseira";2;0;0;0;0;0;0;0;0;0;2;0;0;0;0
"29/11/2016";"03:21:00";"11";"sem vítima";"133.3";"BR-050/GO";"Sul";"Saida de Pista";0;0;1;0;0;0;0;0;0;0;1;0;0;0;0
"29/11/2016";"12:09:00";"157";"com vítima";"191.5";"BR-050/MG";"Norte";"Capotamento";1;0;0;0;0;0;0;0;0;0;0;0;0;2;0
"29/11/2016";"03:18:00";"190";"sem vítima";"83";"BR-050/MG";"Sul";"Carreta deu L";0;0;1;0;0;0;0;0;0;0;1;0;0;0;0
"29/11/2016";"03:31:00";"195";"sem vítima";"129.9";"BR-050/GO";"Sul";"Choque - Suporte de Sinalização";0;0;0;0;0;0;0;0;0;1;1;0;0;0;0
"29/11/2016";"05:50:00";"229";"sem vítima";"60";"BR-050/MG";"Norte";"Choque - Suporte de Sinalização";1;0;0;0;0;0;0;0;0;0;1;0;0;0;0
"30/11/2016";"03:20:00";"8";"sem vítima";"61";"BR-050/MG";"Norte";"Tombamento";0;0;0;0;0;0;0;0;0;1;1;0;0;0;0
"30/11/2016";"10:46:00";"106";"sem vítima";"96.1";"BR-050/GO";"Norte";"Colisão Transversal";1;0;0;0;0;0;0;0;0;1;5;0;0;0;0
"30/11/2016";"03:45:00";"149";"sem vítima";"62.64";"BR-050/MG";"Norte";"Capotamento";0;0;0;0;0;0;0;0;0;1;1;0;0;0;0
"30/11/2016";"05:20:00";"170";"sem vítima";"54.6";"BR-050/MG";"Sul";"Capotamento";1;0;0;0;0;0;0;0;0;0;2;0;0;0;0
"30/11/2016";"05:44:00";"180";"com vítima";"0.3";"BR-050/MG";"Norte";"Choque - Elemento de Drenagem";1;0;0;0;0;0;0;0;0;0;0;2;0;0;0
"30/11/2016";"06:00:00";"185";"sem vítima";"17";"BR-050/MG";"Norte";"Saida de Pista";0;0;0;0;0;0;0;0;0;1;2;0;0;0;0
"30/11/2016";"06:20:00";"192";"sem vítima";"20.99";"BR-050/MG";"Norte";"Saida de Pista";1;0;0;0;0;0;0;0;0;0;1;0;0;0;0
"30/11/2016";"10:57:00";"261";"com vítima";"111.3";"BR-050/GO";"Sul";"Choque - Barranco";0;0;1;0;0;0;0;0;0;0;0;0;0;0;1
"01/12/2016";"06:20:00";"181";"com vítima";"175.5";"BR-050/MG";"Norte";"Queda de Moto";0;0;0;1;0;0;0;0;0;0;0;0;1;0;0
"02/12/2016";"01:01:00";"6";"com vítima";"282";"BR-050/GO";"Sul";"Atropelamento - Andarilho";1;0;1;0;0;0;0;0;0;0;3;0;0;1;0
"02/12/2016";"01:34:00";"7";"sem vítima";"167";"BR-050/MG";"Sul";"Atropelamento de Animal";0;0;1;0;0;0;0;0;0;0;1;0;0;0;0
"02/12/2016";"09:08:00";"110";"sem vítima";"29.75";"BR-050/MG";"Norte";"Tombamento";0;0;1;0;0;0;0;0;0;0;1;0;0;0;0
"02/12/2016";"07:03:00";"238";"com vítima";"310.5";"BR-050/GO";"Norte";"Colisão Frontal";1;0;1;0;0;0;0;0;0;0;0;0;1;1;2
"03/12/2016";"08:54:00";"87";"sem vítima";"179.2";"BR-050/MG";"Norte";"Choque - Defensa, barreira ou meio fio";1;0;0;0;0;0;0;0;0;0;1;0;0;0;0
"03/12/2016";"03:28:00";"138";"com vítima";"3.66";"BR-050/MG";"Sul";"Queda de Moto";0;0;0;1;0;0;0;0;0;0;0;0;1;0;0
"04/12/2016";"01:28:00";"6";"sem vítima";"58.52";"BR-050/MG";"Norte";"Choque - Defensa, barreira ou meio fio";1;0;0;0;0;0;0;0;0;0;1;0;0;0;0
"04/12/2016";"03:27:00";"14";"com vítima";"22";"BR-050/MG";"Norte";"Queda de Moto";0;0;0;1;0;0;0;0;0;0;1;0;1;0;0
"04/12/2016";"04:47:00";"139";"sem vítima";"203.7";"BR-050/MG";"Sul";"Capotamento";1;0;0;0;0;0;0;0;0;0;1;0;0;0;0
"04/12/2016";"05:58:00";"147";"com vítima";"226";"BR-050/GO";"Sul";"Capotamento";1;0;0;0;0;0;0;0;0;0;1;1;0;0;0
"04/12/2016";"09:20:00";"214";"sem vítima";"204.05";"BR-050/MG";"Sul";"Tombamento";0;0;1;0;0;0;0;0;0;0;1;0;0;0;0
"05/12/2016";"02:35:00";"19";"com vítima";"305.6";"BR-050/GO";"Norte";"Choque - Barranco";0;0;1;0;0;0;0;0;0;0;0;0;0;0;1
"05/12/2016";"05:51:00";"23";"sem vítima";"147";"BR-050/MG";"Norte";"Capotamento";0;0;0;0;0;0;0;0;0;1;2;0;0;0;0
"05/12/2016";"06:08:00";"33";"sem vítima";"147";"BR-050/MG";"Norte";"Saida de Pista";1;0;0;0;0;0;0;0;0;0;1;0;0;0;0
"05/12/2016";"06:32:00";"35";"com vítima";"175.3";"BR-050/MG";"Sul";"Colisão Lateral";0;0;1;1;0;0;0;0;0;0;1;0;1;0;0
"05/12/2016";"07:52:00";"68";"sem vítima";"178";"BR-050/MG";"Sul";"Choque - Defensa, barreira ou meio fio";1;0;0;0;0;0;0;0;0;0;1;0;0;0;0
"05/12/2016";"07:58:00";"77";"com vítima";"178";"BR-050/MG";"Sul";"Colisão Traseira";1;0;0;0;0;0;0;0;0;0;0;1;0;0;0
"05/12/2016";"12:21:00";"124";"sem vítima";"121.8";"BR-050/MG";"Norte";"Colisão Lateral";0;0;1;0;0;0;0;0;0;1;2;0;0;0;0
"05/12/2016";"03:05:00";"140";"sem vítima";"139.4";"BR-050/MG";"Norte";"Saida de Pista";1;0;0;0;0;0;0;0;0;0;1;0;0;0;0
"05/12/2016";"10:00:00";"228";"com vítima";"170";"BR-050/MG";"Sul";"Colisão Traseira";1;0;1;0;0;0;0;0;0;0;1;0;0;1;0
"06/12/2016";"07:11:00";"59";"sem vítima";"55.52";"BR-050/MG";"Norte";"Choque - Defensa, barreira ou meio fio";1;0;0;0;0;0;0;0;0;0;1;0;0;0;0
"07/12/2016";"11:35:00";"142";"sem vítima";"116.7";"BR-050/GO";"Sul";"Capotamento";1;0;0;0;0;0;0;0;0;0;2;0;0;0;0
"08/12/2016";"05:58:00";"19";"com vítima";"201.5";"BR-050/MG";"Norte";"Colisão Traseira";0;0;2;0;0;0;0;0;0;0;1;0;1;1;0
"08/12/2016";"01:19:00";"137";"sem vítima";"58";"BR-050/MG";"Sul";"Choque - Talude";0;0;0;0;0;0;0;0;0;1;1;0;0;0;0
"08/12/2016";"02:17:00";"146";"sem vítima";"106";"BR-050/GO";"Norte";"Tombamento";0;0;1;0;0;0;0;0;0;0;1;0;0;0;0
"08/12/2016";"07:02:00";"212";"com vítima";"206.7";"BR-050/GO";"Norte";"Colisão Frontal";1;0;1;0;0;0;0;0;0;0;0;1;0;1;2
"09/12/2016";"05:34:00";"25";"sem vítima";"22.8";"BR-050/MG";"Norte";"Choque - Elemento de Drenagem";1;0;0;0;0;0;0;0;0;0;2;0;0;0;0
"09/12/2016";"06:39:00";"35";"sem vítima";"64.3";"BR-050/MG";"Sul";"Colisão Traseira";0;0;1;1;0;0;0;0;0;0;2;0;0;0;0
"09/12/2016";"07:53:00";"70";"sem vítima";"1.6";"CT-UDI-MG";"Norte";"Saida de Pista";1;0;0;0;0;0;0;0;0;0;1;0;0;0;0
"09/12/2016";"09:28:00";"98";"com vítima";"63.15";"BR-050/MG";"Norte";"Queda de Moto";0;0;0;1;0;0;0;0;0;0;0;1;0;0;0
"09/12/2016";"10:51:00";"115";"sem vítima";"171.8";"BR-050/MG";"Sul";"Queda de Moto";0;0;0;1;0;0;0;0;0;0;1;0;0;0;0
"09/12/2016";"05:49:00";"177";"sem vítima";"85.5";"BR-050/MG";"Norte";"Colisão Traseira";0;0;1;0;0;0;0;0;0;1;2;0;0;0;0
"09/12/2016";"06:40:00";"195";"sem vítima";"38.4";"BR-050/MG";"Sul";"Colisão Traseira";2;0;0;0;0;0;0;0;0;0;4;0;0;0;0
"10/12/2016";"12:17:00";"123";"sem vítima";"273.5";"BR-050/GO";"Norte";"Colisão Frontal";1;0;1;0;0;0;0;0;0;0;5;0;0;0;0
"10/12/2016";"01:20:00";"128";"sem vítima";"178.2";"BR-050/MG";"Sul";"Engavetamento";1;0;0;1;0;0;0;0;0;1;5;0;0;0;0
"10/12/2016";"03:38:00";"147";"sem vítima";"81.92";"BR-050/MG";"Norte";"Capotamento";1;0;0;0;0;0;0;0;0;0;2;0;0;0;0
"10/12/2016";"03:50:00";"150";"sem vítima";"180.22";"BR-050/GO";"Norte";"Choque - Defensa, barreira ou meio fio";1;0;0;0;0;0;0;0;0;0;2;0;0;0;0
"10/12/2016";"04:59:00";"159";"sem vítima";"23.7";"BR-050/MG";"Sul";"Saida de Pista";1;0;0;0;0;0;0;0;0;0;1;0;0;0;0
"10/12/2016";"06:14:00";"174";"com vítima";"273.3";"BR-050/GO";"Norte";"Colisão Traseira";0;0;0;1;0;0;0;0;0;0;0;1;1;0;0
"10/12/2016";"09:33:00";"227";"com vítima";"186.4";"BR-050/MG";"Norte";"Capotamento";1;0;0;0;0;0;0;0;0;0;0;0;3;0;0
"11/12/2016";"05:25:00";"19";"com vítima";"50.65";"BR-050/MG";"Sul";"Tombamento";1;0;0;0;0;0;0;0;0;0;2;1;0;0;0
"11/12/2016";"10:53:00";"89";"sem vítima";"172.32";"BR-050/MG";"Sul";"Queda de Moto";0;0;0;1;0;0;0;0;0;0;2;0;0;0;0
"11/12/2016";"12:26:00";"102";"com vítima";"49.1";"BR-050/MG";"Sul";"Colisão Traseira";1;0;0;1;0;0;0;0;0;0;1;0;1;0;0
"11/12/2016";"12:50:00";"103";"sem vítima";"45.8";"BR-050/MG";"Sul";"Saida de Pista";1;0;0;0;0;0;0;0;0;0;1;0;0;0;0
"11/12/2016";"01:04:00";"104";"sem vítima";"137.6";"BR-050/MG";"Norte";"Choque - Elemento de Drenagem";0;0;1;0;0;0;0;0;0;0;1;0;0;0;0
"11/12/2016";"01:09:00";"105";"com vítima";"154.7";"BR-050/MG";"Sul";"Capotamento";1;0;0;0;0;0;0;0;0;0;0;0;2;0;0
"11/12/2016";"07:36:00";"182";"com vítima";"138.4";"BR-050/MG";"Sul";"Choque - Talude";1;0;0;0;0;0;0;0;0;0;0;1;0;0;0
"12/12/2016";"01:24:00";"8";"sem vítima";"202.015";"BR-050/MG";"Norte";"Choque - Suporte de Sinalização";0;0;0;0;1;0;0;0;0;0;44;0;0;0;0
"12/12/2016";"10:25:00";"281";"com vítima";"251.5";"BR-050/GO";"Sul";"Colisão Transversal";0;0;1;0;0;0;0;0;0;1;1;1;1;0;0
"13/12/2016";"01:21:00";"8";"sem vítima";"174";"BR-050/GO";"Norte";"Choque - Arvore";0;0;1;0;0;0;0;0;0;0;1;0;0;0;0
"13/12/2016";"03:45:00";"17";"com vítima";"126";"BR-050/MG";"Norte";"Capotamento";0;0;0;0;0;0;0;0;0;1;0;1;1;1;0
"13/12/2016";"03:33:00";"151";"com vítima";"305.9";"BR-050/GO";"Norte";"Carreta deu L";0;0;1;0;0;0;0;0;0;0;0;0;1;0;0
"13/12/2016";"04:21:00";"159";"sem vítima";"0.5";"BR-050/MG";"Norte";"Saida de Pista";1;0;0;0;0;0;0;0;0;0;5;0;0;0;0
"13/12/2016";"04:26:00";"162";"com vítima";"62";"BR-050/MG";"Norte";"Choque - Defensa, barreira ou meio fio";1;0;0;0;0;0;0;0;0;0;0;0;1;0;0
"13/12/2016";"04:30:00";"163";"sem vítima";"54";"BR-050/MG";"Sul";"Tombamento";0;0;1;0;0;0;0;0;0;0;1;0;0;0;0
"13/12/2016";"06:21:00";"185";"sem vítima";"59";"BR-050/MG";"Norte";"Choque - Elemento de Drenagem";1;0;0;0;0;0;0;0;0;0;2;0;0;0;0
"13/12/2016";"10:36:00";"236";"sem vítima";"7.3";"CT-UDI-MG";"Norte";"Capotamento";1;0;0;0;0;0;0;0;0;0;1;0;0;0;0
"14/12/2016";"04:39:00";"12";"sem vítima";"161";"BR-050/MG";"Sul";"Choque - Defensa, barreira ou meio fio";0;0;0;0;1;0;0;0;0;0;43;0;0;0;0
"14/12/2016";"06:24:00";"28";"sem vítima";"0.52";"BR-050/MG";"Sul";"Saida de Pista";1;0;0;0;0;0;0;0;0;0;2;0;0;0;0
"14/12/2016";"12:07:00";"132";"com vítima";"80.94";"BR-050/MG";"Norte";"Capotamento";1;0;1;0;0;0;0;0;0;1;2;0;3;0;0
"14/12/2016";"03:54:00";"166";"sem vítima";"191.48";"BR-050/GO";"Norte";"Saida de Pista";1;0;0;0;0;0;0;0;0;0;1;0;0;0;0
"14/12/2016";"04:08:00";"168";"com vítima";"141.97";"BR-050/MG";"Norte";"Saida de Pista";1;0;0;0;0;0;0;0;0;0;0;0;1;0;0
"14/12/2016";"05:13:00";"174";"sem vítima";"16";"CT-UDI-MG";"Norte";"Colisão Lateral";1;0;0;0;0;0;0;0;0;1;4;0;0;0;0
"14/12/2016";"05:41:00";"177";"sem vítima";"2";"BR-050/MG";"Sul";"Colisão Traseira";0;0;2;0;0;0;0;0;0;0;3;0;0;0;0
"14/12/2016";"06:45:00";"197";"sem vítima";"177.8";"BR-050/MG";"Norte";"Choque - Defensa, barreira ou meio fio";0;0;0;0;0;0;0;0;0;1;1;0;0;0;0
"14/12/2016";"07:15:00";"221";"sem vítima";"178.2";"BR-050/MG";"Norte";"Colisão Traseira";2;0;0;0;0;0;0;0;0;0;5;0;0;0;0
"15/12/2016";"05:35:00";"181";"sem vítima";"49.2";"BR-050/MG";"Sul";"Saida de Pista";1;0;0;0;0;0;0;0;0;0;5;0;0;0;0
"15/12/2016";"07:08:00";"219";"sem vítima";"57.14";"BR-050/MG";"Norte";"Choque - Defensa, barreira ou meio fio";1;0;0;0;0;0;0;0;0;0;5;0;0;0;0
"15/12/2016";"07:28:00";"233";"sem vítima";"18.8";"BR-050/MG";"Sul";"Saida de Pista";1;0;0;0;0;0;0;0;0;0;1;0;0;0;0
"17/12/2016";"03:14:00";"15";"com vítima";"92.44";"BR-050/MG";"Norte";"Capotamento";1;0;0;0;0;0;0;0;0;0;1;0;0;1;0
"17/12/2016";"04:30:00";"21";"sem vítima";"29";"BR-050/MG";"Norte";"Saida de Pista";0;0;0;0;0;0;0;0;0;1;2;0;0;0;0
"17/12/2016";"05:19:00";"24";"sem vítima";"36.5";"BR-050/MG";"Norte";"Saida de Pista";1;0;0;0;0;0;0;0;0;0;2;0;0;0;0
"17/12/2016";"05:59:00";"26";"sem vítima";"38";"BR-050/MG";"Sul";"Colisão Traseira";1;0;0;0;0;0;0;0;0;1;2;0;0;0;0
"17/12/2016";"12:23:00";"124";"sem vítima";"27.7";"BR-050/MG";"Norte";"Colisão Lateral";2;0;0;0;0;0;0;0;0;0;6;0;0;0;0
"17/12/2016";"12:35:00";"126";"com vítima";"140.75";"BR-050/MG";"Sul";"Capotamento";1;0;0;0;0;0;0;0;0;0;0;0;1;1;0
"17/12/2016";"03:20:00";"145";"com vítima";"157";"BR-050/MG";"Norte";"Colisão Lateral";0;0;1;0;0;0;0;0;0;1;2;2;0;0;0
"17/12/2016";"05:41:00";"171";"sem vítima";"129.4";"BR-050/MG";"Sul";"Saida de Pista";1;0;0;0;0;0;0;0;0;0;5;0;0;0;0
"17/12/2016";"11:01:00";"236";"com vítima";"252.2";"BR-050/GO";"Norte";"Colisão Lateral";1;0;0;0;0;0;0;0;0;1;4;0;1;0;0