data;horario;n_da_ocorrencia;tipo_de_ocorrencia;km;trecho;sentido;tipo_de_acidente;automovel;bicicleta;caminhao;moto;onibus;outros;tracao_animal;transporte_de_cargas_especiais;trator_maquinas;utilitarios;ilesos;levemente_feridos;moderadamente_feridos;gravemente_feridos;mortos
"18/12/2016";"12:23:00";"2";"sem vítima";"266.7";"BR-050/GO";"Sul";"Carreta deu L";0;0;1;0;0;0;0;0;0;0;1;0;0;0;0
"18/12/2016";"05:21:00";"26";"sem vítima";"56.9";"BR-050/MG";"Norte";"Capotamento";1;0;0;0;0;0;0;0;0;0;1;0;0;0;0
"18/12/2016";"08:32:00";"73";"sem vítima";"177.2";"BR-050/MG";"Norte";"Colisão Lateral";2;0;0;0;0;0;0;0;0;0;4;0;0;0;0
"18/12/2016";"12:39:00";"111";"com vítima";"80.4";"BR-050/MG";"Norte";"Queda de Moto";0;0;0;1;0;0;0;0;0;0;0;0;2;0;0
"18/12/2016";"04:37:00";"153";"com vítima";"274";"BR-050/GO";"Norte";"Capotamento";1;0;0;0;0;1;0;0;0;0;2;1;0;0;0
"18/12/2016";"05:15:00";"164";"com vítima";"140";"BR-050/MG";"Norte";"Colisão Lateral";2;0;0;0;0;0;0;0;0;0;4;0;1;0;0
"18/12/2016";"06:37:00";"184";"sem vítima";"185.045";"BR-050/MG";"Norte";"Choque - Suporte de Sinalização";1;0;0;0;0;0;0;0;0;0;2;0;0;0;0
"18/12/2016";"07:43:00";"221";"sem vítima";"167";"BR-050/MG";"Sul";"Choque - Suporte de Sinalização";1;0;0;0;0;0;0;0;0;0;1;0;0;0;0
"18/12/2016";"07:46:00";"222";"sem vítima";"148.5";"BR-050/GO";"Norte";"Saida de Pista";1;0;0;0;0;0;0;0;0;0;2;0;0;0;0
"19/12/2016";"12:01:00";"1";"com vítima";"17";"BR-050/MG";"Norte";"Tombamento";0;0;1;0;0;0;0;0;0;0;0;1;0;0;0
"19/12/2016";"06:38:00";"29";"sem vítima";"81.2";"BR-050/MG";"Norte";"Saida de Pista";1;0;0;0;0;0;0;0;0;0;1;0;0;0;0
"19/12/2016";"08:47:00";"82";"com vítima";"174";"BR-050/MG";"Sul";"Queda de Ciclista";0;1;0;0;0;0;0;0;0;0;0;2;0;0;0
"19/12/2016";"12:12:00";"130";"sem vítima";"108.33";"BR-050/MG";"Sul";"Saida de Pista";0;0;0;0;0;0;0;0;0;1;1;0;0;0;0
"19/12/2016";"12:42:00";"131";"sem vítima";"171";"BR-050/MG";"Norte";"Colisão Traseira";1;0;1;0;0;0;0;0;0;0;3;0;0;0;0
"19/12/2016";"01:10:00";"134";"com vítima";"92.76";"BR-050/MG";"Sul";"Capotamento";1;0;0;0;0;0;0;0;0;0;0;0;1;0;0
"19/12/2016";"11:16:00";"271";"sem vítima";"204";"BR-050/MG";"Norte";"Colisão Traseira";1;0;1;0;0;0;0;0;0;0;6;0;0;0;0
"20/12/2016";"10:04:00";"267";"sem vítima";"204";"BR-050/MG";"Sul";"Choque - Defensa, barreira ou meio fio";0;0;1;0;0;0;0;0;0;0;1;0;0;0;0
"21/12/2016";"01:27:00";"6";"com vítima";"281.8";"BR-050/GO";"Norte";"Choque - Suporte de Sinalização";0;0;0;1;0;0;0;0;0;0;0;1;0;0;0
"21/12/2016";"06:22:00";"32";"com vítima";"301.6";"BR-050/GO";"Sul";"Capotamento";2;0;0;0;0;0;0;0;0;1;11;1;0;0;0
"21/12/2016";"09:43:00";"86";"sem vítima";"178.9";"BR-050/MG";"Sul";"Colisão Traseira";1;0;0;0;0;0;0;0;0;1;2;0;0;0;0
"21/12/2016";"04:06:00";"158";"com vítima";"138.49";"BR-050/MG";"Sul";"Colisão Traseira";0;0;1;0;1;0;0;0;0;0;1;0;0;1;0
"21/12/2016";"07:33:00";"218";"com vítima";"169.8";"BR-050/GO";"Norte";"Choque - Arvore";1;0;0;0;0;0;0;0;0;0;0;0;1;0;0
"22/12/2016";"06:59:00";"41";"sem vítima";"97.2";"BR-050/GO";"Norte";"Colisão Transversal";2;0;0;0;0;0;0;0;0;0;4;0;0;0;0
"22/12/2016";"08:28:00";"270";"sem vítima";"33.2";"BR-050/MG";"Sul";"Saida de Pista";1;0;0;0;0;0;0;0;0;0;4;0;0;0;0
"22/12/2016";"11:15:00";"301";"sem vítima";"135.2";"BR-050/GO";"Norte";"Saida de Pista";1;0;0;0;0;0;0;0;0;0;2;0;0;0;0
"23/12/2016";"12:06:00";"2";"sem vítima";"133.4";"BR-050/GO";"Sul";"Choque - Poste";0;0;1;0;0;0;0;0;0;0;1;0;0;0;0
"23/12/2016";"05:27:00";"26";"sem vítima";"220.25";"BR-050/GO";"Sul";"Saida de Pista";1;0;0;0;0;0;0;0;0;0;3;0;0;0;0
"23/12/2016";"08:21:00";"82";"sem vítima";"120.4";"BR-050/MG";"Sul";"Saida de Pista";1;0;0;0;0;0;0;0;0;0;2;0;0;0;0
"23/12/2016";"10:37:00";"128";"com vítima";"190.92";"BR-050/MG";"Sul";"Choque - Barranco";1;0;0;0;0;0;0;0;0;0;1;0;2;0;0
"23/12/2016";"10:59:00";"131";"sem vítima";"99";"BR-050/MG";"Sul";"Queda de Moto";0;0;0;1;0;0;0;0;0;0;2;0;0;0;0
"23/12/2016";"11:10:00";"134";"sem vítima";"190.8";"BR-050/MG";"Sul";"Colisão Traseira";2;0;0;0;0;0;0;0;0;0;2;0;0;0;0
"23/12/2016";"12:04:00";"145";"sem vítima";"18.2";"BR-050/MG";"Norte";"Colisão Lateral";2;0;0;0;0;0;0;0;0;0;5;0;0;0;0
"23/12/2016";"02:34:00";"177";"sem vítima";"147";"BR-050/MG";"Sul";"Choque - Defensa, barreira ou meio fio";1;0;0;0;0;0;0;0;0;0;3;0;0;0;0
"23/12/2016";"05:12:00";"215";"sem vítima";"281.1";"BR-050/GO";"Norte";"Colisão Traseira";2;0;0;0;0;0;0;0;0;0;8;0;0;0;0
"23/12/2016";"06:09:00";"242";"sem vítima";"128.7";"BR-050/MG";"Norte";"Colisão Traseira";1;0;1;0;0;0;0;0;0;0;3;0;0;0;0
"24/12/2016";"05:43:00";"23";"sem vítima";"123.9";"BR-050/GO";"Sul";"Saida de Pista";1;0;0;0;0;0;0;0;0;0;1;0;0;0;0
"24/12/2016";"01:12:00";"99";"com vítima";"146";"BR-050/GO";"Norte";"Capotamento";0;0;0;0;0;0;0;0;0;1;0;1;1;0;0
"24/12/2016";"07:14:00";"171";"sem vítima";"183.9";"BR-050/MG";"Norte";"Capotamento";1;0;0;0;0;0;0;0;0;0;2;0;0;0;0
"25/12/2016";"05:00:00";"17";"com vítima";"99.8";"BR-050/GO";"Sul";"Queda de Moto";0;0;0;1;0;0;0;0;0;0;0;0;1;0;0
"25/12/2016";"05:49:00";"18";"com vítima";"158";"BR-050/MG";"Sul";"Colisão Traseira";2;0;0;0;0;0;0;0;0;0;4;0;1;0;0
"25/12/2016";"07:11:00";"47";"com vítima";"280.6";"BR-050/GO";"Norte";"Queda de Moto";0;0;0;1;0;0;0;0;0;0;0;1;0;0;0
"25/12/2016";"06:16:00";"137";"sem vítima";"176.3";"BR-050/MG";"Sul";"Choque - Defensa, barreira ou meio fio";1;0;0;0;0;0;0;0;0;0;4;0;0;0;0
"25/12/2016";"08:52:00";"211";"sem vítima";"144";"BR-050/MG";"Sul";"Saida de Pista";1;0;0;0;0;0;0;0;0;0;5;0;0;0;0
"25/12/2016";"09:19:00";"217";"sem vítima";"174";"BR-050/MG";"Sul";"Choque - Defensa, barreira ou meio fio";1;0;0;0;0;0;0;0;0;0;2;0;0;0;0
"26/12/2016";"07:37:00";"71";"sem vítima";"17.66";"CT-UDI-MG";"Norte";"Colisão Traseira";1;0;1;0;0;0;0;0;0;0;4;0;0;0;0
"26/12/2016";"05:21:00";"179";"sem vítima";"235";"BR-050/GO";"Norte";"Choque - Talude";1;0;0;0;0;0;0;0;0;0;5;0;0;0;0
"26/12/2016";"07:17:00";"218";"com vítima";"60.2";"BR-050/MG";"Sul";"Saida de Pista";1;0;0;0;0;0;0;0;0;0;1;1;0;0;0
"27/12/2016";"04:20:00";"164";"sem vítima";"213";"BR-050/GO";"Norte";"Capotamento";1;0;0;0;0;0;0;0;0;0;2;0;0;0;0
"27/12/2016";"05:50:00";"181";"sem vítima";"180";"BR-050/MG";"Sul";"Colisão Lateral";1;0;1;0;0;0;0;0;0;0;2;0;0;0;0
"28/12/2016";"07:27:00";"60";"sem vítima";"104.7";"BR-050/MG";"Sul";"Colisão Traseira";0;0;2;0;0;0;0;0;0;0;4;0;0;0;0
"29/12/2016";"01:41:00";"5";"sem vítima";"184";"BR-050/MG";"Sul";"Carreta deu L";0;0;1;0;0;0;0;0;0;0;1;0;0;0;0
"29/12/2016";"06:15:00";"161";"sem vítima";"20";"BR-050/MG";"Sul";"Saida de Pista";0;0;0;0;0;0;0;0;0;1;1;0;0;0;0
"29/12/2016";"07:07:00";"191";"sem vítima";"169";"BR-050/GO";"Norte";"Choque - Arvore";0;0;0;0;0;0;0;0;0;1;1;0;0;0;0
"30/12/2016";"09:56:00";"102";"com vítima";"120.04";"BR-050/MG";"Sul";"Queda de Moto";0;0;0;1;0;0;0;0;0;0;0;0;1;0;0
"30/12/2016";"10:17:00";"110";"com vítima";"87.74";"BR-050/MG";"Sul";"Queda de Ciclista";0;1;0;0;0;0;0;0;0;0;0;0;0;1;0
"30/12/2016";"02:51:00";"171";"sem vítima";"43";"BR-050/MG";"Norte";"Colisão Traseira";1;0;1;0;0;0;0;0;0;0;3;0;0;0;0
"30/12/2016";"02:55:00";"172";"com vítima";"2";"CT-UDI-MG";"Norte";"Capotamento";1;0;0;0;0;0;0;0;0;0;0;0;2;1;0
"30/12/2016";"04:11:00";"184";"com vítima";"46";"BR-050/MG";"Sul";"Queda de Moto";0;0;0;1;0;0;0;0;0;0;1;0;1;0;0
"30/12/2016";"05:21:00";"191";"sem vítima";"174.3";"BR-050/MG";"Norte";"Tombamento";0;0;1;0;0;0;0;0;0;0;1;0;0;0;0
"30/12/2016";"08:30:00";"249";"com vítima";"17.95";"CT-UDI-MG";"Sul";"Capotamento";1;0;0;0;0;0;0;0;0;0;0;0;1;0;0
"31/12/2016";"07:20:00";"70";"sem vítima";"122";"BR-050/MG";"Sul";"Capotamento";1;0;0;0;0;0;0;0;0;0;3;0;0;0;0
"31/12/2016";"11:57:00";"119";"com vítima";"13";"CT-UDI-MG";"Sul";"Queda de Moto";0;0;0;1;0;0;0;0;0;0;0;0;1;0;0
"01/01/2017";"07:55:00";"59";"com vítima";"81.031";"BR-050/MG";"Norte";"Queda de Moto";0;0;0;1;0;0;0;0;0;0;0;0;1;0;0
"01/01/2017";"07:07:00";"173";"sem vítima";"198";"BR-050/GO";"Norte";"Capotamento";1;0;0;0;0;0;0;0;0;0;5;0;0;0;0
"02/01/2017";"04:49:00";"20";"com vítima";"31.3";"BR-050/MG";"Sul";"Colisão Traseira";0;0;1;0;1;0;0;0;0;0;2;0;2;1;0
"02/01/2017";"11:39:00";"106";"com vítima";"47.2";"BR-050/MG";"Sul";"Capotamento";2;0;0;0;0;0;0;0;0;0;1;1;0;0;0
"02/01/2017";"05:21:00";"165";"com vítima";"234.6";"BR-050/GO";"Norte";"Queda de Moto";0;0;0;1;0;0;0;0;0;0;0;2;0;0;0
"03/01/2017";"12:50:00";"121";"sem vítima";"201.5";"BR-050/GO";"Sul";"Choque - Arvore";1;0;0;0;0;0;0;0;0;0;4;0;0;0;0
"04/01/2017";"02:49:00";"14";"sem vítima";"207";"BR-050/GO";"Sul";"Colisão Transversal";0;0;2;0;0;0;0;0;0;1;3;0;0;0;0
"04/01/2017";"09:55:00";"108";"com vítima";"21.35";"CT-UDI-MG";"Norte";"Colisão Transversal";1;1;0;0;0;0;0;0;0;0;1;0;1;0;0
"05/01/2017";"12:17:00";"3";"sem vítima";"142.62";"BR-050/MG";"Sul";"Colisão Traseira";1;0;1;0;0;0;0;0;0;0;3;0;0;0;0
"05/01/2017";"04:45:00";"168";"com vítima";"145.8";"BR-050/MG";"Sul";"Capotamento";1;0;0;0;0;0;0;0;0;0;0;0;4;0;0
"05/01/2017";"06:25:00";"191";"sem vítima";"10.1";"CT-UDI-MG";"Norte";"Saida de Pista";1;0;0;0;0;0;0;0;0;0;1;0;0;0;0
"06/01/2017";"08:15:00";"72";"com vítima";"280";"BR-050/GO";"Norte";"Colisão Lateral";0;0;1;2;0;0;0;0;0;0;1;2;1;0;0
"06/01/2017";"04:49:00";"159";"sem vítima";"158.62";"BR-050/MG";"Sul";"Saida de Pista";1;0;0;0;0;0;0;0;0;0;2;0;0;0;0
"07/01/2017";"12:07:00";"4";"sem vítima";"46.52";"BR-050/MG";"Sul";"Saida de Pista";0;0;0;0;0;0;0;0;0;1;5;0;0;0;0
"07/01/2017";"11:28:00";"83";"com vítima";"101.1";"BR-050/MG";"Norte";"Capotamento";1;0;0;0;0;1;0;0;0;0;1;0;2;0;0
"07/01/2017";"04:45:00";"131";"sem vítima";"279.67";"BR-050/GO";"Norte";"Colisão Lateral";0;0;1;0;0;0;0;0;0;1;3;0;0;0;0
"07/01/2017";"08:16:00";"196";"com vítima";"39.6";"BR-050/MG";"Norte";"Colisão Lateral";0;0;0;2;0;0;0;0;0;0;1;0;0;1;0
"08/01/2017";"07:23:00";"55";"sem vítima";"52.52";"BR-050/MG";"Sul";"Choque - Defensa, barreira ou meio fio";1;0;0;0;0;0;0;0;0;0;2;0;0;0;0
"08/01/2017";"07:48:00";"62";"sem vítima";"166";"BR-050/MG";"Norte";"Queda de Moto";0;0;0;1;0;0;0;0;0;0;1;0;0;0;0
"08/01/2017";"09:22:00";"74";"sem vítima";"167.3";"BR-050/MG";"Norte";"Colisão Traseira";2;0;0;0;0;0;0;0;0;0;9;0;0;0;0
"08/01/2017";"02:58:00";"108";"com vítima";"293.5";"BR-050/GO";"Norte";"Atropelamento de Animal";0;0;0;2;0;0;0;0;0;0;0;0;2;2;0
"08/01/2017";"03:06:00";"109";"com vítima";"61.2";"BR-050/MG";"Sul";"Colisão Traseira";1;0;0;0;0;0;0;0;0;1;7;0;0;1;0
"08/01/2017";"06:09:00";"140";"sem vítima";"33.5";"BR-050/MG";"Norte";"Queda de Moto";0;0;0;1;0;0;0;0;0;0;2;0;0;0;0
"08/01/2017";"09:50:00";"203";"com vítima";"96.3";"BR-050/GO";"Sul";"Atropelamento - Morador";0;0;0;0;0;1;0;0;0;0;1;0;0;1;0
"09/01/2017";"02:43:00";"12";"com vítima";"63.24";"BR-050/MG";"Norte";"Capotamento";1;0;0;0;0;0;0;0;0;0;1;1;0;0;0
"09/01/2017";"03:21:00";"13";"sem vítima";"8.8";"BR-050/MG";"Norte";"Atropelamento de Animal";0;0;1;0;0;0;0;0;0;0;1;0;0;0;0
"09/01/2017";"04:27:00";"149";"sem vítima";"110.7";"BR-050/GO";"Norte";"Colisão Traseira";1;0;0;0;0;0;0;0;0;1;6;0;0;0;0
"09/01/2017";"10:20:00";"240";"com vítima";"38.36";"BR-050/MG";"Sul";"Colisão Traseira";1;0;1;0;0;0;0;0;0;0;1;0;1;0;0
"10/01/2017";"04:20:00";"155";"sem vítima";"58.3";"BR-050/MG";"Norte";"Saida de Pista";1;0;0;0;0;0;0;0;0;0;1;0;0;0;0
"10/01/2017";"04:35:00";"156";"sem vítima";"61";"BR-050/MG";"Norte";"Capotamento";1;0;0;0;0;0;0;0;0;0;2;0;0;0;0
"10/01/2017";"06:22:00";"186";"sem vítima";"24.32";"BR-050/MG";"Sul";"Colisão Traseira";1;0;0;0;0;1;0;0;0;0;3;0;0;0;0
"11/01/2017";"06:35:00";"27";"sem vítima";"192.1";"BR-050/MG";"Norte";"Colisão Lateral";0;0;1;0;0;0;0;0;0;1;5;0;0;0;0
"11/01/2017";"12:00:00";"105";"com vítima";"122.6";"BR-050/MG";"Norte";"Tombamento";0;0;1;0;0;0;0;0;0;0;0;0;1;0;0
"11/01/2017";"04:55:00";"138";"sem vítima";"171.7";"BR-050/MG";"Sul";"Tombamento";0;0;1;0;0;0;0;0;0;0;1;0;0;0;0
"12/01/2017";"10:37:00";"121";"sem vítima";"29.8";"BR-050/MG";"Sul";"Choque - Defensa, barreira ou meio fio";1;0;0;0;0;0;0;0;0;0;4;0;0;0;0
"12/01/2017";"05:05:00";"186";"sem vítima";"195.3";"BR-050/GO";"Sul";"Colisão Lateral";1;0;1;0;0;0;0;0;0;0;5;0;0;0;0
"13/01/2017";"10:38:00";"97";"sem vítima";"108.2";"BR-050/MG";"Norte";"Saida de Pista";1;0;0;0;0;0;0;0;0;0;1;0;0;0;0
"13/01/2017";"02:21:00";"148";"sem vítima";"174.9";"BR-050/MG";"Norte";"Saida de Pista";0;0;0;0;0;0;0;0;0;1;1;0;0;0;0
"13/01/2017";"03:13:00";"160";"sem vítima";"109.86";"BR-050/MG";"Sul";"Saida de Pista";1;0;0;0;0;0;0;0;0;0;2;0;0;0;0
"13/01/2017";"04:39:00";"171";"com vítima";"177.084";"BR-050/MG";"Norte";"Engavetamento";4;0;0;0;0;0;0;0;0;1;6;0;1;0;0
"13/01/2017";"05:09:00";"178";"sem vítima";"177";"BR-050/MG";"Norte";"Colisão Traseira";2;0;0;0;0;0;0;0;0;0;2;0;0;0;0
"13/01/2017";"05:17:00";"179";"sem vítima";"112.5";"BR-050/MG";"Sul";"Colisão Transversal";0;0;1;0;0;0;0;0;0;1;7;0;0;0;0
"13/01/2017";"08:32:00";"236";"sem vítima";"177.4";"BR-050/MG";"Norte";"Colisão Lateral";1;0;1;0;0;0;0;0;0;0;4;0;0;0;0
"13/01/2017";"08:42:00";"237";"sem vítima";"133";"BR-050/MG";"Sul";"Choque - Obstáculo Fixo";0;0;0;0;0;0;0;0;0;1;4;0;0;0;0
"14/01/2017";"05:55:00";"31";"com vítima";"152.83";"BR-050/MG";"Norte";"Queda de Moto";0;0;0;1;0;0;0;0;0;0;0;0;1;0;0
"14/01/2017";"07:14:00";"59";"sem vítima";"187.415";"BR-050/MG";"Norte";"Choque - Suporte de Sinalização";0;0;1;0;0;0;0;0;0;0;1;0;0;0;0
"14/01/2017";"07:52:00";"72";"com vítima";"175";"BR-050/GO";"Sul";"Capotamento";1;0;0;0;0;0;0;0;0;0;0;0;1;0;0
"14/01/2017";"07:05:00";"184";"sem vítima";"16.61";"BR-050/MG";"Sul";"Choque - Elemento de Drenagem";1;0;0;0;0;0;0;0;0;0;2;0;0;0;0
"14/01/2017";"07:43:00";"201";"sem vítima";"177";"BR-050/MG";"Norte";"Capotamento";1;0;0;0;0;0;0;0;0;0;1;0;0;0;0
"14/01/2017";"07:46:00";"202";"sem vítima";"47";"BR-050/MG";"Norte";"Saida de Pista";1;0;0;0;0;0;0;0;0;0;1;0;0;0;0
"14/01/2017";"11:44:00";"221";"com vítima";"108.8";"BR-050/GO";"Sul";"Tombamento";0;0;0;0;1;0;0;0;0;0;20;11;15;0;0
"15/01/2017";"02:04:00";"103";"sem vítima";"204.24";"BR-050/MG";"Sul";"Saida de Pista";1;0;0;0;0;0;0;0;0;0;4;0;0;0;0
"15/01/2017";"02:20:00";"105";"sem vítima";"16.9";"BR-050/MG";"Norte";"Choque - Defensa, barreira ou meio fio";1;0;0;0;0;0;0;0;0;0;1;0;0;0;0
"15/01/2017";"02:33:00";"107";"sem vítima";"58";"BR-050/MG";"Norte";"Saida de Pista";1;0;0;0;0;0;0;0;0;0;1;0;0;0;0
"16/01/2017";"08:30:00";"74";"sem vítima";"184.42";"BR-050/MG";"Sul";"Engavetamento";3;0;0;0;0;0;0;0;0;0;3;0;0;0;0
"17/01/2017";"06:38:00";"22";"com vítima";"96.8";"BR-050/GO";"Sul";"Colisão Traseira";1;0;0;0;0;0;0;0;0;1;2;2;0;0;0
"17/01/2017";"01:15:00";"119";"sem vítima";"294.2";"BR-050/GO";"Norte";"Saida de Pista";1;0;0;0;0;0;0;0;0;0;1;0;0;0;0
"18/01/2017";"12:11:00";"126";"sem vítima";"58.8";"BR-050/MG";"Norte";"Choque - Defensa, barreira ou meio fio";0;0;0;0;0;0;0;0;0;1;3;0;0;0;0
"18/01/2017";"12:37:00";"129";"sem vítima";"49.94";"BR-050/MG";"Sul";"Saida de Pista";1;0;0;0;0;0;0;0;0;0;3;0;0;0;0
"18/01/2017";"01:00:00";"131";"sem vítima";"64.6";"BR-050/MG";"Sul";"Colisão Traseira";1;0;0;0;1;0;0;0;0;0;2;0;0;0;0
"18/01/2017";"02:44:00";"145";"sem vítima";"18.75";"BR-050/MG";"Sul";"Choque - Defensa, barreira ou meio fio";0;0;0;0;0;0;0;0;0;1;3;0;0;0;0
"18/01/2017";"05:36:00";"166";"sem vítima";"298";"BR-050/GO";"Norte";"Colisão Traseira";0;0;0;0;0;0;0;0;0;2;7;0;0;0;0
"18/01/2017";"08:24:00";"216";"com vítima";"305.9";"BR-050/GO";"Norte";"Choque - Defensa, barreira ou meio fio";0;0;1;0;0;0;0;0;0;0;0;1;0;0;0
"19/01/2017";"09:40:00";"231";"sem vítima";"15.5";"BR-050/MG";"Norte";"Atropelamento de Animal";1;0;0;0;0;0;0;0;0;0;3;0;0;0;0
"20/01/2017";"12:31:00";"3";"sem vítima";"98.15";"BR-050/MG";"Sul";"Atropelamento de Animal";1;0;0;0;0;0;0;0;0;0;3;0;0;0;0
"20/01/2017";"04:41:00";"16";"com vítima";"173.2";"BR-050/MG";"Sul";"Choque - Defensa, barreira ou meio fio";1;0;0;0;0;0;0;0;0;0;1;0;1;0;0
"20/01/2017";"11:46:00";"124";"sem vítima";"204.5";"BR-050/MG";"Sul";"Choque - Defensa, barreira ou meio fio";0;0;0;0;0;0;0;0;0;1;5;0;0;0;0
"20/01/2017";"02:42:00";"147";"sem vítima";"49.85";"BR-050/MG";"Sul";"Tombamento";1;0;0;0;0;0;0;0;0;0;1;0;0;0;0
"20/01/2017";"02:47:00";"148";"com vítima";"107.33";"BR-050/MG";"Norte";"Capotamento";1;0;0;0;0;0;0;0;0;0;0;0;0;2;0
"20/01/2017";"09:33:00";"228";"sem vítima";"151.26";"BR-050/MG";"Norte";"Colisão Lateral";0;0;0;0;0;1;0;0;0;1;2;0;0;0;0
"20/01/2017";"10:18:00";"238";"sem vítima";"54.7";"BR-050/MG";"Sul";"Tombamento";0;0;1;0;0;0;0;0;0;0;3;0;0;0;0
"21/01/2017";"06:15:00";"24";"sem vítima";"185.9";"BR-050/GO";"Sul";"Saida de Pista";1;0;0;0;0;0;0;0;0;0;1;0;0;0;0
"21/01/2017";"01:07:00";"104";"sem vítima";"42.35";"BR-050/MG";"Norte";"Colisão Traseira";0;0;0;1;0;0;0;0;0;1;3;0;0;0;0
"21/01/2017";"03:01:00";"114";"com vítima";"19.75";"BR-050/MG";"Norte";"Choque - Arvore";1;0;0;0;0;0;0;0;0;0;3;1;0;0;0
"21/01/2017";"03:17:00";"116";"sem vítima";"286.3";"BR-050/GO";"Norte";"Colisão Traseira";2;0;0;1;0;0;0;0;0;0;8;0;0;0;0
"21/01/2017";"04:06:00";"126";"sem vítima";"63.161";"BR-050/MG";"Norte";"Saida de Pista";1;0;0;0;0;0;0;0;0;0;3;0;0;0;0
"21/01/2017";"05:42:00";"140";"sem vítima";"61.4";"BR-050/MG";"Norte";"Choque - Suporte de Sinalização";1;0;0;0;0;0;0;0;0;0;1;0;0;0;0
"21/01/2017";"08:50:00";"199";"sem vítima";"198";"BR-050/MG";"Norte";"Colisão Traseira";1;0;0;0;0;1;0;0;0;0;3;0;0;0;0
"21/01/2017";"11:33:00";"208";"sem vítima";"63";"BR-050/MG";"Norte";"Choque - Defensa, barreira ou meio fio";1;0;0;0;0;0;0;0;0;0;1;0;0;0;0
"22/01/2017";"03:06:00";"117";"sem vítima";"142.51";"BR-050/MG";"Sul";"Tombamento";0;0;1;0;0;0;0;0;0;0;2;0;0;0;0
"22/01/2017";"04:13:00";"135";"sem vítima";"147.3";"BR-050/MG";"Sul";"Tombamento";0;0;1;0;0;0;0;0;0;0;1;0;0;0;0
"22/01/2017";"04:49:00";"141";"sem vítima";"9";"CT-UDI-MG";"Sul";"Colisão Traseira";2;0;0;0;0;0;0;0;0;0;6;0;0;0;0
"22/01/2017";"06:26:00";"159";"sem vítima";"178.1";"BR-050/MG";"Sul";"Choque - Defensa, barreira ou meio fio";1;0;0;0;0;0;0;0;0;0;1;0;0;0;0
"22/01/2017";"08:15:00";"196";"com vítima";"165";"BR-050/MG";"Norte";"Capotamento";1;0;0;0;0;0;0;0;0;0;0;0;1;3;0
"22/01/2017";"09:21:00";"202";"com vítima";"96.05";"BR-050/MG";"Norte";"Capotamento";1;0;0;0;0;0;0;0;0;0;0;0;1;0;0
"23/01/2017";"06:21:00";"27";"com vítima";"188.2";"BR-050/GO";"Sul";"Queda de Moto";0;0;0;1;0;0;0;0;0;0;0;2;0;0;0
"23/01/2017";"08:13:00";"75";"sem vítima";"122";"BR-050/GO";"Norte";"Choque - Suporte de Sinalização";1;0;0;0;0;0;0;0;0;0;2;0;0;0;0
"23/01/2017";"10:01:00";"101";"com vítima";"177.4";"BR-050/MG";"Norte";"Queda de Moto";0;0;0;1;0;0;0;0;0;0;0;1;1;0;0
"23/01/2017";"01:51:00";"132";"sem vítima";"78.18";"BR-050/MG";"Norte";"Colisão Traseira";1;0;0;0;0;0;0;0;0;1;3;0;0;0;0
"23/01/2017";"03:33:00";"150";"com vítima";"103.85";"BR-050/GO";"Sul";"Capotamento";1;0;0;0;0;0;0;0;0;0;1;2;0;1;0
"23/01/2017";"03:34:00";"156";"sem vítima";"103.9";"BR-050/GO";"Sul";"Saida de Pista";0;0;0;0;0;0;0;0;0;1;2;0;0;0;0
"23/01/2017";"09:50:00";"227";"sem vítima";"206.7";"BR-050/MG";"Sul";"Colisão Traseira";1;0;0;0;0;1;0;0;0;0;6;0;0;0;0
"24/01/2017";"05:46:00";"12";"com vítima";"84.32";"BR-050/MG";"Norte";"Colisão Traseira";0;0;2;0;0;0;0;0;0;0;1;0;0;2;0
"24/01/2017";"01:39:00";"113";"sem vítima";"154";"BR-050/GO";"Sul";"Colisão Transversal";0;0;2;0;0;0;0;0;0;0;2;0;0;0;0
"24/01/2017";"02:28:00";"117";"com vítima";"192.02";"BR-050/MG";"Norte";"Choque - Defensa, barreira ou meio fio";1;0;0;0;0;0;0;0;0;0;0;0;1;0;0
"24/01/2017";"10:31:00";"193";"com vítima";"176.5";"BR-050/MG";"Norte";"Objeto lançado contra veículo";1;0;0;0;0;0;0;0;0;0;0;1;2;0;0
"25/01/2017";"01:42:00";"153";"com vítima";"307.14";"BR-050/GO";"Norte";"Choque - Arvore";0;0;0;0;0;0;0;0;0;1;0;1;0;0;0
"26/01/2017";"12:11:00";"1";"com vítima";"100.5";"BR-050/GO";"Norte";"Choque - Elemento de Drenagem";1;0;0;0;0;0;0;0;0;0;0;1;0;0;0
"26/01/2017";"07:18:00";"61";"sem vítima";"175.63";"BR-050/MG";"Sul";"Saida de Pista";0;0;0;0;0;0;0;0;0;1;2;0;0;0;0
"26/01/2017";"08:51:00";"95";"sem vítima";"129";"BR-050/MG";"Sul";"Saida de Pista";0;0;0;0;0;0;0;0;0;1;2;0;0;0;0
"26/01/2017";"02:25:00";"155";"com vítima";"8";"CT-UDI-MG";"Sul";"Capotamento";0;0;0;0;0;0;0;0;0;1;0;0;1;0;0
"26/01/2017";"03:29:00";"166";"com vítima";"105.5";"BR-050/GO";"Sul";"Queda de Moto";0;0;0;1;0;0;0;0;0;0;1;1;0;0;0