data;horario;n_da_ocorrencia;tipo_de_ocorrencia;km;trecho;sentido;tipo_de_acidente;automovel;bicicleta;caminhao;moto;onibus;outros;tracao_animal;transporte_de_cargas_especiais;trator_maquinas;utilitarios;ilesos;levemente_feridos;moderadamente_feridos;gravemente_feridos;mortos
"26/07/2017";"06:35:00";"24";"com vítima";"62";"BR-050/MG";"Norte";"Saida de Pista";0;0;1;0;0;0;0;0;0;0;0;1;0;0;0
"26/07/2017";"06:40:00";"26";"com vítima";"83";"BR-050/MG";"Norte";"Tombamento";0;0;1;0;0;0;0;0;0;0;0;0;1;0;0
"26/07/2017";"03:02:00";"119";"sem vítima";"180";"BR-050/MG";"Norte";"Saida de Pista";1;0;0;0;0;0;0;0;0;0;1;0;0;0;0
"26/07/2017";"07:46:00";"177";"com vítima";"175.3";"BR-050/MG";"Norte";"Capotamento";1;0;1;0;0;0;0;0;0;0;1;1;4;0;0
"27/07/2017";"02:33:00";"13";"com vítima";"306.6";"BR-050/GO";"Norte";"Choque - Defensa, barreira ou meio fio";0;0;1;0;0;0;0;0;0;0;0;1;0;0;0
"27/07/2017";"04:44:00";"21";"sem vítima";"42.3";"BR-050/MG";"Norte";"Queda de Moto";0;0;0;1;0;0;0;0;0;0;1;0;0;0;0
"27/07/2017";"07:32:00";"41";"sem vítima";"247.6";"BR-050/GO";"Norte";"Colisão Traseira";1;0;1;0;0;0;0;0;0;0;2;0;0;0;0
"27/07/2017";"11:39:00";"124";"com vítima";"40";"BR-050/MG";"Sul";"Engavetamento";2;0;0;0;0;0;0;0;0;1;9;1;0;0;0
"27/07/2017";"06:33:00";"195";"com vítima";"176.3";"BR-050/MG";"Norte";"Choque - Arvore";1;0;0;0;0;0;0;0;0;0;0;1;0;0;0
"28/07/2017";"02:20:00";"99";"com vítima";"5.9";"BR-050/MG";"Norte";"Choque - Poste";1;0;0;0;0;0;0;0;0;0;0;0;1;0;0
"28/07/2017";"02:21:00";"100";"sem vítima";"135.5";"BR-050/GO";"Sul";"Choque - Poste";1;0;0;0;0;0;0;0;0;0;3;0;0;0;0
"28/07/2017";"07:21:00";"166";"com vítima";"37.5";"BR-050/MG";"Norte";"Choque - Defensa, barreira ou meio fio";1;0;0;0;0;0;0;0;0;0;1;2;0;0;0
"29/07/2017";"12:01:00";"56";"com vítima";"17.06";"BR-050/MG";"Sul";"Colisão Traseira";0;0;0;2;0;0;0;0;0;0;0;2;0;0;0
"29/07/2017";"12:50:00";"65";"com vítima";"3.7";"BR-050/MG";"Sul";"Queda de Moto";0;0;0;1;0;0;0;0;0;0;0;0;1;0;0
"29/07/2017";"04:09:00";"100";"com vítima";"114.1";"BR-050/MG";"Sul";"Choque - Objeto sobre a pista";0;0;0;0;0;0;0;0;0;1;0;2;0;0;0
"29/07/2017";"08:04:00";"143";"sem vítima";"8";"BR-050/MG";"Norte";"Colisão Lateral";2;0;0;0;0;0;0;0;0;0;5;0;0;0;0
"29/07/2017";"08:39:00";"148";"com vítima";"78.2";"BR-050/MG";"Norte";"Colisão Traseira";0;0;1;1;0;0;0;0;0;0;1;1;0;0;0
"29/07/2017";"09:07:00";"155";"com vítima";"31";"BR-050/MG";"Norte";"Saida de Pista";1;0;0;0;0;0;0;0;0;0;0;1;0;0;0
"29/07/2017";"09:26:00";"157";"com vítima";"183";"BR-050/MG";"Norte";"Colisão Traseira";1;0;0;0;0;1;0;0;0;0;1;0;1;0;0
"30/07/2017";"07:02:00";"37";"com vítima";"154";"BR-050/MG";"Sul";"Choque - Obstáculo Fixo";1;0;0;0;0;0;0;0;0;0;0;3;0;0;0
"01/08/2017";"12:42:00";"4";"com vítima";"36";"BR-050/MG";"Sul";"Choque - Defensa, barreira ou meio fio";1;0;0;0;0;0;0;0;0;0;0;1;0;0;0
"01/08/2017";"10:43:00";"78";"com vítima";"180";"BR-050/MG";"Norte";"Queda de Moto";0;0;0;1;0;0;0;0;0;0;0;1;0;0;0
"01/08/2017";"04:49:00";"125";"sem vítima";"80";"BR-050/MG";"Sul";"Colisão Traseira";2;0;0;0;0;0;0;0;0;0;3;0;0;0;0
"01/08/2017";"06:32:00";"142";"sem vítima";"230";"BR-050/GO";"Norte";"Choque - Defensa, barreira ou meio fio";0;0;0;0;0;0;0;0;0;1;1;0;0;0;0
"02/08/2017";"07:36:00";"28";"com vítima";"41.57";"BR-050/MG";"Sul";"Queda de Moto";0;0;0;1;0;0;0;0;0;0;0;1;0;0;0
"02/08/2017";"09:21:00";"51";"com vítima";"163.1";"BR-050/MG";"Norte";"Capotamento";0;0;0;0;0;0;0;0;0;1;0;1;0;0;0
"04/08/2017";"01:04:00";"7";"sem vítima";"58.3";"BR-050/MG";"Sul";"Choque - Defensa, barreira ou meio fio";0;0;0;0;0;0;0;0;0;1;1;0;0;0;0
"04/08/2017";"05:08:00";"201";"sem vítima";"280";"BR-050/GO";"Norte";"Colisão Traseira";1;0;1;0;0;0;0;0;0;0;2;0;0;0;0
"04/08/2017";"10:22:00";"259";"com vítima";"176.34";"BR-050/MG";"Sul";"Choque - Defensa, barreira ou meio fio";0;0;1;0;0;0;0;0;0;0;0;1;0;0;0
"05/08/2017";"12:01:00";"1";"sem vítima";"209.7";"BR-050/GO";"Sul";"Capotamento";1;0;0;0;0;0;0;0;0;0;1;0;0;0;0
"05/08/2017";"11:08:00";"84";"com vítima";"108.6";"BR-050/MG";"Norte";"Choque - Elemento de Drenagem";1;0;0;0;0;0;0;0;0;0;0;5;0;0;0
"06/08/2017";"10:34:00";"59";"com vítima";"17.9";"BR-050/MG";"Norte";"Tombamento";0;0;1;0;0;0;0;0;0;0;0;1;0;0;0
"06/08/2017";"08:18:00";"152";"com vítima";"99.615";"BR-050/GO";"Sul";"Queda de Moto";0;0;0;1;0;0;0;0;0;0;0;0;0;3;1
"06/08/2017";"08:40:00";"156";"sem vítima";"21";"CT-UDI-MG";"Norte";"Choque - Obstáculo Fixo";1;0;0;0;0;0;0;0;0;0;3;0;0;0;0
"07/08/2017";"07:17:00";"21";"com vítima";"157.7";"BR-050/MG";"Sul";"Capotamento";1;0;0;0;0;0;0;0;0;0;0;0;1;0;0
"07/08/2017";"08:27:00";"31";"com vítima";"24.1";"BR-050/MG";"Norte";"Capotamento";1;0;0;0;0;0;0;0;0;0;0;0;3;0;0
"07/08/2017";"02:03:00";"91";"sem vítima";"32";"BR-050/MG";"Sul";"Saida de Pista";1;0;0;0;0;0;0;0;0;0;3;0;0;0;0
"07/08/2017";"07:53:00";"181";"com vítima";"100.95";"BR-050/MG";"Sul";"Capotamento";1;0;0;0;0;0;0;0;0;0;0;0;1;0;0
"07/08/2017";"09:23:00";"191";"com vítima";"78.05";"BR-050/MG";"Norte";"Choque - Defensa, barreira ou meio fio";0;0;0;0;0;0;0;0;0;1;0;1;0;0;0
"08/08/2017";"12:36:00";"120";"com vítima";"271.2";"BR-050/GO";"Sul";"Colisão Frontal";1;0;0;0;0;0;0;0;0;1;0;2;1;0;1
"08/08/2017";"01:07:00";"125";"com vítima";"121.08";"BR-050/MG";"Sul";"Capotamento";0;0;0;0;0;0;0;0;0;1;0;0;2;0;0
"09/08/2017";"07:46:00";"38";"com vítima";"109.8";"BR-050/MG";"Norte";"Capotamento";1;0;0;0;0;0;0;0;0;0;0;0;2;0;0
"09/08/2017";"07:52:00";"183";"com vítima";"274.3";"BR-050/GO";"Sul";"Queda de Ciclista";0;1;0;0;0;0;0;0;0;0;0;1;0;0;0
"10/08/2017";"02:42:00";"151";"sem vítima";"105";"BR-050/MG";"Sul";"Colisão Traseira";2;0;0;0;0;0;0;0;0;0;3;0;0;0;0
"10/08/2017";"06:34:00";"201";"sem vítima";"273.5";"BR-050/GO";"Sul";"Colisão Transversal";0;1;0;0;0;0;0;0;0;1;2;0;0;0;0
"10/08/2017";"09:08:00";"241";"sem vítima";"115.45";"BR-050/MG";"Sul";"Choque - Defensa, barreira ou meio fio";1;0;0;0;0;0;0;0;0;0;1;0;0;0;0
"10/08/2017";"11:44:00";"261";"com vítima";"125";"BR-050/GO";"Sul";"Tombamento";0;0;1;0;0;0;0;0;0;0;0;1;0;0;0
"11/08/2017";"06:24:00";"210";"com vítima";"118.9";"BR-050/MG";"Sul";"Queda de Moto";0;0;1;1;0;0;0;0;0;0;1;0;1;0;0
"11/08/2017";"06:43:00";"217";"sem vítima";"255";"BR-050/GO";"Sul";"Colisão Lateral";1;0;0;0;0;0;0;0;0;0;1;0;0;0;0
"11/08/2017";"11:14:00";"261";"com vítima";"120.64";"BR-050/GO";"Sul";"Choque - Suporte de Sinalização";0;0;0;1;0;0;0;0;0;0;0;0;0;1;0
"12/08/2017";"11:44:00";"102";"com vítima";"186.3";"BR-050/MG";"Sul";"Choque - Obstáculo Fixo";1;0;0;0;0;0;0;0;0;0;0;1;0;0;0
"12/08/2017";"01:16:00";"121";"sem vítima";"51.6";"BR-050/MG";"Norte";"Colisão Traseira";2;0;0;0;0;0;0;0;0;0;9;0;0;0;0
"12/08/2017";"01:23:00";"123";"sem vítima";"52.5";"BR-050/MG";"Norte";"Choque - Objeto não identificado";1;0;0;0;0;0;0;0;0;0;1;0;0;0;0
"12/08/2017";"06:20:00";"188";"com vítima";"174.3";"BR-050/MG";"Sul";"Choque - Elemento de Drenagem";1;0;0;0;0;0;0;0;0;0;0;1;0;0;0
"12/08/2017";"09:03:00";"217";"sem vítima";"136.1";"BR-050/MG";"Sul";"Choque - Objeto sobre a pista";1;0;0;0;0;0;0;0;0;0;4;0;0;0;0
"13/08/2017";"07:40:00";"25";"com vítima";"304.8";"BR-050/GO";"Sul";"Colisão Lateral";1;0;1;0;0;0;0;0;0;1;1;4;2;0;0
"13/08/2017";"12:12:00";"60";"sem vítima";"63.61";"BR-050/MG";"Sul";"Saida de Pista";1;0;0;0;0;0;0;0;0;0;2;0;0;0;0
"13/08/2017";"07:44:00";"134";"sem vítima";"98.8";"BR-050/GO";"Norte";"Saida de Pista";1;0;0;0;0;0;0;0;0;0;1;0;0;0;0
"14/08/2017";"05:20:00";"21";"sem vítima";"168.6";"BR-050/GO";"Norte";"Saida de Pista";1;0;0;0;0;0;0;0;0;0;4;0;0;0;0
"14/08/2017";"06:44:00";"26";"com vítima";"169";"BR-050/MG";"Norte";"Capotamento";1;0;0;0;0;0;0;0;0;0;0;0;0;1;0
"14/08/2017";"06:58:00";"28";"com vítima";"8";"CT-UDI-MG";"Sul";"Saida de Pista";1;0;0;0;0;0;0;0;0;0;0;1;0;0;0
"14/08/2017";"01:37:00";"97";"com vítima";"98";"BR-050/GO";"Norte";"Colisão Lateral";0;0;0;1;0;0;0;0;0;1;1;1;0;0;0
"14/08/2017";"04:10:00";"114";"com vítima";"174.1";"BR-050/MG";"Sul";"Capotamento";1;0;0;0;0;0;0;0;0;0;0;0;1;0;0
"15/08/2017";"02:39:00";"10";"com vítima";"186";"BR-050/MG";"Norte";"Atropelamento - Usuário";0;0;0;0;0;0;0;0;0;1;1;0;1;0;0
"15/08/2017";"01:32:00";"111";"com vítima";"112.7";"BR-050/MG";"Norte";"Colisão Traseira";0;0;2;0;0;0;0;0;0;0;1;1;0;0;0
"15/08/2017";"02:48:00";"129";"com vítima";"22";"BR-050/MG";"Sul";"Queda de Moto";0;0;0;1;0;0;0;0;0;0;1;1;0;0;0
"16/08/2017";"07:47:00";"55";"com vítima";"18";"CT-UDI-MG";"Sul";"Tombamento";1;0;0;0;0;0;0;0;0;0;0;0;1;0;0
"16/08/2017";"02:35:00";"152";"com vítima";"101.45";"BR-050/MG";"Norte";"Capotamento";0;0;0;0;0;0;0;0;0;1;0;0;1;0;0
"16/08/2017";"02:35:00";"153";"sem vítima";"53";"BR-050/MG";"Sul";"Colisão Traseira";1;0;0;0;0;0;0;0;0;1;5;0;0;0;0
"16/08/2017";"05:41:00";"196";"sem vítima";"278.6";"BR-050/GO";"Sul";"Colisão Transversal";0;0;1;0;0;0;0;0;0;1;2;0;0;0;0
"16/08/2017";"05:49:00";"199";"sem vítima";"144";"BR-050/GO";"Sul";"Colisão Lateral";0;0;2;0;0;0;0;0;0;0;3;0;0;0;0
"16/08/2017";"10:48:00";"251";"com vítima";"95.7";"BR-050/GO";"Sul";"Colisão Lateral";0;0;0;1;0;0;0;0;0;0;0;1;0;0;0
"17/08/2017";"03:25:00";"15";"com vítima";"159";"BR-050/GO";"Norte";"Tombamento";0;0;1;0;0;0;0;0;0;0;0;0;2;0;0
"17/08/2017";"07:06:00";"38";"com vítima";"280";"BR-050/GO";"Sul";"Colisão Transversal";0;0;0;1;0;0;0;0;0;1;1;0;1;0;0
"19/08/2017";"01:15:00";"9";"com vítima";"179";"BR-050/MG";"Norte";"Capotamento";1;0;0;0;0;0;0;0;0;0;0;1;0;0;0
"19/08/2017";"05:43:00";"31";"com vítima";"302";"BR-050/GO";"Norte";"Colisão Transversal";0;0;2;0;0;0;0;0;0;0;1;0;1;0;0
"19/08/2017";"03:41:00";"134";"sem vítima";"280";"BR-050/GO";"Sul";"Colisão Lateral";1;0;0;0;0;0;0;0;0;1;4;0;0;0;0
"20/08/2017";"04:37:00";"28";"com vítima";"44";"BR-050/MG";"Sul";"Choque - Defensa, barreira ou meio fio";1;0;0;0;0;0;0;0;0;0;0;1;0;0;0
"20/08/2017";"06:42:00";"42";"sem vítima";"198.06";"BR-050/MG";"Sul";"Choque - Obstáculo Fixo";0;0;1;0;0;0;0;0;0;0;2;0;0;0;0
"20/08/2017";"04:50:00";"141";"com vítima";"55.74";"BR-050/MG";"Sul";"Capotamento";1;0;0;0;0;0;0;0;0;0;0;0;0;1;0
"20/08/2017";"05:40:00";"148";"com vítima";"202.7";"BR-050/MG";"Norte";"Tombamento";0;0;1;0;0;0;0;0;0;0;0;0;1;0;0
"21/08/2017";"05:30:00";"23";"com vítima";"80";"BR-050/MG";"Sul";"Capotamento";1;0;0;0;0;0;0;0;0;0;0;0;1;0;0
"21/08/2017";"06:23:00";"174";"com vítima";"19";"CT-UDI-MG";"Norte";"Colisão Traseira";2;0;0;0;0;0;0;0;0;1;6;0;1;0;0
"22/08/2017";"08:58:00";"204";"com vítima";"279";"BR-050/GO";"Norte";"Colisão Lateral";1;0;1;0;0;0;0;0;0;0;1;0;1;0;0
"22/08/2017";"11:57:00";"224";"sem vítima";"306.7";"BR-050/GO";"Sul";"Colisão Traseira";0;0;2;0;0;0;0;0;0;0;2;0;0;0;0
"23/08/2017";"07:37:00";"43";"sem vítima";"117.6";"BR-050/MG";"Norte";"Colisão Traseira";0;0;2;0;0;0;0;0;0;0;2;0;0;0;0
"23/08/2017";"05:38:00";"188";"com vítima";"77.9";"BR-050/MG";"Sul";"Queda de Moto";0;0;0;1;0;0;0;0;0;0;1;0;1;0;0
"23/08/2017";"05:44:00";"190";"com vítima";"236";"BR-050/GO";"Sul";"Queda de Ciclista";0;1;0;0;0;0;0;0;0;0;0;0;1;0;0
"23/08/2017";"11:21:00";"238";"sem vítima";"0.44";"BR-050/MG";"Sul";"Colisão Lateral";0;0;3;0;0;0;0;0;0;0;3;0;0;0;0
"24/08/2017";"02:56:00";"160";"com vítima";"280.6";"BR-050/GO";"Sul";"Colisão Transversal";0;0;1;0;0;0;0;0;0;1;1;1;0;0;0
"24/08/2017";"03:24:00";"165";"sem vítima";"174.3";"BR-050/MG";"Sul";"Colisão Traseira";0;0;1;0;0;0;0;0;0;1;3;0;0;0;0
"24/08/2017";"07:43:00";"212";"com vítima";"80";"BR-050/MG";"Sul";"Saida de Pista";1;0;0;0;0;0;0;0;0;0;0;4;0;0;0
"24/08/2017";"07:45:00";"213";"sem vítima";"80";"BR-050/MG";"Sul";"Atropelamento de Animal";1;0;0;0;0;0;0;0;0;0;1;0;0;0;0
"25/08/2017";"12:39:00";"4";"com vítima";"129.52";"BR-050/MG";"Sul";"Saida de Pista";0;0;1;0;0;0;0;0;0;0;0;1;0;0;0
"25/08/2017";"07:11:00";"37";"com vítima";"176.5";"BR-050/MG";"Norte";"Colisão Lateral";3;0;1;0;0;0;0;0;0;0;2;2;1;0;0
"25/08/2017";"07:25:00";"42";"com vítima";"175.9";"BR-050/MG";"Norte";"Choque - Defensa, barreira ou meio fio";1;0;0;0;0;0;0;0;0;0;0;0;2;0;0
"25/08/2017";"04:12:00";"159";"com vítima";"190";"BR-050/MG";"Sul";"Choque - Defensa, barreira ou meio fio";1;0;0;0;0;0;0;0;0;0;0;0;1;0;0
"25/08/2017";"09:41:00";"219";"com vítima";"147.8";"BR-050/MG";"Norte";"Capotamento";1;0;0;0;0;0;0;0;0;0;0;0;2;0;0
"26/08/2017";"01:35:00";"11";"com vítima";"77";"BR-050/MG";"Sul";"Queda de Moto";0;0;0;1;0;0;0;0;0;0;0;0;2;0;0
"26/08/2017";"05:39:00";"27";"com vítima";"55.5";"BR-050/MG";"Norte";"Tombamento";1;0;1;0;0;0;0;0;0;0;0;4;0;0;0
"26/08/2017";"06:26:00";"30";"com vítima";"55";"BR-050/MG";"Norte";"Queda de Moto";0;0;0;1;0;0;0;0;0;0;0;1;0;0;0
"26/08/2017";"10:01:00";"75";"com vítima";"51.6";"BR-050/MG";"Sul";"Queda de Moto";0;0;0;1;0;0;0;0;0;0;0;1;0;0;0
"26/08/2017";"07:00:00";"162";"com vítima";"278.9";"BR-050/GO";"Sul";"Colisão Lateral";1;0;0;1;0;0;0;0;0;0;1;1;0;0;0
"26/08/2017";"09:22:00";"184";"sem vítima";"178";"BR-050/MG";"Norte";"Colisão Traseira";1;0;0;0;0;1;0;0;0;0;2;0;0;0;0
"27/08/2017";"10:23:00";"46";"com vítima";"3.7";"BR-050/MG";"Sul";"Queda de Ciclista";0;0;0;1;0;0;0;0;0;0;0;0;1;0;0
"27/08/2017";"04:35:00";"111";"com vítima";"176.2";"BR-050/MG";"Sul";"Queda de Moto";0;0;0;1;0;0;0;0;0;0;1;0;1;0;0
"27/08/2017";"08:03:00";"148";"sem vítima";"19";"CT-UDI-MG";"Norte";"Colisão Lateral";0;0;0;0;0;0;0;0;0;1;1;0;0;0;0
"28/08/2017";"11:48:00";"88";"sem vítima";"97.9";"BR-050/GO";"Sul";"Colisão Transversal";2;0;0;0;0;0;0;0;0;0;2;0;0;0;0
"28/08/2017";"11:50:00";"89";"sem vítima";"280";"BR-050/GO";"Sul";"Colisão Transversal";1;0;1;0;0;0;0;0;0;0;3;0;0;0;0
"28/08/2017";"08:18:00";"199";"com vítima";"78.91";"BR-050/MG";"Sul";"Colisão Traseira";1;0;0;1;0;0;0;0;0;0;1;0;0;2;0
"29/08/2017";"10:37:00";"86";"com vítima";"179";"BR-050/MG";"Norte";"Atropelamento - Morador";0;0;1;0;0;0;0;0;0;0;1;0;1;0;0
"30/08/2017";"07:40:00";"34";"sem vítima";"209.5";"BR-050/GO";"Norte";"Colisão Traseira";0;0;2;0;0;0;0;0;0;0;2;0;0;0;0
"30/08/2017";"10:00:00";"78";"sem vítima";"218";"BR-050/GO";"Norte";"Colisão Lateral";0;0;2;0;0;1;0;0;0;0;3;0;0;0;0
"30/08/2017";"10:36:00";"93";"com vítima";"95.2";"BR-050/MG";"Sul";"Colisão Lateral";1;0;1;0;0;0;0;0;0;0;0;2;1;0;0
"30/08/2017";"06:46:00";"192";"com vítima";"42";"BR-050/MG";"Norte";"Colisão Lateral";1;0;1;0;0;0;0;0;0;0;1;0;2;0;0
"30/08/2017";"09:55:00";"223";"sem vítima";"153";"BR-050/MG";"Sul";"Tombamento";0;0;1;0;0;0;0;0;0;0;1;0;0;0;0
"30/08/2017";"11:49:00";"233";"com vítima";"153.6";"BR-050/GO";"Norte";"Capotamento";0;0;0;0;0;0;0;0;0;1;0;2;0;0;0
"31/08/2017";"04:19:00";"21";"com vítima";"175";"BR-050/MG";"Sul";"Capotamento";1;0;0;0;0;0;0;0;0;0;0;1;1;0;0
"31/08/2017";"06:07:00";"26";"com vítima";"102";"BR-050/GO";"Norte";"Choque - Arvore";1;0;0;0;0;0;0;0;0;0;0;0;1;1;0
"31/08/2017";"10:30:00";"80";"com vítima";"270.05";"BR-050/GO";"Norte";"Colisão Frontal";0;0;0;0;0;0;0;0;0;2;1;0;1;0;0
"31/08/2017";"02:35:00";"143";"sem vítima";"23.4";"BR-050/MG";"Sul";"Choque - Talude";1;0;0;0;0;0;0;0;0;0;1;0;0;0;0
"01/09/2017";"02:50:00";"14";"com vítima";"180";"BR-050/MG";"Norte";"Queda de Moto";0;0;0;1;0;0;0;0;0;0;0;1;0;0;0
"01/09/2017";"12:36:00";"117";"sem vítima";"81";"BR-050/MG";"Norte";"Colisão Traseira";2;0;0;0;0;0;0;0;0;0;3;0;0;0;0
"01/09/2017";"01:40:00";"128";"com vítima";"177";"BR-050/MG";"Norte";"Queda de Moto";0;0;0;2;0;0;0;0;0;0;0;2;1;0;0
"01/09/2017";"05:10:00";"166";"com vítima";"154.6";"BR-050/MG";"Sul";"Saida de Pista";1;0;0;0;0;0;0;0;0;0;0;1;0;0;0
"02/09/2017";"10:52:00";"61";"sem vítima";"140.15";"BR-050/GO";"Norte";"Saida de Pista";1;0;0;0;0;0;0;0;0;0;2;0;0;0;0
"02/09/2017";"07:33:00";"142";"com vítima";"32";"BR-050/MG";"Sul";"Colisão Lateral";1;0;0;1;0;0;0;0;0;0;1;1;0;0;0
"02/09/2017";"07:47:00";"143";"com vítima";"177";"BR-050/MG";"Sul";"Colisão Lateral";1;0;0;1;0;0;0;0;0;0;1;0;1;0;0
"02/09/2017";"10:27:00";"166";"com vítima";"177";"BR-050/MG";"Sul";"Capotamento";0;0;0;0;0;0;0;0;0;1;0;0;0;1;0
"03/09/2017";"01:48:00";"7";"com vítima";"178.2";"BR-050/MG";"Norte";"Queda de Moto";0;0;0;1;0;0;0;0;0;0;0;0;0;1;0
"03/09/2017";"03:13:00";"95";"com vítima";"198.17";"BR-050/MG";"Sul";"Colisão Traseira";2;0;0;0;0;0;0;0;0;0;0;4;0;0;0
"03/09/2017";"06:25:00";"127";"com vítima";"93.2";"BR-050/MG";"Sul";"Capotamento";1;0;0;0;0;0;0;0;0;0;1;0;1;0;0
"03/09/2017";"08:18:00";"153";"com vítima";"85.8";"BR-050/MG";"Norte";"Colisão Traseira";0;0;0;1;0;0;0;0;0;1;1;0;1;0;0
"03/09/2017";"09:35:00";"162";"sem vítima";"38";"BR-050/MG";"Norte";"Choque - Talude";1;0;0;0;0;0;0;0;0;0;1;0;0;0;0
"04/09/2017";"08:20:00";"39";"sem vítima";"29.8";"BR-050/MG";"Sul";"Choque - Defensa, barreira ou meio fio";1;0;0;0;0;0;0;0;0;0;1;0;0;0;0
"04/09/2017";"09:54:00";"63";"sem vítima";"60.98";"BR-050/MG";"Norte";"Choque - Suporte de Sinalização";0;0;0;0;0;0;0;0;0;1;1;0;0;0;0
"04/09/2017";"01:41:00";"116";"sem vítima";"165.8";"BR-050/GO";"Sul";"Choque - Suporte de Sinalização";1;0;0;0;0;0;0;0;0;0;1;0;0;0;0
"04/09/2017";"03:09:00";"131";"com vítima";"53.2";"BR-050/MG";"Sul";"Choque - Talude";1;0;0;0;0;0;0;0;0;0;0;1;0;0;0
"04/09/2017";"04:00:00";"147";"sem vítima";"77.67";"BR-050/MG";"Sul";"Colisão Traseira";0;0;1;0;0;0;0;0;0;1;7;0;0;0;0
"04/09/2017";"06:02:00";"177";"com vítima";"111.8";"BR-050/GO";"Sul";"Colisão Lateral";2;0;0;0;0;0;0;0;0;0;1;0;0;1;0
"04/09/2017";"09:48:00";"213";"sem vítima";"124.2";"BR-050/GO";"Norte";"Choque - Defensa, barreira ou meio fio";1;0;0;0;0;0;0;0;0;0;1;0;0;0;0
"05/09/2017";"06:17:00";"31";"com vítima";"176";"BR-050/MG";"Norte";"Queda de Moto";0;0;0;1;0;0;0;0;0;0;0;0;1;0;0
"05/09/2017";"08:47:00";"203";"com vítima";"179.92";"BR-050/MG";"Norte";"Choque - Defensa, barreira ou meio fio";0;0;0;1;0;0;0;0;0;0;0;0;1;1;0
"06/09/2017";"06:45:00";"35";"com vítima";"279.3";"BR-050/GO";"Norte";"Colisão Frontal";1;1;0;0;0;0;0;0;0;0;1;1;0;0;0
"06/09/2017";"09:06:00";"77";"sem vítima";"272.95";"BR-050/GO";"Sul";"Colisão Traseira";1;0;0;0;0;1;0;0;0;0;3;0;0;0;0
"07/09/2017";"11:41:00";"91";"com vítima";"62.6";"BR-050/MG";"Sul";"Tombamento";0;0;0;0;0;0;0;0;0;1;1;1;0;0;0
"07/09/2017";"05:28:00";"167";"sem vítima";"18";"CT-UDI-MG";"Norte";"Colisão Lateral";2;0;0;0;0;0;0;0;0;0;5;0;0;0;0
"07/09/2017";"07:45:00";"187";"sem vítima";"46";"BR-050/MG";"Sul";"Choque - Defensa, barreira ou meio fio";1;0;0;0;0;0;0;0;0;0;1;0;0;0;0
"07/09/2017";"10:46:00";"210";"com vítima";"128.4";"BR-050/MG";"Norte";"Colisão Traseira";0;0;2;0;0;0;0;0;0;0;0;1;1;0;0
"09/09/2017";"03:52:00";"11";"com vítima";"182.18";"BR-050/MG";"Sul";"Capotamento";1;0;0;0;0;0;0;0;0;0;0;4;0;0;0
"09/09/2017";"07:31:00";"27";"com vítima";"138.22";"BR-050/MG";"Norte";"Saida de Pista";1;0;0;0;0;0;0;0;0;0;0;1;0;0;0
"09/09/2017";"08:46:00";"41";"com vítima";"170";"BR-050/MG";"Sul";"Colisão Lateral";1;0;0;0;0;1;0;0;0;0;1;5;0;0;0
"09/09/2017";"03:35:00";"131";"com vítima";"100.005";"BR-050/MG";"Sul";"Choque - Obstáculo Fixo";0;0;0;0;0;0;0;0;0;1;0;0;1;0;0
"09/09/2017";"06:08:00";"159";"com vítima";"97.97";"BR-050/GO";"Norte";"Colisão Transversal";2;0;0;0;0;0;0;0;0;0;2;3;0;0;0
"10/09/2017";"04:21:00";"12";"com vítima";"21.8";"BR-050/MG";"Sul";"Choque - Defensa, barreira ou meio fio";1;0;0;0;0;0;0;0;0;0;2;2;2;0;0
"10/09/2017";"08:06:00";"40";"com vítima";"171";"BR-050/MG";"Sul";"Colisão Lateral";2;0;0;0;0;0;0;0;0;0;0;4;0;0;0
"10/09/2017";"01:27:00";"80";"sem vítima";"15.6";"BR-050/MG";"Norte";"Saida de Pista";1;0;0;0;0;0;0;0;0;0;4;0;0;0;0
"10/09/2017";"02:03:00";"86";"com vítima";"53";"BR-050/MG";"Sul";"Colisão Lateral";2;0;0;0;0;0;0;0;0;0;0;5;0;0;0
"11/09/2017";"06:27:00";"36";"sem vítima";"177.9";"BR-050/MG";"Sul";"Atropelamento de Animal";0;0;0;0;0;0;0;0;0;1;1;0;0;0;0
"11/09/2017";"06:56:00";"43";"com vítima";"177.3";"BR-050/MG";"Sul";"Colisão Traseira";2;0;0;0;0;0;0;0;0;0;0;2;0;0;0
"11/09/2017";"08:06:00";"60";"sem vítima";"286.6";"BR-050/GO";"Norte";"Colisão Traseira";1;0;0;0;0;0;0;0;0;1;3;0;0;0;0
"11/09/2017";"06:00:00";"190";"com vítima";"88.7";"BR-050/MG";"Norte";"Queda de Moto";0;0;0;1;0;0;0;0;0;0;0;0;2;0;0
"11/09/2017";"11:41:00";"256";"com vítima";"178.35";"BR-050/MG";"Norte";"Choque - Defensa, barreira ou meio fio";1;0;0;0;0;0;0;0;0;0;0;1;0;0;0
"12/09/2017";"01:04:00";"134";"com vítima";"58.5";"BR-050/MG";"Norte";"Queda de Moto";0;0;0;1;0;0;0;0;0;0;0;0;2;0;0