data;horario;n_da_ocorrencia;tipo_de_ocorrencia;km;trecho;sentido;tipo_de_acidente;automovel;bicicleta;caminhao;moto;onibus;outros;tracao_animal;transporte_de_cargas_especiais;trator_maquinas;utilitarios;ilesos;levemente_feridos;moderadamente_feridos;gravemente_feridos;mortos
"12/09/2017";"04:48:00";"190";"sem vítima";"142";"BR-050/MG";"Norte";"Saida de Pista";1;0;0;0;0;0;0;0;0;0;1;0;0;0;0
"13/09/2017";"01:23:00";"125";"com vítima";"44.5";"BR-050/MG";"Sul";"Capotamento";1;0;0;0;0;0;0;0;0;0;0;0;1;0;0
"13/09/2017";"03:07:00";"148";"com vítima";"3.6";"BR-050/MG";"Sul";"Queda de Moto";0;0;0;1;0;0;0;0;0;0;0;1;0;0;0
"13/09/2017";"09:58:00";"235";"com vítima";"42.58";"BR-050/MG";"Sul";"Capotamento";0;0;0;0;0;0;0;0;0;1;0;0;2;0;0
"13/09/2017";"10:28:00";"240";"com vítima";"112.3";"BR-050/GO";"Norte";"Colisão Traseira";0;0;1;0;0;0;0;0;0;1;1;1;0;0;0
"14/09/2017";"03:25:00";"18";"com vítima";"180";"BR-050/MG";"Sul";"Choque - Obstáculo Fixo";0;0;0;0;0;0;0;0;0;1;0;1;0;0;0
"14/09/2017";"05:38:00";"188";"sem vítima";"305";"BR-050/GO";"Norte";"Colisão Traseira";0;0;2;0;0;0;0;0;0;0;2;0;0;0;0
"14/09/2017";"07:04:00";"209";"com vítima";"279.4";"BR-050/GO";"Norte";"Colisão Frontal";0;0;0;1;0;0;0;0;0;1;0;0;1;1;0
"14/09/2017";"07:59:00";"221";"com vítima";"178.9";"BR-050/MG";"Sul";"Colisão Lateral";1;0;1;0;0;0;0;0;0;0;0;2;0;0;0
"15/09/2017";"05:02:00";"29";"com vítima";"179";"BR-050/MG";"Norte";"Tombamento";0;0;1;0;0;0;0;0;0;0;0;2;0;0;0
"15/09/2017";"01:37:00";"143";"sem vítima";"278";"BR-050/GO";"Norte";"Colisão Lateral";1;0;1;0;0;0;0;0;0;0;3;0;0;0;0
"15/09/2017";"07:12:00";"222";"sem vítima";"106.3";"BR-050/MG";"Sul";"Colisão Lateral";1;0;1;0;0;0;0;0;0;0;4;0;0;0;0
"15/09/2017";"07:15:00";"223";"sem vítima";"236.2";"BR-050/GO";"Norte";"Colisão Lateral";0;0;2;0;0;0;0;0;0;0;2;0;0;0;0
"15/09/2017";"07:53:00";"233";"sem vítima";"57";"BR-050/MG";"Norte";"Colisão Traseira";1;0;1;0;0;0;0;0;0;0;2;0;0;0;0
"15/09/2017";"08:21:00";"236";"sem vítima";"83.6";"BR-050/MG";"Sul";"Colisão Traseira";0;0;2;0;0;0;0;0;0;0;2;0;0;0;0
"16/09/2017";"06:38:00";"43";"com vítima";"173";"BR-050/MG";"Sul";"Choque - Defensa, barreira ou meio fio";1;0;0;0;0;0;0;0;0;0;0;0;1;0;0
"16/09/2017";"03:32:00";"147";"sem vítima";"312.5";"BR-050/GO";"Norte";"Colisão Traseira";2;0;0;0;0;0;0;0;0;0;5;0;0;0;0
"16/09/2017";"04:46:00";"160";"com vítima";"115.12";"BR-050/MG";"Sul";"Saida de Pista";1;0;0;0;0;0;0;0;0;0;0;0;1;0;0
"16/09/2017";"05:24:00";"167";"com vítima";"180.2";"BR-050/MG";"Sul";"Queda de Moto";0;0;0;1;0;0;0;0;0;0;0;1;0;0;0
"16/09/2017";"10:09:00";"215";"com vítima";"178.3";"BR-050/MG";"Norte";"Choque - Obstáculo Fixo";0;0;0;1;0;0;0;0;0;0;0;1;0;0;0
"17/09/2017";"11:32:00";"68";"com vítima";"28.194";"BR-050/MG";"Sul";"Atropelamento - Andarilho";0;1;0;0;0;0;0;0;0;0;0;0;1;0;0
"17/09/2017";"02:40:00";"92";"com vítima";"8.26";"BR-050/MG";"Sul";"Capotamento";1;0;0;0;0;0;0;0;0;0;0;0;1;0;0
"17/09/2017";"05:39:00";"116";"com vítima";"270.15";"BR-050/GO";"Norte";"Colisão Transversal";0;0;0;0;0;0;0;0;0;2;1;2;3;1;0
"17/09/2017";"07:02:00";"135";"com vítima";"178.3";"BR-050/MG";"Norte";"Queda de Moto";0;0;0;1;0;0;0;0;0;0;0;0;1;0;0
"17/09/2017";"07:35:00";"147";"com vítima";"12.04";"CT-UDI-MG";"Sul";"Colisão Lateral";1;0;1;0;0;0;0;0;0;0;1;1;0;0;0
"17/09/2017";"10:06:00";"165";"com vítima";"178.3";"BR-050/MG";"Norte";"Choque - Defensa, barreira ou meio fio";0;0;0;0;0;0;0;0;0;1;0;2;1;0;0
"17/09/2017";"10:27:00";"170";"com vítima";"178.3";"BR-050/MG";"Norte";"Choque - Defensa, barreira ou meio fio";0;0;0;0;0;0;0;0;0;1;0;1;0;0;0
"18/09/2017";"10:43:00";"110";"com vítima";"126.3";"BR-050/MG";"Norte";"Capotamento";1;0;0;0;0;0;0;0;0;0;0;0;1;0;0
"18/09/2017";"01:17:00";"129";"com vítima";"129";"BR-050/MG";"Sul";"Capotamento";1;0;0;0;0;0;0;0;0;0;0;0;2;0;0
"18/09/2017";"05:21:00";"180";"sem vítima";"97.7";"BR-050/GO";"Sul";"Colisão Lateral";1;0;1;0;0;0;0;0;0;0;3;0;0;0;0
"18/09/2017";"09:36:00";"221";"com vítima";"52";"BR-050/MG";"Norte";"Colisão Traseira";0;0;1;0;0;0;0;0;0;1;0;1;4;0;0
"19/09/2017";"12:49:00";"7";"com vítima";"86.3";"BR-050/MG";"Sul";"Colisão Traseira";0;0;2;0;0;0;0;0;0;0;0;4;0;0;0
"19/09/2017";"04:20:00";"143";"com vítima";"81";"BR-050/MG";"Sul";"Colisão Traseira";0;0;1;0;0;0;0;0;0;1;4;1;0;0;0
"20/09/2017";"12:10:00";"142";"com vítima";"245.95";"BR-050/GO";"Sul";"Colisão Lateral";0;0;0;1;0;0;0;0;0;0;0;1;0;0;0
"20/09/2017";"12:45:00";"153";"sem vítima";"179.4";"BR-050/GO";"Norte";"Choque - Elemento de Drenagem";0;0;1;0;0;0;0;0;0;0;3;0;0;0;0
"20/09/2017";"09:30:00";"255";"sem vítima";"190.6";"BR-050/MG";"Norte";"Colisão Traseira";0;0;1;0;0;1;0;0;0;0;2;0;0;0;0
"21/09/2017";"02:00:00";"169";"com vítima";"112.08";"BR-050/MG";"Norte";"Tombamento";0;0;1;0;0;0;0;0;0;0;0;1;0;0;0
"22/09/2017";"12:32:00";"7";"sem vítima";"119";"BR-050/GO";"Norte";"Choque - Defensa, barreira ou meio fio";0;0;1;0;0;0;0;0;0;0;1;0;0;0;0
"22/09/2017";"03:55:00";"30";"com vítima";"163.75";"BR-050/MG";"Sul";"Colisão Traseira";0;0;2;0;0;0;0;0;0;0;0;1;1;0;0
"23/09/2017";"12:04:00";"1";"com vítima";"194.1";"BR-050/MG";"Norte";"Colisão Traseira";0;0;2;0;0;0;0;0;0;0;0;1;0;1;0
"23/09/2017";"04:23:00";"19";"com vítima";"167.2";"BR-050/GO";"Norte";"Saida de Pista";0;0;1;0;0;0;0;0;0;0;1;1;0;0;0
"23/09/2017";"07:46:00";"43";"com vítima";"281.7";"BR-050/GO";"Sul";"Queda de Moto";0;0;0;1;0;0;0;0;0;0;1;1;0;0;0
"23/09/2017";"04:57:00";"166";"com vítima";"133.2";"BR-050/GO";"Sul";"Capotamento";0;0;1;0;0;0;0;0;0;0;0;1;0;0;0
"24/09/2017";"05:22:00";"22";"sem vítima";"178";"BR-050/MG";"Norte";"Saida de Pista";1;0;0;0;0;0;0;0;0;0;1;0;0;0;0
"24/09/2017";"03:23:00";"122";"sem vítima";"29";"BR-050/MG";"Sul";"Colisão Lateral";0;0;0;1;0;0;0;0;0;0;1;0;0;0;0
"24/09/2017";"04:27:00";"135";"com vítima";"115.58";"BR-050/GO";"Norte";"Colisão Traseira";1;0;1;0;0;0;0;0;0;0;1;1;0;0;0
"24/09/2017";"07:42:00";"177";"com vítima";"40";"BR-050/MG";"Sul";"Queda de Moto";0;0;0;1;0;0;0;0;0;0;0;0;1;0;0
"24/09/2017";"08:16:00";"183";"com vítima";"183.5";"BR-050/MG";"Sul";"Queda de Moto";0;0;0;1;0;0;0;0;0;0;0;1;0;0;0
"24/09/2017";"10:06:00";"204";"com vítima";"191.8";"BR-050/MG";"Norte";"Saida de Pista";1;0;0;0;0;0;0;0;0;0;0;5;0;0;0
"25/09/2017";"05:41:00";"26";"sem vítima";"210.5";"BR-050/GO";"Norte";"Choque - Talude";0;0;0;0;0;0;0;0;0;1;1;0;0;0;0
"25/09/2017";"06:32:00";"32";"sem vítima";"95.7";"BR-050/GO";"Norte";"Queda de Moto";0;0;0;1;0;0;0;0;0;0;1;0;0;0;0
"25/09/2017";"10:28:00";"234";"sem vítima";"152.5";"BR-050/MG";"Norte";"Colisão Traseira";0;0;2;0;0;0;0;0;0;0;2;0;0;0;0
"25/09/2017";"11:01:00";"238";"com vítima";"255.85";"BR-050/GO";"Norte";"Capotamento";1;0;0;0;0;0;0;0;0;0;1;1;0;0;0
"25/09/2017";"11:33:00";"239";"sem vítima";"140.9";"BR-050/GO";"Norte";"Atropelamento de Animal";0;0;1;0;0;0;0;0;0;0;1;0;0;0;0
"26/09/2017";"03:12:00";"131";"com vítima";"119.1";"BR-050/MG";"Sul";"Tombamento";0;0;1;0;0;0;0;0;0;0;0;0;1;0;0
"27/09/2017";"01:31:00";"11";"sem vítima";"113.38";"BR-050/GO";"Sul";"Choque - Suporte de Sinalização";0;0;1;0;0;0;0;0;0;0;1;0;0;0;0
"27/09/2017";"05:20:00";"30";"sem vítima";"181.8";"BR-050/GO";"Norte";"Colisão Lateral";0;0;2;0;0;0;0;0;0;0;2;0;0;0;0
"27/09/2017";"01:47:00";"127";"com vítima";"95.7";"BR-050/GO";"Norte";"Colisão Lateral";1;0;0;0;1;0;0;0;0;0;1;1;0;0;0
"28/09/2017";"01:58:00";"12";"com vítima";"60";"BR-050/MG";"Norte";"Tombamento";0;0;0;0;1;0;0;0;0;0;0;9;9;0;1
"28/09/2017";"04:24:00";"206";"sem vítima";"181.1";"BR-050/GO";"Sul";"Choque - Suporte de Sinalização";0;0;1;0;0;0;0;0;0;0;1;0;0;0;0
"29/09/2017";"07:20:00";"40";"com vítima";"118";"BR-050/MG";"Norte";"Colisão Traseira";0;0;2;0;0;0;0;0;0;0;0;2;0;0;0
"29/09/2017";"03:39:00";"173";"com vítima";"174.1";"BR-050/MG";"Norte";"Choque - Defensa, barreira ou meio fio";1;0;0;0;0;0;0;0;0;0;0;1;0;0;0
"29/09/2017";"10:21:00";"247";"sem vítima";"137";"BR-050/GO";"Sul";"Saida de Pista";0;0;1;0;0;0;0;0;0;0;1;0;0;0;0
"29/09/2017";"10:30:00";"248";"com vítima";"55.84";"BR-050/MG";"Norte";"Capotamento";1;0;0;0;0;0;0;0;0;0;2;1;2;0;0
"30/09/2017";"07:58:00";"29";"com vítima";"177";"BR-050/MG";"Sul";"Saida de Pista";1;0;0;0;0;0;0;0;0;0;0;1;0;0;0
"30/09/2017";"08:50:00";"40";"com vítima";"44.3";"BR-050/MG";"Sul";"Choque - Elemento de Drenagem";1;0;0;0;0;0;0;0;0;0;0;2;0;0;0
"30/09/2017";"01:41:00";"78";"sem vítima";"238.3";"BR-050/GO";"Sul";"Choque - Suporte de Sinalização";1;0;0;0;0;0;0;0;0;0;1;0;0;0;0
"30/09/2017";"07:56:00";"116";"sem vítima";"119";"BR-050/MG";"Norte";"Colisão Lateral";1;0;1;0;0;0;0;0;0;0;2;0;0;0;0
"01/10/2017";"03:09:00";"22";"com vítima";"179";"BR-050/MG";"Norte";"Queda de Moto";0;0;0;1;0;0;0;0;0;0;0;0;2;0;0
"01/10/2017";"11:13:00";"69";"com vítima";"102.6";"BR-050/MG";"Norte";"Tombamento";0;0;1;0;0;0;0;0;0;0;0;1;0;0;0
"01/10/2017";"06:23:00";"142";"com vítima";"50.5";"BR-050/MG";"Norte";"Colisão Lateral";0;0;1;1;0;0;0;0;0;0;1;0;0;0;1
"01/10/2017";"06:31:00";"143";"sem vítima";"280";"BR-050/GO";"Sul";"Colisão Lateral";1;0;1;0;0;0;0;0;0;0;5;0;0;0;0
"02/10/2017";"09:38:00";"65";"com vítima";"78.8";"BR-050/MG";"Sul";"Queda de Moto";0;0;0;1;0;0;0;0;0;0;0;2;0;0;0
"02/10/2017";"12:15:00";"120";"sem vítima";"201.67";"BR-050/GO";"Sul";"Tombamento";0;0;0;0;0;0;0;0;0;1;2;0;0;0;0
"02/10/2017";"12:59:00";"133";"com vítima";"161";"BR-050/MG";"Sul";"Choque - Suporte de Sinalização";0;0;0;0;0;0;0;0;0;1;0;1;0;0;0
"02/10/2017";"01:09:00";"134";"sem vítima";"13";"BR-050/MG";"Sul";"Choque - Defensa, barreira ou meio fio";0;0;0;0;0;0;0;0;0;1;1;0;0;0;0
"02/10/2017";"01:20:00";"137";"sem vítima";"20";"BR-050/MG";"Norte";"Choque - Elemento de Drenagem";1;0;0;0;0;0;0;0;0;0;2;0;0;0;0
"02/10/2017";"01:20:00";"146";"sem vítima";"20";"BR-050/MG";"Norte";"Saida de Pista";1;0;0;0;0;0;0;0;0;0;2;0;0;0;0
"02/10/2017";"03:25:00";"167";"com vítima";"27";"BR-050/MG";"Norte";"Tombamento";0;0;1;0;0;0;0;0;0;0;0;0;2;0;0
"02/10/2017";"03:44:00";"171";"sem vítima";"110.26";"BR-050/MG";"Norte";"Tombamento";0;0;1;0;0;0;0;0;0;0;1;0;0;0;0
"02/10/2017";"03:48:00";"172";"com vítima";"141";"BR-050/MG";"Sul";"Choque - Elemento de Drenagem";0;0;0;0;0;0;0;0;0;1;0;0;1;0;0
"02/10/2017";"04:54:00";"188";"com vítima";"271.5";"BR-050/GO";"Sul";"Colisão Frontal";2;0;0;0;0;0;0;0;0;0;0;1;1;0;0
"02/10/2017";"05:30:00";"193";"sem vítima";"271.3";"BR-050/GO";"Norte";"Saida de Pista";0;0;0;0;0;0;0;0;0;1;1;0;0;0;0
"02/10/2017";"08:49:00";"232";"com vítima";"193.25";"BR-050/MG";"Sul";"Colisão Traseira";1;0;1;0;0;0;0;0;0;0;1;0;1;0;0
"03/10/2017";"07:49:00";"46";"com vítima";"41.4";"BR-050/MG";"Sul";"Queda de Moto";0;0;0;1;0;0;0;0;0;0;0;0;1;0;0
"03/10/2017";"03:27:00";"165";"sem vítima";"313.08";"BR-050/GO";"Norte";"Choque - Barranco";1;0;0;0;0;0;0;0;0;0;4;0;0;0;0
"03/10/2017";"08:30:00";"230";"sem vítima";"280";"BR-050/GO";"Sul";"Colisão Transversal";1;0;1;0;0;0;0;0;0;0;3;0;0;0;0
"04/10/2017";"05:10:00";"176";"com vítima";"18";"CT-UDI-MG";"Norte";"Colisão Lateral";1;0;1;0;0;0;0;0;0;0;1;2;0;0;0
"04/10/2017";"05:28:00";"180";"com vítima";"18";"CT-UDI-MG";"Norte";"Colisão Traseira";1;0;0;1;0;0;0;0;0;0;0;2;0;0;0
"05/10/2017";"08:38:00";"262";"com vítima";"16";"CT-UDI-MG";"Sul";"Choque - Defensa, barreira ou meio fio";0;1;0;0;0;0;0;0;0;0;0;0;1;0;0
"06/10/2017";"03:21:00";"23";"com vítima";"99";"BR-050/MG";"Sul";"Choque - Elemento de Drenagem";1;0;0;0;0;0;0;0;0;0;0;1;0;0;0
"06/10/2017";"05:05:00";"227";"com vítima";"180";"BR-050/MG";"Sul";"Colisão Traseira";1;0;1;0;0;0;0;0;0;0;1;2;0;0;0
"06/10/2017";"06:46:00";"244";"com vítima";"41.5";"BR-050/MG";"Norte";"Colisão Traseira";1;0;0;1;0;0;0;0;0;0;1;0;1;0;0
"06/10/2017";"07:23:00";"253";"com vítima";"39.9";"BR-050/MG";"Sul";"Colisão Traseira";2;0;0;0;0;0;0;0;0;0;0;2;0;0;0
"06/10/2017";"09:47:00";"287";"com vítima";"26.98";"BR-050/MG";"Sul";"Capotamento";0;0;0;0;0;0;0;0;0;1;0;0;0;1;0
"07/10/2017";"02:49:00";"16";"com vítima";"135.75";"BR-050/MG";"Sul";"Choque - Suporte de Sinalização";0;0;1;0;0;0;0;0;0;0;0;0;1;0;0
"07/10/2017";"04:19:00";"25";"com vítima";"140.1";"BR-050/MG";"Sul";"Choque - Defensa, barreira ou meio fio";0;0;1;0;0;0;0;0;0;0;0;1;0;0;0
"07/10/2017";"04:45:00";"29";"com vítima";"98.3";"BR-050/GO";"Norte";"Capotamento";2;0;0;0;0;0;0;0;0;0;2;1;0;0;0
"07/10/2017";"05:10:00";"32";"com vítima";"62.1";"BR-050/MG";"Norte";"Saida de Pista";1;0;0;0;0;0;0;0;0;0;0;1;0;0;0
"07/10/2017";"08:07:00";"250";"com vítima";"188.8";"BR-050/MG";"Sul";"Capotamento";0;0;0;0;0;0;0;0;0;1;0;0;2;0;0
"07/10/2017";"09:43:00";"265";"sem vítima";"19.6";"CT-UDI-MG";"Sul";"Capotamento";1;0;0;0;0;0;0;0;0;0;1;0;0;0;0
"07/10/2017";"10:31:00";"270";"com vítima";"97.3";"BR-050/GO";"Sul";"Colisão Traseira";1;0;0;0;0;0;0;0;0;1;3;1;0;0;0
"07/10/2017";"10:35:00";"271";"sem vítima";"97.5";"BR-050/GO";"Norte";"Colisão Transversal";2;0;0;0;0;0;0;0;0;0;2;0;0;0;0
"08/10/2017";"01:34:00";"9";"sem vítima";"307.02";"BR-050/GO";"Sul";"Saida de Pista";1;0;0;0;0;0;0;0;0;0;2;0;0;0;0
"08/10/2017";"03:05:00";"16";"com vítima";"2.86";"BR-050/MG";"Sul";"Colisão Traseira";0;0;2;0;0;0;0;0;0;0;1;1;0;0;0
"08/10/2017";"06:27:00";"28";"com vítima";"152.92";"BR-050/MG";"Sul";"Choque - Defensa, barreira ou meio fio";1;0;0;0;0;0;0;0;0;0;0;0;1;0;0
"08/10/2017";"03:26:00";"113";"sem vítima";"210";"BR-050/GO";"Norte";"Tombamento";0;0;1;0;0;0;0;0;0;0;1;0;0;0;0
"09/10/2017";"03:18:00";"16";"sem vítima";"258.3";"BR-050/GO";"Sul";"Choque - Defensa, barreira ou meio fio";1;0;0;0;0;0;0;0;0;0;1;0;0;0;0
"09/10/2017";"08:26:00";"59";"sem vítima";"84.4";"BR-050/MG";"Norte";"Capotamento";0;0;0;0;0;0;0;0;0;1;1;0;0;0;0
"09/10/2017";"09:20:00";"89";"sem vítima";"169";"BR-050/GO";"Norte";"Capotamento";0;0;0;0;0;0;0;0;0;1;1;0;0;0;0
"09/10/2017";"11:22:00";"122";"com vítima";"98.1";"BR-050/GO";"Norte";"Colisão Transversal";1;0;0;0;0;0;0;0;0;1;2;1;0;0;0
"09/10/2017";"12:37:00";"142";"com vítima";"62";"BR-050/MG";"Sul";"Capotamento";0;0;0;0;0;0;0;0;0;1;0;0;2;0;0
"10/10/2017";"04:08:00";"193";"sem vítima";"53.3";"BR-050/MG";"Sul";"Saida de Pista";0;0;1;0;0;0;0;0;0;0;1;0;0;0;0
"10/10/2017";"05:59:00";"231";"sem vítima";"53.44";"BR-050/MG";"Norte";"Engavetamento";2;0;1;0;0;0;0;0;0;0;4;0;0;0;0
"11/10/2017";"08:14:00";"63";"com vítima";"176.5";"BR-050/MG";"Norte";"Queda de Moto";0;0;0;1;0;0;0;0;0;0;1;0;1;0;0
"11/10/2017";"01:01:00";"167";"com vítima";"9.38";"BR-050/MG";"Sul";"Saida de Pista";1;0;0;0;0;0;0;0;0;0;0;4;0;0;0
"11/10/2017";"01:23:00";"171";"sem vítima";"233.1";"BR-050/GO";"Norte";"Tombamento";0;0;1;0;0;0;0;0;0;0;1;0;0;0;0
"11/10/2017";"02:03:00";"182";"sem vítima";"177";"BR-050/MG";"Sul";"Colisão Traseira";1;0;1;0;0;0;0;0;0;0;2;0;0;0;0
"11/10/2017";"02:37:00";"191";"sem vítima";"112.5";"BR-050/MG";"Norte";"Colisão Traseira";1;0;1;0;0;0;0;0;0;0;6;0;0;0;0
"12/10/2017";"02:36:00";"15";"com vítima";"170.3";"BR-050/MG";"Sul";"Choque - Defensa, barreira ou meio fio";0;0;0;0;0;0;0;0;0;1;1;0;1;0;0
"12/10/2017";"05:26:00";"25";"com vítima";"105.95";"BR-050/GO";"Norte";"Tombamento";0;0;1;0;0;0;0;0;0;0;0;1;0;0;0
"12/10/2017";"05:44:00";"209";"com vítima";"177.1";"BR-050/MG";"Norte";"Saida de Pista";0;0;1;0;0;0;0;0;0;0;0;1;0;0;0
"12/10/2017";"05:46:00";"210";"sem vítima";"19.93";"BR-050/MG";"Norte";"Saida de Pista";0;0;0;0;0;0;0;0;0;1;2;0;0;0;0
"15/10/2017";"05:24:00";"28";"com vítima";"36";"BR-050/MG";"Norte";"Choque - Defensa, barreira ou meio fio";1;0;0;0;0;0;0;0;0;0;1;0;1;0;0
"15/10/2017";"06:47:00";"205";"sem vítima";"175.6";"BR-050/MG";"Sul";"Saida de Pista";1;0;0;0;0;0;0;0;0;0;2;0;0;0;0
"15/10/2017";"09:22:00";"244";"sem vítima";"53.93";"BR-050/MG";"Sul";"Choque - Elemento de Drenagem";1;0;0;0;0;0;0;0;0;0;1;0;0;0;0
"16/10/2017";"02:39:00";"26";"com vítima";"311";"BR-050/GO";"Sul";"Choque - Defensa, barreira ou meio fio";1;0;0;0;0;0;0;0;0;0;0;5;0;0;0
"16/10/2017";"11:05:00";"123";"sem vítima";"106.1";"BR-050/MG";"Sul";"Saida de Pista";1;0;0;0;0;0;0;0;0;0;1;0;0;0;0
"16/10/2017";"05:29:00";"209";"com vítima";"169.58";"BR-050/MG";"Sul";"Colisão Traseira";0;0;2;0;0;0;0;0;0;0;0;1;1;0;0
"17/10/2017";"08:15:00";"65";"sem vítima";"28.5";"BR-050/MG";"Norte";"Colisão Lateral";0;0;1;0;0;0;0;0;0;1;3;0;0;0;0
"17/10/2017";"02:07:00";"151";"com vítima";"49.2";"BR-050/MG";"Sul";"Queda de Moto";0;0;0;1;0;0;0;0;0;0;0;2;0;0;0
"17/10/2017";"04:18:00";"172";"com vítima";"54.2";"BR-050/MG";"Sul";"Capotamento";0;0;1;0;0;0;0;0;0;0;0;0;1;0;0
"17/10/2017";"05:01:00";"179";"com vítima";"54";"BR-050/MG";"Sul";"Colisão Traseira";0;0;2;0;0;0;0;0;0;0;0;0;3;0;0
"17/10/2017";"06:16:00";"194";"com vítima";"52";"BR-050/MG";"Sul";"Colisão Lateral";1;0;1;0;0;0;0;0;0;0;1;4;0;0;0
"18/10/2017";"03:24:00";"18";"sem vítima";"29.9";"BR-050/MG";"Norte";"Choque - Elemento de Drenagem";1;0;0;0;0;0;0;0;0;0;1;0;0;0;0
"18/10/2017";"06:43:00";"36";"sem vítima";"104.1";"BR-050/GO";"Norte";"Capotamento";0;0;1;0;0;0;0;0;0;0;1;0;0;0;0
"18/10/2017";"11:06:00";"128";"sem vítima";"177.7";"BR-050/MG";"Norte";"Choque - Poste";0;0;0;0;0;0;0;0;0;1;1;0;0;0;0
"19/10/2017";"06:40:00";"40";"sem vítima";"100.8";"BR-050/GO";"Sul";"Saida de Pista";0;0;0;0;0;0;0;0;0;1;3;0;0;0;0
"19/10/2017";"07:01:00";"232";"com vítima";"178";"BR-050/MG";"Sul";"Choque - Defensa, barreira ou meio fio";1;0;2;0;0;0;0;0;0;0;1;3;0;0;0
"19/10/2017";"10:08:00";"264";"sem vítima";"308.5";"BR-050/GO";"Sul";"Tombamento";0;0;1;0;0;0;0;0;0;0;1;0;0;0;0
"20/10/2017";"06:41:00";"35";"sem vítima";"215.215";"BR-050/GO";"Norte";"Choque - Arvore";0;0;1;0;0;0;0;0;0;0;1;0;0;0;0
"20/10/2017";"08:52:00";"228";"sem vítima";"161.9";"BR-050/GO";"Norte";"Choque - Arvore";1;0;0;0;0;0;0;0;0;0;1;0;0;0;0
"21/10/2017";"01:42:00";"13";"com vítima";"42";"BR-050/MG";"Sul";"Choque - Suporte de Sinalização";0;0;0;1;0;0;0;0;0;0;0;0;0;1;0
"21/10/2017";"02:55:00";"19";"sem vítima";"233.6";"BR-050/GO";"Norte";"Colisão Traseira";0;0;2;0;0;0;0;0;0;0;2;0;0;0;0
"21/10/2017";"05:46:00";"160";"com vítima";"42";"BR-050/MG";"Sul";"Colisão Traseira";2;0;0;0;0;0;0;0;0;0;4;1;0;0;0
"21/10/2017";"07:50:00";"189";"sem vítima";"185";"BR-050/MG";"Norte";"Atropelamento de Animal";0;0;0;0;1;0;0;0;0;0;45;0;0;0;0
"23/10/2017";"03:51:00";"13";"com vítima";"170.25";"BR-050/MG";"Sul";"Colisão Traseira";1;0;1;0;0;0;0;0;0;0;0;1;1;0;0
"23/10/2017";"06:36:00";"20";"sem vítima";"31.74";"BR-050/MG";"Norte";"Saida de Pista";1;0;0;0;0;0;0;0;0;0;3;0;0;0;0
"23/10/2017";"08:12:00";"40";"sem vítima";"34.34";"BR-050/MG";"Norte";"Capotamento";0;0;0;0;0;0;0;0;0;1;2;0;0;0;0
"23/10/2017";"05:54:00";"183";"sem vítima";"167.3";"BR-050/GO";"Sul";"Capotamento";1;0;0;0;0;0;0;0;0;0;3;0;0;0;0
"24/10/2017";"10:40:00";"80";"com vítima";"136.6";"BR-050/MG";"Sul";"Tombamento";0;0;1;0;0;0;0;0;0;0;0;0;0;1;0
"24/10/2017";"07:24:00";"166";"sem vítima";"286";"BR-050/GO";"Norte";"Colisão Traseira";0;0;1;0;0;0;0;0;0;1;2;0;0;0;0
"24/10/2017";"08:35:00";"181";"com vítima";"114";"BR-050/MG";"Norte";"Capotamento";1;0;0;0;0;0;0;0;0;0;0;0;1;0;0
"25/10/2017";"08:45:00";"52";"com vítima";"132.54";"BR-050/MG";"Sul";"Tombamento";0;0;1;0;0;0;0;0;0;0;0;1;0;0;0
"25/10/2017";"10:09:00";"86";"sem vítima";"213.72";"BR-050/GO";"Norte";"Colisão Traseira";0;0;2;0;0;0;0;0;0;0;2;0;0;0;0
"26/10/2017";"07:31:00";"37";"com vítima";"280.6";"BR-050/GO";"Norte";"Colisão Transversal";1;0;0;1;0;0;0;0;0;0;1;1;0;0;0
"26/10/2017";"11:08:00";"103";"com vítima";"276.8";"BR-050/GO";"Sul";"Queda de Moto";0;0;0;1;0;0;0;0;0;0;0;0;1;0;0
"27/10/2017";"07:06:00";"38";"com vítima";"184.2";"BR-050/MG";"Norte";"Colisão Lateral";1;0;1;0;0;0;0;0;0;0;0;0;2;0;0
"27/10/2017";"01:53:00";"146";"com vítima";"50.3";"BR-050/MG";"Sul";"Saida de Pista";1;0;0;0;0;0;0;0;0;0;0;1;0;0;0
"27/10/2017";"09:36:00";"254";"com vítima";"18.2";"CT-UDI-MG";"Norte";"Capotamento";0;0;0;0;0;0;0;0;0;1;0;0;1;0;0
"28/10/2017";"12:19:00";"3";"sem vítima";"9.82";"CT-UDI-MG";"Sul";"Choque - Defensa, barreira ou meio fio";1;0;0;0;0;1;0;0;0;0;4;0;0;0;0
"28/10/2017";"06:56:00";"30";"com vítima";"180";"BR-050/MG";"Norte";"Choque - Elemento de Drenagem";1;0;0;0;0;0;0;0;0;0;0;1;0;0;0
"28/10/2017";"08:23:00";"40";"com vítima";"171.7";"BR-050/MG";"Norte";"Queda de Moto";1;0;0;1;0;0;0;0;0;0;2;0;2;0;0
"28/10/2017";"08:35:00";"186";"sem vítima";"102.9";"BR-050/GO";"Norte";"Saida de Pista";1;0;0;0;0;0;0;0;0;0;2;0;0;0;0