data;horario;n_da_ocorrencia;tipo_de_ocorrencia;km;trecho;sentido;tipo_de_acidente;automovel;bicicleta;caminhao;moto;onibus;outros;tracao_animal;transporte_de_cargas_especiais;trator_maquinas;utilitarios;ilesos;levemente_feridos;moderadamente_feridos;gravemente_feridos;mortos
"03/12/2017";"07:13:00";"120";"sem vítima";"22.8";"BR-050/MG";"Sul";"Choque - Defensa, barreira ou meio fio";1;0;0;0;0;0;0;0;0;0;3;0;0;0;0
"04/12/2017";"07:54:00";"44";"com vítima";"78.2";"BR-050/MG";"Sul";"Colisão Traseira";1;0;2;0;0;0;0;0;0;0;2;0;1;0;0
"04/12/2017";"09:12:00";"57";"sem vítima";"25.38";"BR-050/MG";"Sul";"Choque - Arvore";1;0;0;0;0;0;0;0;0;0;1;0;0;0;0
"04/12/2017";"09:26:00";"60";"com vítima";"46.8";"BR-050/MG";"Sul";"Capotamento";1;0;0;0;0;0;0;0;0;0;0;0;1;0;0
"04/12/2017";"03:29:00";"147";"com vítima";"297.07";"BR-050/GO";"Sul";"Choque - Arvore";1;0;0;0;0;0;0;0;0;0;0;0;0;0;1
"04/12/2017";"06:11:00";"177";"com vítima";"174.3";"BR-050/MG";"Norte";"Colisão Transversal";1;0;0;1;0;0;0;0;0;0;2;1;0;0;0
"04/12/2017";"08:22:00";"203";"sem vítima";"63.9";"BR-050/MG";"Sul";"Saida de Pista";1;0;0;0;0;0;0;0;0;0;2;0;0;0;0
"04/12/2017";"11:17:00";"228";"com vítima";"178.4";"BR-050/MG";"Norte";"Choque - Defensa, barreira ou meio fio";0;0;0;1;0;0;0;0;0;0;0;0;1;0;0
"05/12/2017";"06:40:00";"199";"sem vítima";"59.3";"BR-050/MG";"Norte";"Saida de Pista";1;0;0;0;0;0;0;0;0;0;2;0;0;0;0
"06/12/2017";"07:28:00";"50";"com vítima";"180";"BR-050/MG";"Sul";"Colisão Traseira";1;0;0;1;0;0;0;0;0;0;4;1;0;0;0
"06/12/2017";"05:46:00";"181";"sem vítima";"105";"BR-050/MG";"Norte";"Colisão Traseira";1;0;1;0;0;0;0;0;0;0;4;0;0;0;0
"07/12/2017";"10:36:00";"71";"com vítima";"45.965";"BR-050/MG";"Norte";"Capotamento";1;0;0;0;0;0;0;0;0;0;0;0;1;0;0
"07/12/2017";"03:15:00";"107";"com vítima";"205.28";"BR-050/MG";"Sul";"Colisão Traseira";0;0;2;0;0;0;0;0;0;0;1;0;0;0;1
"07/12/2017";"04:34:00";"126";"sem vítima";"11.7";"CT-UDI-MG";"Norte";"Saida de Pista";1;0;0;0;0;0;0;0;0;0;3;0;0;0;0
"08/12/2017";"01:02:00";"13";"sem vítima";"24.64";"BR-050/MG";"Sul";"Choque - Barranco";0;0;1;0;0;0;0;0;0;0;1;0;0;0;0
"08/12/2017";"02:04:00";"25";"sem vítima";"149";"BR-050/MG";"Sul";"Saida de Pista";0;0;0;0;0;0;0;0;0;1;1;0;0;0;0
"08/12/2017";"06:25:00";"45";"sem vítima";"178.2";"BR-050/MG";"Sul";"Colisão Lateral";1;0;1;0;0;0;0;0;0;0;4;0;0;0;0
"08/12/2017";"03:04:00";"146";"com vítima";"58.92";"BR-050/MG";"Sul";"Colisão Lateral";1;0;1;0;0;0;0;0;0;0;2;0;1;0;0
"08/12/2017";"07:22:00";"203";"com vítima";"132";"BR-050/GO";"Sul";"Capotamento";0;0;0;0;0;0;0;0;0;1;1;1;0;0;0
"08/12/2017";"07:57:00";"210";"sem vítima";"116";"BR-050/GO";"Norte";"Saida de Pista";1;0;0;0;0;0;0;0;0;0;1;0;0;0;0
"08/12/2017";"09:43:00";"226";"com vítima";"176.9";"BR-050/MG";"Sul";"Colisão Lateral";0;0;0;1;0;1;0;0;0;0;1;0;1;0;0
"08/12/2017";"10:06:00";"230";"sem vítima";"177";"BR-050/MG";"Sul";"Colisão Traseira";2;0;0;0;0;0;0;0;0;0;6;0;0;0;0
"08/12/2017";"10:58:00";"232";"sem vítima";"193.7";"BR-050/GO";"Sul";"Saida de Pista";1;0;0;0;0;0;0;0;0;0;1;0;0;0;0
"09/12/2017";"01:38:00";"8";"com vítima";"79";"BR-050/MG";"Sul";"Queda de Moto";0;0;0;1;0;0;0;0;0;0;0;0;1;0;0
"09/12/2017";"10:19:00";"87";"com vítima";"190";"BR-050/MG";"Sul";"Choque - Obstáculo Fixo";1;0;0;0;0;0;0;0;0;0;0;0;1;0;0
"09/12/2017";"10:17:00";"202";"com vítima";"54";"BR-050/MG";"Norte";"Queda de Moto";0;0;0;1;0;0;0;0;0;0;0;0;1;0;0
"10/12/2017";"06:07:00";"31";"sem vítima";"173";"BR-050/MG";"Sul";"Choque - Defensa, barreira ou meio fio";1;0;0;0;0;0;0;0;0;0;3;0;0;0;0
"10/12/2017";"05:28:00";"145";"com vítima";"2";"CT-UDI-MG";"Norte";"Choque - Suporte de Sinalização";0;0;0;1;0;0;0;0;0;0;0;1;0;0;0
"11/12/2017";"05:49:00";"31";"sem vítima";"47.3";"BR-050/MG";"Sul";"Choque - Defensa, barreira ou meio fio";1;0;0;0;0;0;0;0;0;0;1;0;0;0;0
"11/12/2017";"06:06:00";"155";"com vítima";"59";"BR-050/MG";"Sul";"Carreta deu L";1;0;1;0;0;0;0;0;0;0;1;0;1;0;0
"12/12/2017";"12:39:00";"6";"com vítima";"77";"BR-050/MG";"Sul";"Capotamento";1;0;0;0;0;0;0;0;0;0;0;0;2;0;0
"12/12/2017";"05:24:00";"24";"com vítima";"180";"BR-050/GO";"Norte";"Choque - Defensa, barreira ou meio fio";0;0;1;0;0;0;0;0;0;0;0;1;0;0;0
"12/12/2017";"05:45:00";"25";"sem vítima";"180";"BR-050/GO";"Norte";"Colisão Traseira";0;0;0;0;1;0;0;0;0;2;4;0;0;0;0
"12/12/2017";"06:24:00";"27";"sem vítima";"0";"BR-050/MG";"Norte";"Colisão Lateral";0;0;2;0;0;0;0;0;0;0;2;0;0;0;0
"12/12/2017";"08:46:00";"46";"sem vítima";"185.9";"BR-050/GO";"Norte";"Choque - Talude";1;0;0;0;0;0;0;0;0;0;1;0;0;0;0
"13/12/2017";"01:40:00";"6";"com vítima";"179";"BR-050/MG";"Sul";"Tombamento";0;0;0;0;1;0;0;0;0;0;0;0;2;0;0
"13/12/2017";"10:27:00";"182";"com vítima";"282.9";"BR-050/GO";"Sul";"Colisão Transversal";1;0;1;0;0;0;0;0;0;0;1;0;0;0;1
"13/12/2017";"11:02:00";"187";"sem vítima";"110.4";"BR-050/GO";"Sul";"Choque - Suporte de Sinalização";0;0;0;0;0;0;0;0;0;1;1;0;0;0;0
"14/12/2017";"04:12:00";"14";"com vítima";"27.24";"BR-050/MG";"Sul";"Choque - Defensa, barreira ou meio fio";0;0;0;0;0;0;0;0;0;1;0;2;0;0;0
"14/12/2017";"10:58:00";"98";"sem vítima";"80.24";"BR-050/MG";"Norte";"Objeto lançado contra veículo";1;0;0;0;0;0;0;0;0;0;2;0;0;0;0
"14/12/2017";"04:01:00";"167";"sem vítima";"174.24";"BR-050/MG";"Sul";"Choque - Defensa, barreira ou meio fio";0;0;0;0;0;0;0;0;0;1;2;0;0;0;0
"15/12/2017";"06:10:00";"35";"sem vítima";"95.7";"BR-050/GO";"Sul";"Saida de Pista";1;0;0;0;0;0;0;0;0;0;1;0;0;0;0
"15/12/2017";"09:06:00";"59";"com vítima";"117.33";"BR-050/MG";"Norte";"Capotamento";1;0;0;0;0;0;0;0;0;0;0;0;0;2;0
"15/12/2017";"12:10:00";"100";"com vítima";"178.9";"BR-050/MG";"Sul";"Tombamento";0;0;1;0;0;0;0;0;0;0;0;0;2;0;0
"15/12/2017";"12:26:00";"104";"sem vítima";"6.18";"BR-050/MG";"Sul";"Choque - Suporte de Sinalização";0;0;1;0;0;0;0;0;0;0;1;0;0;0;0
"16/12/2017";"03:32:00";"26";"sem vítima";"116.3";"BR-050/MG";"Norte";"Saida de Pista";1;0;0;0;0;0;0;0;0;0;1;0;0;0;0
"16/12/2017";"04:00:00";"30";"sem vítima";"177.38";"BR-050/MG";"Sul";"Choque - Defensa, barreira ou meio fio";1;0;0;0;0;0;0;0;0;0;3;0;0;0;0
"16/12/2017";"04:47:00";"33";"com vítima";"176";"BR-050/MG";"Sul";"Choque - Defensa, barreira ou meio fio";1;0;0;0;0;0;0;0;0;0;0;4;0;0;0
"16/12/2017";"05:29:00";"37";"sem vítima";"174.1";"BR-050/GO";"Norte";"Capotamento";1;0;0;0;0;0;0;0;0;0;2;0;0;0;0
"16/12/2017";"05:53:00";"41";"com vítima";"43";"BR-050/MG";"Sul";"Saida de Pista";1;0;0;0;0;0;0;0;0;0;1;0;1;0;0
"16/12/2017";"07:31:00";"53";"com vítima";"93.77";"BR-050/MG";"Sul";"Choque - Barranco";0;0;0;0;0;0;0;0;0;1;0;0;1;0;0
"16/12/2017";"05:13:00";"144";"com vítima";"45.85";"BR-050/MG";"Norte";"Queda de Moto";0;0;0;1;0;0;0;0;0;0;0;0;1;0;0
"16/12/2017";"06:32:00";"159";"sem vítima";"235.7";"BR-050/GO";"Sul";"Choque - Elemento de Drenagem";1;0;0;0;0;0;0;0;0;0;1;0;0;0;0
"16/12/2017";"10:11:00";"195";"sem vítima";"160.1";"BR-050/GO";"Norte";"Atropelamento de Animal";1;0;0;0;0;0;0;0;0;0;2;0;0;0;0
"17/12/2017";"01:25:00";"6";"sem vítima";"229";"BR-050/GO";"Sul";"Atropelamento de Animal";1;0;0;0;0;0;0;0;0;0;3;0;0;0;0
"17/12/2017";"03:56:00";"129";"com vítima";"276.92";"BR-050/GO";"Sul";"Colisão Traseira";1;0;0;0;0;0;0;0;0;1;1;2;0;0;0
"17/12/2017";"06:08:00";"159";"sem vítima";"168.85";"BR-050/MG";"Sul";"Colisão Traseira";1;0;0;0;1;0;0;0;0;0;38;0;0;0;0
"17/12/2017";"06:50:00";"171";"sem vítima";"169";"BR-050/MG";"Sul";"Choque - Defensa, barreira ou meio fio";1;0;0;0;0;0;0;0;0;0;1;0;0;0;0
"17/12/2017";"07:16:00";"178";"com vítima";"167";"BR-050/MG";"Norte";"Queda de Moto";0;0;0;1;0;0;0;0;0;0;0;1;0;0;0
"17/12/2017";"08:52:00";"193";"sem vítima";"175.7";"BR-050/MG";"Sul";"Choque - Defensa, barreira ou meio fio";1;0;0;0;0;0;0;0;0;0;1;0;0;0;0
"18/12/2017";"12:26:00";"2";"com vítima";"158.6";"BR-050/MG";"Sul";"Tombamento";0;0;0;0;0;0;0;0;0;1;0;0;1;0;0
"18/12/2017";"08:55:00";"233";"com vítima";"170.25";"BR-050/MG";"Sul";"Atropelamento - Ciclista";0;1;0;1;0;0;0;0;0;0;0;0;1;1;0
"18/12/2017";"09:36:00";"243";"sem vítima";"56.8";"BR-050/MG";"Norte";"Tombamento";0;0;1;0;0;0;0;0;0;0;1;0;0;0;0
"19/12/2017";"07:42:00";"52";"sem vítima";"0.6";"BR-050/MG";"Norte";"Choque - Defensa, barreira ou meio fio";0;0;0;0;0;0;0;0;0;1;1;0;0;0;0
"19/12/2017";"09:53:00";"75";"sem vítima";"102.2";"BR-050/MG";"Sul";"Colisão Traseira";1;0;1;0;0;0;0;0;0;0;3;0;0;0;0
"19/12/2017";"09:59:00";"78";"sem vítima";"51.6";"BR-050/MG";"Sul";"Choque - Defensa, barreira ou meio fio";0;0;1;0;0;0;0;0;0;0;2;0;0;0;0
"19/12/2017";"10:13:00";"80";"com vítima";"270.8";"BR-050/GO";"Norte";"Atropelamento de Animal";0;0;0;1;0;0;0;0;0;0;0;1;0;0;0
"19/12/2017";"04:26:00";"135";"sem vítima";"177.6";"BR-050/MG";"Sul";"Choque - Defensa, barreira ou meio fio";0;0;2;0;0;0;0;0;0;0;4;0;0;0;0
"19/12/2017";"04:56:00";"139";"com vítima";"123.52";"BR-050/MG";"Sul";"Saida de Pista";1;0;0;0;0;0;0;0;0;0;0;1;0;0;0
"19/12/2017";"06:16:00";"156";"sem vítima";"174.5";"BR-050/MG";"Norte";"Choque - Elemento de Drenagem";1;0;0;0;0;0;0;0;0;0;1;0;0;0;0
"19/12/2017";"07:12:00";"170";"com vítima";"20.4";"CT-UDI-MG";"Sul";"Queda de Moto";0;0;0;1;0;0;0;0;0;0;0;2;0;0;0
"20/12/2017";"01:29:00";"9";"sem vítima";"162.3";"BR-050/GO";"Norte";"Atropelamento de Animal";1;0;0;0;0;0;0;0;0;0;5;0;0;0;0
"20/12/2017";"09:55:00";"96";"sem vítima";"179.4";"BR-050/MG";"Sul";"Choque - Defensa, barreira ou meio fio";1;0;0;0;0;0;0;0;0;0;2;0;0;0;0
"20/12/2017";"09:55:00";"95";"sem vítima";"186.9";"BR-050/MG";"Sul";"Choque - Defensa, barreira ou meio fio";1;0;0;0;0;0;0;0;0;0;1;0;0;0;0
"20/12/2017";"01:10:00";"134";"sem vítima";"151.05";"BR-050/MG";"Sul";"Saida de Pista";1;0;0;0;0;0;0;0;0;0;2;0;0;0;0
"20/12/2017";"04:16:00";"166";"sem vítima";"38.5";"BR-050/MG";"Sul";"Colisão Traseira";1;0;0;0;0;0;0;0;0;1;4;0;0;0;0
"21/12/2017";"02:55:00";"20";"com vítima";"101.8";"BR-050/GO";"Norte";"Choque - Arvore";1;0;0;0;0;0;0;0;0;0;0;2;0;0;0
"21/12/2017";"05:55:00";"44";"com vítima";"0.564";"BR-050/MG";"Norte";"Queda de Moto";0;0;0;1;0;0;0;0;0;0;0;0;2;0;0
"21/12/2017";"09:48:00";"103";"sem vítima";"83.3";"BR-050/MG";"Norte";"Choque - Elemento de Drenagem";1;0;0;0;0;0;0;0;0;0;1;0;0;0;0
"21/12/2017";"02:45:00";"164";"com vítima";"203.9";"BR-050/MG";"Norte";"Tombamento";1;0;0;0;0;0;0;0;0;0;0;3;0;0;0
"21/12/2017";"03:06:00";"168";"com vítima";"117.86";"BR-050/MG";"Norte";"Capotamento";1;0;0;0;0;0;0;0;0;0;0;5;0;0;0
"21/12/2017";"06:17:00";"229";"sem vítima";"35.2";"BR-050/MG";"Sul";"Saida de Pista";1;0;0;0;0;0;0;0;0;0;2;0;0;0;0
"21/12/2017";"07:29:00";"249";"sem vítima";"178.9";"BR-050/MG";"Sul";"Choque - Defensa, barreira ou meio fio";1;0;0;0;0;0;0;0;0;0;2;0;0;0;0
"21/12/2017";"08:32:00";"263";"sem vítima";"89.85";"BR-050/MG";"Norte";"Saida de Pista";0;0;1;0;0;0;0;0;0;0;1;0;0;0;0
"21/12/2017";"11:02:00";"288";"sem vítima";"89.97";"BR-050/MG";"Norte";"Colisão Traseira";2;0;0;0;0;0;0;0;0;0;3;0;0;0;0
"21/12/2017";"11:03:00";"289";"sem vítima";"57.8";"BR-050/MG";"Norte";"Choque - Veiculo parado na pista";1;0;1;0;0;0;0;0;0;0;2;0;0;0;0
"22/12/2017";"12:19:00";"1";"com vítima";"114.2";"BR-050/GO";"Norte";"Capotamento";1;0;0;0;0;0;0;0;0;0;0;0;1;0;0
"22/12/2017";"05:34:00";"33";"com vítima";"132.8";"BR-050/MG";"Sul";"Capotamento";1;0;0;0;0;0;0;0;0;0;0;1;1;0;0
"22/12/2017";"01:36:00";"150";"sem vítima";"147.01";"BR-050/MG";"Sul";"Choque - Elemento de Drenagem";1;0;0;0;0;0;0;0;0;0;1;0;0;0;0
"22/12/2017";"06:07:00";"222";"com vítima";"178.5";"BR-050/MG";"Sul";"Colisão Traseira";1;0;0;1;0;0;0;0;0;0;1;1;0;0;0
"23/12/2017";"06:30:00";"44";"com vítima";"292.2";"BR-050/GO";"Norte";"Choque - Defensa, barreira ou meio fio";1;0;0;0;0;0;0;0;0;0;0;1;0;0;0
"23/12/2017";"06:43:00";"46";"com vítima";"114.5";"BR-050/MG";"Sul";"Colisão Lateral";1;0;1;0;0;0;0;0;0;0;1;0;1;0;0
"23/12/2017";"07:39:00";"57";"sem vítima";"133.5";"BR-050/MG";"Norte";"Choque - Elemento de Drenagem";1;0;0;0;0;0;0;0;0;0;4;0;0;0;0
"23/12/2017";"07:52:00";"60";"sem vítima";"206";"BR-050/MG";"Sul";"Choque - Defensa, barreira ou meio fio";1;0;0;0;0;0;0;0;0;0;5;0;0;0;0
"23/12/2017";"12:10:00";"108";"sem vítima";"286.5";"BR-050/GO";"Norte";"Engavetamento";2;0;0;0;0;0;0;0;0;1;10;0;0;0;0
"23/12/2017";"12:53:00";"117";"sem vítima";"146.4";"BR-050/MG";"Sul";"Choque - Elemento de Drenagem";0;0;0;0;0;0;0;0;0;1;3;0;0;0;0
"23/12/2017";"02:43:00";"132";"sem vítima";"198.55";"BR-050/MG";"Sul";"Colisão Traseira";2;0;0;0;0;0;0;0;0;0;3;0;0;0;0
"23/12/2017";"06:39:00";"176";"sem vítima";"4";"BR-050/MG";"Sul";"Choque - Defensa, barreira ou meio fio";1;0;0;0;0;0;0;0;0;0;3;0;0;0;0
"24/12/2017";"11:12:00";"52";"com vítima";"99.7";"BR-050/GO";"Norte";"Choque - Obstáculo Fixo";1;0;0;0;0;0;0;0;0;0;1;1;0;0;0
"24/12/2017";"11:30:00";"55";"sem vítima";"200.45";"BR-050/MG";"Norte";"Capotamento";1;0;0;0;0;0;0;0;0;0;2;0;0;0;0
"24/12/2017";"08:34:00";"131";"com vítima";"30";"BR-050/MG";"Norte";"Choque - Obstáculo Fixo";1;0;0;0;0;0;0;0;0;0;0;0;1;0;0
"24/12/2017";"09:36:00";"136";"com vítima";"113";"BR-050/MG";"Sul";"Queda de Moto";0;0;0;1;0;0;0;0;0;0;1;0;1;0;0
"25/12/2017";"07:07:00";"23";"com vítima";"87.8";"BR-050/MG";"Norte";"Choque - Arvore";0;0;0;0;0;0;0;0;0;1;0;1;0;0;0
"25/12/2017";"12:06:00";"70";"sem vítima";"201.6";"BR-050/MG";"Sul";"Choque - Veiculo parado no acostamento";2;0;0;0;0;0;0;0;0;0;14;0;0;0;0
"25/12/2017";"04:48:00";"108";"com vítima";"126.4";"BR-050/MG";"Sul";"Capotamento";1;0;0;0;0;0;0;0;0;0;0;3;2;0;0
"25/12/2017";"09:56:00";"183";"sem vítima";"178.4";"BR-050/MG";"Norte";"Choque - Defensa, barreira ou meio fio";1;0;0;0;0;0;0;0;0;0;1;0;0;0;0
"26/12/2017";"09:21:00";"62";"sem vítima";"198";"BR-050/MG";"Norte";"Colisão Traseira";2;0;0;0;0;0;0;0;0;0;6;0;0;0;0
"26/12/2017";"12:54:00";"104";"sem vítima";"0.42";"BR-050/MG";"Norte";"Choque - Suporte de Sinalização";0;0;0;0;0;0;0;0;0;1;2;0;0;0;0
"26/12/2017";"04:13:00";"143";"sem vítima";"154";"BR-050/MG";"Norte";"Choque - Elemento de Drenagem";1;0;0;0;0;0;0;0;0;0;3;0;0;0;0
"26/12/2017";"06:49:00";"188";"sem vítima";"178.1";"BR-050/MG";"Sul";"Choque - Defensa, barreira ou meio fio";1;0;0;0;0;0;0;0;0;0;4;0;0;0;0
"26/12/2017";"07:26:00";"199";"sem vítima";"156.5";"BR-050/MG";"Sul";"Capotamento";0;0;0;0;0;0;0;0;0;1;1;0;0;0;0
"27/12/2017";"07:32:00";"32";"sem vítima";"278.6";"BR-050/GO";"Norte";"Colisão Transversal";0;0;0;2;0;0;0;0;0;0;2;0;0;0;0
"27/12/2017";"02:16:00";"112";"com vítima";"278.6";"BR-050/GO";"Sul";"Colisão Transversal";0;0;0;1;0;0;0;0;0;1;2;1;0;0;0
"27/12/2017";"03:08:00";"120";"sem vítima";"206.1";"BR-050/GO";"Norte";"Colisão Traseira";2;0;0;0;0;0;0;0;0;0;7;0;0;0;0
"27/12/2017";"03:13:00";"123";"sem vítima";"270.1";"BR-050/GO";"Norte";"Choque - Defensa, barreira ou meio fio";1;0;0;0;0;0;0;0;0;0;1;0;0;0;0
"28/12/2017";"09:57:00";"73";"sem vítima";"131.6";"BR-050/MG";"Sul";"Choque - Suporte de Sinalização";1;0;0;0;0;0;0;0;0;0;5;0;0;0;0
"28/12/2017";"05:54:00";"162";"com vítima";"178";"BR-050/MG";"Sul";"Choque - Veiculo parado na pista";2;0;0;0;0;0;0;0;0;0;1;2;0;0;0
"29/12/2017";"05:29:00";"190";"sem vítima";"137.2";"BR-050/MG";"Norte";"Saida de Pista";0;0;1;0;0;0;0;0;0;0;2;0;0;0;0
"29/12/2017";"05:33:00";"192";"sem vítima";"134.4";"BR-050/MG";"Sul";"Colisão Traseira";0;0;1;0;0;0;0;0;0;1;2;0;0;0;0
"29/12/2017";"07:24:00";"222";"sem vítima";"127";"BR-050/MG";"Sul";"Choque - Elemento de Drenagem";1;0;0;0;0;0;0;0;0;0;1;0;0;0;0
"29/12/2017";"11:48:00";"264";"com vítima";"242.2";"BR-050/GO";"Norte";"Capotamento";1;0;0;0;0;0;0;0;0;0;2;1;1;0;0
"30/12/2017";"01:12:00";"5";"sem vítima";"108";"BR-050/MG";"Norte";"Tombamento";1;0;0;0;0;0;0;0;0;0;4;0;0;0;0
"30/12/2017";"05:20:00";"21";"sem vítima";"178.5";"BR-050/MG";"Norte";"Choque - Defensa, barreira ou meio fio";0;0;0;0;0;0;0;0;0;1;1;0;0;0;0
"30/12/2017";"10:42:00";"62";"sem vítima";"202.4";"BR-050/MG";"Norte";"Choque - Defensa, barreira ou meio fio";1;0;0;0;0;0;0;0;0;0;3;0;0;0;0
"30/12/2017";"06:20:00";"153";"sem vítima";"299";"BR-050/GO";"Sul";"Saida de Pista";1;0;0;0;0;0;0;0;0;0;4;0;0;0;0
"30/12/2017";"06:43:00";"156";"sem vítima";"18.76";"BR-050/MG";"Sul";"Choque - Defensa, barreira ou meio fio";1;0;0;0;0;0;0;0;0;0;1;0;0;0;0
"30/12/2017";"06:58:00";"160";"sem vítima";"52.77";"BR-050/MG";"Sul";"Carreta deu L";0;0;1;0;0;0;0;0;0;0;3;0;0;0;0
"30/12/2017";"07:47:00";"168";"sem vítima";"52.8";"BR-050/MG";"Sul";"Choque - Elemento de Drenagem";1;0;0;0;0;0;0;0;0;0;2;0;0;0;0
"30/12/2017";"08:35:00";"180";"com vítima";"171.4";"BR-050/MG";"Sul";"Queda de Moto";0;0;0;1;0;0;0;0;0;0;0;0;1;0;0
"30/12/2017";"08:41:00";"182";"com vítima";"179.6";"BR-050/MG";"Sul";"Atropelamento - Andarilho";0;0;0;0;0;1;0;0;0;0;1;0;0;1;0
"30/12/2017";"11:54:00";"198";"com vítima";"280.6";"BR-050/GO";"Sul";"Queda de Moto";0;0;0;1;0;0;0;0;0;0;0;1;0;0;0
"31/12/2017";"03:19:00";"8";"sem vítima";"52.85";"BR-050/MG";"Sul";"Saida de Pista";1;0;0;0;0;0;0;0;0;0;1;0;0;0;0
"31/12/2017";"05:29:00";"17";"sem vítima";"52.95";"BR-050/MG";"Sul";"Choque - Talude";1;0;0;0;0;0;0;0;0;0;4;0;0;0;0
"31/12/2017";"07:32:00";"27";"com vítima";"53.7";"BR-050/MG";"Norte";"Queda de Moto";0;0;0;1;0;0;0;0;0;0;0;1;0;0;0
"31/12/2017";"08:22:00";"31";"sem vítima";"24.3";"BR-050/MG";"Sul";"Capotamento";1;0;0;0;0;0;0;0;0;0;1;0;0;0;0
"31/12/2017";"08:24:00";"32";"com vítima";"88.24";"BR-050/MG";"Norte";"Saida de Pista";1;0;0;0;0;0;0;0;0;0;3;0;1;0;0
"31/12/2017";"08:34:00";"33";"sem vítima";"25.4";"BR-050/MG";"Sul";"Choque - Defensa, barreira ou meio fio";0;0;0;0;0;0;0;0;0;1;2;0;0;0;0
"31/12/2017";"12:10:00";"62";"sem vítima";"178.6";"BR-050/MG";"Sul";"Saida de Pista";0;0;0;0;0;0;0;0;0;1;3;0;0;0;0
"31/12/2017";"02:35:00";"74";"com vítima";"198.17";"BR-050/MG";"Norte";"Choque - Defensa, barreira ou meio fio";2;0;0;0;0;0;0;0;0;0;4;0;1;0;0
"31/12/2017";"06:53:00";"98";"sem vítima";"101.5";"BR-050/GO";"Sul";"Choque - Defensa, barreira ou meio fio";1;0;0;0;0;0;0;0;0;0;1;0;0;0;0
"01/01/2018";"06:18:00";"19";"sem vítima";"170";"BR-050/MG";"Sul";"Choque - Elemento de Drenagem";1;0;0;0;0;0;0;0;0;0;2;0;0;0;0
"02/01/2018";"12:53:00";"6";"com vítima";"64";"BR-050/MG";"Sul";"Queda de Moto";0;0;0;1;0;0;0;0;0;0;0;1;0;0;0
"02/01/2018";"06:41:00";"23";"com vítima";"62.65";"BR-050/MG";"Norte";"Tombamento";1;0;0;0;0;0;0;0;0;0;0;3;0;0;0
"02/01/2018";"08:26:00";"42";"sem vítima";"171";"BR-050/MG";"Norte";"Colisão Traseira";1;0;0;0;0;0;0;0;0;1;2;0;0;0;0
"02/01/2018";"12:00:00";"108";"com vítima";"149.5";"BR-050/GO";"Norte";"Choque - Arvore";1;0;0;0;0;0;0;0;0;0;0;0;2;1;0
"02/01/2018";"12:07:00";"109";"sem vítima";"305.8";"BR-050/GO";"Norte";"Carreta deu L";0;0;1;0;0;0;0;0;0;0;1;0;0;0;0
"02/01/2018";"06:46:00";"211";"sem vítima";"280";"BR-050/GO";"Sul";"Colisão Transversal";1;0;0;0;0;0;0;0;0;1;2;0;0;0;0
"02/01/2018";"06:48:00";"212";"sem vítima";"52.8";"BR-050/MG";"Sul";"Choque - Defensa, barreira ou meio fio";1;0;0;0;0;0;0;0;0;0;3;0;0;0;0
"02/01/2018";"10:36:00";"252";"sem vítima";"121.9";"BR-050/MG";"Norte";"Tombamento";0;0;1;0;0;0;0;0;0;0;1;0;0;0;0
"03/01/2018";"06:18:00";"23";"sem vítima";"55.05";"BR-050/MG";"Sul";"Choque - Elemento de Drenagem";1;0;0;0;0;0;0;0;0;0;2;0;0;0;0
"03/01/2018";"02:30:00";"108";"com vítima";"62.36";"BR-050/MG";"Sul";"Capotamento";1;0;0;0;0;0;0;0;0;0;0;1;0;0;0
"03/01/2018";"09:14:00";"178";"sem vítima";"207";"BR-050/GO";"Sul";"Saida de Pista";0;0;0;0;0;0;0;0;0;1;1;0;0;0;0
"03/01/2018";"10:41:00";"184";"sem vítima";"53.7";"BR-050/MG";"Sul";"Choque - Elemento de Drenagem";0;0;1;0;0;0;0;0;0;0;2;0;0;0;0
"04/01/2018";"11:24:00";"88";"sem vítima";"178.76";"BR-050/MG";"Norte";"Tombamento";0;0;1;0;0;0;0;0;0;0;1;0;0;0;0
"04/01/2018";"01:39:00";"103";"com vítima";"110.7";"BR-050/GO";"Norte";"Capotamento";1;0;0;0;0;0;0;0;0;0;0;2;0;0;0
"04/01/2018";"02:32:00";"112";"sem vítima";"124.18";"BR-050/MG";"Sul";"Choque - Elemento de Drenagem";0;0;0;0;0;0;0;0;0;1;3;0;0;0;0
"04/01/2018";"02:46:00";"117";"sem vítima";"180.15";"BR-050/MG";"Norte";"Colisão Traseira";1;0;0;0;0;0;0;0;0;1;2;0;0;0;0
"04/01/2018";"07:21:00";"150";"sem vítima";"179.39";"BR-050/MG";"Norte";"Colisão Traseira";0;0;0;0;0;0;0;0;0;2;3;0;0;0;0
"04/01/2018";"08:30:00";"160";"com vítima";"180.1";"BR-050/MG";"Sul";"Atropelamento - Andarilho";0;0;0;1;0;0;0;0;0;0;0;2;0;0;0