data;horario;n_da_ocorrencia;tipo_de_ocorrencia;km;trecho;sentido;tipo_de_acidente;automovel;bicicleta;caminhao;moto;onibus;outros;tracao_animal;transporte_de_cargas_especiais;trator_maquinas;utilitarios;ilesos;levemente_feridos;moderadamente_feridos;gravemente_feridos;mortos
"10/02/2018";"01:31:00";"120";"sem vítima";"19.3";"BR-050/MG";"Norte";"Saida de Pista";1;0;0;0;0;0;0;0;0;0;2;0;0;0;0
"10/02/2018";"01:31:00";"119";"com vítima";"18.2";"BR-050/MG";"Sul";"Capotamento";0;0;0;0;0;0;0;0;0;1;0;2;3;0;0
"10/02/2018";"02:46:00";"132";"sem vítima";"26.88";"BR-050/MG";"Norte";"Capotamento";0;0;0;0;0;0;0;0;0;1;1;0;0;0;0
"10/02/2018";"04:06:00";"147";"sem vítima";"20.8";"CT-UDI-MG";"Sul";"Choque - Defensa, barreira ou meio fio";1;0;0;0;0;0;0;0;0;0;1;0;0;0;0
"11/02/2018";"05:51:00";"32";"com vítima";"113";"BR-050/GO";"Norte";"Queda de Moto";0;0;0;1;0;0;0;0;0;0;0;0;2;0;0
"11/02/2018";"09:17:00";"48";"com vítima";"149.7";"BR-050/MG";"Norte";"Capotamento";1;0;0;0;0;0;0;0;0;0;0;1;0;0;0
"11/02/2018";"09:37:00";"52";"com vítima";"32";"BR-050/MG";"Sul";"Carreta deu L";0;0;1;0;0;0;0;0;0;0;0;1;0;0;0
"11/02/2018";"10:57:00";"65";"sem vítima";"36";"BR-050/MG";"Norte";"Colisão Traseira";2;0;0;0;0;0;0;0;0;0;2;0;0;0;0
"11/02/2018";"12:01:00";"79";"sem vítima";"57.83";"BR-050/MG";"Sul";"Choque - Elemento de Drenagem";0;0;0;0;0;0;0;0;0;1;3;0;0;0;0
"11/02/2018";"12:54:00";"86";"sem vítima";"179.8";"BR-050/GO";"Sul";"Tombamento";1;0;0;0;0;0;0;0;0;0;4;0;0;0;0
"12/02/2018";"03:59:00";"17";"com vítima";"77.8";"BR-050/MG";"Sul";"Colisão Traseira";1;0;1;0;0;0;0;0;0;0;1;2;0;0;0
"12/02/2018";"11:14:00";"81";"com vítima";"118.05";"BR-050/MG";"Norte";"Colisão Traseira";2;0;0;0;0;0;0;0;0;0;6;1;0;0;0
"12/02/2018";"06:36:00";"149";"com vítima";"171.7";"BR-050/MG";"Sul";"Capotamento";2;0;0;0;0;0;0;0;0;0;0;2;1;0;0
"13/02/2018";"07:53:00";"27";"sem vítima";"178.95";"BR-050/MG";"Sul";"Choque - Defensa, barreira ou meio fio";1;0;0;0;0;0;0;0;0;0;1;0;0;0;0
"13/02/2018";"11:31:00";"67";"sem vítima";"310";"BR-050/GO";"Norte";"Colisão Transversal";1;0;1;0;0;0;0;0;0;0;2;0;0;0;0
"13/02/2018";"05:46:00";"130";"com vítima";"87.8";"BR-050/MG";"Sul";"Choque - Defensa, barreira ou meio fio";1;0;0;0;0;0;0;0;0;0;0;0;2;0;0
"14/02/2018";"04:33:00";"20";"sem vítima";"113.25";"BR-050/MG";"Norte";"Choque - Suporte de Sinalização";1;0;0;0;0;0;0;0;0;0;5;0;0;0;0
"14/02/2018";"06:26:00";"27";"sem vítima";"184.2";"BR-050/MG";"Norte";"Atropelamento de Animal";1;0;0;0;0;0;0;0;0;0;1;0;0;0;0
"14/02/2018";"12:32:00";"112";"sem vítima";"177.3";"BR-050/MG";"Sul";"Colisão Lateral";1;0;1;0;0;0;0;0;0;0;2;0;0;0;0
"14/02/2018";"02:23:00";"134";"com vítima";"118.2";"BR-050/MG";"Norte";"Capotamento";1;0;0;0;0;0;0;0;0;0;0;1;4;0;0
"15/02/2018";"07:10:00";"38";"sem vítima";"106";"BR-050/GO";"Sul";"Saida de Pista";1;0;0;0;0;0;0;0;0;0;2;0;0;0;0
"15/02/2018";"02:48:00";"143";"com vítima";"146.52";"BR-050/MG";"Sul";"Choque - Suporte de Sinalização";1;0;0;0;0;0;0;0;0;0;0;1;0;0;0
"16/02/2018";"12:12:00";"96";"com vítima";"59.3";"BR-050/MG";"Norte";"Capotamento";1;0;0;0;0;0;0;0;0;0;0;1;0;0;0
"16/02/2018";"11:19:00";"222";"sem vítima";"11.7";"BR-050/MG";"Sul";"Choque - Defensa, barreira ou meio fio";0;0;1;0;0;0;0;0;0;0;1;0;0;0;0
"16/02/2018";"11:41:00";"227";"com vítima";"4";"BR-050/MG";"Sul";"Choque - Defensa, barreira ou meio fio";1;0;0;0;0;0;0;0;0;0;0;0;1;0;0
"17/02/2018";"05:22:00";"133";"com vítima";"15";"CT-UDI-MG";"Sul";"Choque - Defensa, barreira ou meio fio";0;0;0;1;0;0;0;0;0;0;0;0;1;0;0
"17/02/2018";"09:14:00";"173";"sem vítima";"276";"BR-050/GO";"Norte";"Choque - Defensa, barreira ou meio fio";1;0;0;0;0;0;0;0;0;0;1;0;0;0;0
"17/02/2018";"09:51:00";"176";"sem vítima";"282.5";"BR-050/GO";"Sul";"Atropelamento de Animal";1;0;0;0;0;0;0;0;0;0;1;0;0;0;0
"18/02/2018";"03:50:00";"108";"sem vítima";"300.2";"BR-050/GO";"Norte";"Choque - Arvore";0;0;0;0;0;0;0;0;0;1;1;0;0;0;0
"18/02/2018";"05:16:00";"124";"com vítima";"164.6";"BR-050/MG";"Norte";"Capotamento";1;0;0;0;0;0;0;0;0;0;2;0;1;0;0
"18/02/2018";"05:52:00";"131";"com vítima";"175.8";"BR-050/MG";"Norte";"Queda de Moto";1;0;0;1;0;0;0;0;0;0;1;1;0;0;0
"18/02/2018";"07:27:00";"150";"sem vítima";"175.9";"BR-050/MG";"Norte";"Colisão Traseira";2;0;0;0;0;0;0;0;0;1;4;0;0;0;0
"18/02/2018";"07:40:00";"152";"sem vítima";"176";"BR-050/MG";"Norte";"Colisão Traseira";1;0;0;0;0;0;0;0;0;1;2;0;0;0;0
"18/02/2018";"07:47:00";"154";"sem vítima";"176";"BR-050/MG";"Norte";"Colisão Traseira";1;0;0;0;0;0;0;0;0;1;3;0;0;0;0
"19/02/2018";"12:24:00";"4";"com vítima";"186";"BR-050/MG";"Sul";"Queda de Moto";0;0;0;1;0;0;0;0;0;0;0;1;0;0;0
"19/02/2018";"10:07:00";"83";"sem vítima";"85.92";"BR-050/MG";"Norte";"Atropelamento de Animal";1;0;0;0;0;0;0;0;0;0;4;0;0;0;0
"19/02/2018";"11:59:00";"117";"sem vítima";"172";"BR-050/MG";"Norte";"Choque - Defensa, barreira ou meio fio";1;0;0;0;0;0;0;0;0;0;1;0;0;0;0
"19/02/2018";"06:13:00";"189";"com vítima";"59";"BR-050/MG";"Sul";"Colisão Lateral";1;0;1;0;0;0;0;0;0;0;1;1;0;0;0
"20/02/2018";"12:51:00";"118";"com vítima";"198";"BR-050/MG";"Sul";"Atropelamento - Usuário";1;0;0;0;0;0;0;0;0;0;2;1;0;0;0
"20/02/2018";"09:19:00";"207";"sem vítima";"123.4";"BR-050/MG";"Norte";"Saida de Pista";1;0;0;0;0;0;0;0;0;0;1;0;0;0;0
"21/02/2018";"07:35:00";"40";"sem vítima";"17.3";"BR-050/MG";"Norte";"Choque - Defensa, barreira ou meio fio";1;0;0;0;0;0;0;0;0;0;1;0;0;0;0
"21/02/2018";"12:04:00";"119";"sem vítima";"116.2";"BR-050/GO";"Norte";"Choque - Defensa, barreira ou meio fio";0;0;1;0;0;0;0;0;0;0;1;0;0;0;0
"21/02/2018";"03:49:00";"153";"sem vítima";"280.5";"BR-050/GO";"Norte";"Colisão Traseira";1;0;1;0;0;0;0;0;0;0;4;0;0;0;0
"21/02/2018";"10:06:00";"230";"com vítima";"153.1";"BR-050/GO";"Sul";"Capotamento";1;0;0;0;0;0;0;0;0;0;0;1;0;0;0
"22/02/2018";"07:17:00";"41";"sem vítima";"20.5";"BR-050/MG";"Norte";"Choque - Talude";0;0;1;0;0;0;0;0;0;0;1;0;0;0;0
"22/02/2018";"07:36:00";"46";"sem vítima";"137.8";"BR-050/MG";"Norte";"Tombamento";0;0;1;0;0;0;0;0;0;0;2;0;0;0;0
"22/02/2018";"03:50:00";"174";"sem vítima";"173.2";"BR-050/MG";"Norte";"Colisão Traseira";1;0;1;0;0;0;0;0;0;0;2;0;0;0;0
"22/02/2018";"09:31:00";"237";"com vítima";"116.2";"BR-050/MG";"Sul";"Colisão Transversal";0;0;1;0;0;0;0;0;0;1;0;1;3;0;1
"23/02/2018";"05:52:00";"20";"sem vítima";"30.8";"BR-050/MG";"Norte";"Saida de Pista";0;0;0;0;0;0;0;0;0;1;2;0;0;0;0
"23/02/2018";"07:02:00";"26";"sem vítima";"177.3";"BR-050/MG";"Norte";"Engavetamento";2;0;0;0;0;0;0;0;0;1;4;0;0;0;0
"23/02/2018";"04:17:00";"163";"sem vítima";"152.58";"BR-050/GO";"Norte";"Choque - Elemento de Drenagem";0;0;0;0;0;0;0;0;0;1;1;0;0;0;0
"23/02/2018";"05:35:00";"187";"com vítima";"150";"BR-050/MG";"Norte";"Saida de Pista";1;0;0;0;0;0;0;0;0;0;0;0;2;0;0
"23/02/2018";"07:57:00";"214";"sem vítima";"98.86";"BR-050/MG";"Sul";"Choque - Objeto sobre a pista";0;0;0;0;0;0;0;0;0;1;4;0;0;0;0
"24/02/2018";"01:42:00";"8";"com vítima";"154.7";"BR-050/MG";"Sul";"Atropelamento de Animal";1;0;0;0;0;0;0;0;0;0;0;0;2;0;0
"24/02/2018";"02:20:00";"15";"sem vítima";"154.7";"BR-050/MG";"Sul";"Atropelamento de Animal";0;0;1;0;0;0;0;0;0;0;1;0;0;0;0
"24/02/2018";"02:26:00";"16";"sem vítima";"40.2";"BR-050/MG";"Sul";"Saida de Pista";1;0;0;0;0;0;0;0;0;0;1;0;0;0;0
"24/02/2018";"10:31:00";"84";"com vítima";"11.58";"CT-UDI-MG";"Sul";"Saida de Pista";1;0;0;0;0;0;0;0;0;0;0;0;1;0;0
"24/02/2018";"11:06:00";"93";"sem vítima";"143.68";"BR-050/MG";"Sul";"Saida de Pista";1;0;0;0;0;0;0;0;0;0;4;0;0;0;0
"24/02/2018";"11:43:00";"99";"com vítima";"174.4";"BR-050/MG";"Sul";"Queda de Moto";0;0;0;1;0;0;0;0;0;0;0;0;1;0;0
"24/02/2018";"12:03:00";"103";"sem vítima";"155.9";"BR-050/MG";"Norte";"Tombamento";0;0;0;0;0;0;0;0;0;1;1;0;0;0;0
"24/02/2018";"02:35:00";"129";"com vítima";"177.4";"BR-050/MG";"Sul";"Choque - Elemento de Drenagem";0;0;0;0;0;0;0;0;0;1;0;1;0;0;0
"24/02/2018";"07:00:00";"179";"sem vítima";"18.1";"CT-UDI-MG";"Norte";"Choque - Suporte de Sinalização";1;0;0;0;0;0;0;0;0;0;3;0;0;0;0
"24/02/2018";"08:58:00";"195";"com vítima";"175.2";"BR-050/MG";"Norte";"Colisão Traseira";1;0;0;1;0;0;0;0;0;0;1;1;0;1;0
"24/02/2018";"11:02:00";"205";"sem vítima";"280.6";"BR-050/GO";"Sul";"Colisão Transversal";1;0;0;0;0;0;0;0;0;1;2;0;0;0;0
"25/02/2018";"01:04:00";"4";"sem vítima";"139.05";"BR-050/MG";"Norte";"Choque - Arvore";1;0;0;0;0;0;0;0;0;0;1;0;0;0;0
"25/02/2018";"01:53:00";"8";"com vítima";"28.29";"BR-050/MG";"Norte";"Saida de Pista";1;0;0;0;0;0;0;0;0;0;3;0;1;0;0
"25/02/2018";"04:44:00";"14";"sem vítima";"120.8";"BR-050/GO";"Norte";"Saida de Pista";1;0;0;0;0;0;0;0;0;0;1;0;0;0;0
"25/02/2018";"05:34:00";"18";"sem vítima";"266.75";"BR-050/GO";"Sul";"Choque - Suporte de Sinalização";0;0;0;0;0;0;0;0;0;1;2;0;0;0;0
"25/02/2018";"12:25:00";"77";"sem vítima";"27.74";"BR-050/MG";"Sul";"Choque - Suporte de Sinalização";1;0;0;0;0;0;0;0;0;0;1;0;0;0;0
"25/02/2018";"12:45:00";"80";"sem vítima";"229";"BR-050/GO";"Sul";"Choque - Talude";1;0;0;0;0;0;0;0;0;0;1;0;0;0;0
"25/02/2018";"03:08:00";"101";"com vítima";"277.5";"BR-050/GO";"Sul";"Queda de Ciclista";0;1;0;0;0;0;0;0;0;0;0;1;0;0;0
"25/02/2018";"06:14:00";"143";"com vítima";"203";"BR-050/MG";"Norte";"Choque - Talude";1;0;0;0;0;0;0;0;0;0;0;0;2;0;0
"25/02/2018";"07:00:00";"156";"sem vítima";"45.8";"BR-050/MG";"Norte";"Colisão Lateral";2;0;0;0;0;0;0;0;0;0;4;0;0;0;0
"25/02/2018";"07:12:00";"157";"sem vítima";"115.1";"BR-050/MG";"Norte";"Capotamento";1;0;0;0;0;0;0;0;0;0;1;0;0;0;0
"25/02/2018";"09:23:00";"176";"sem vítima";"113.95";"BR-050/MG";"Norte";"Capotamento";0;0;0;0;0;0;0;0;0;1;1;0;0;0;0
"25/02/2018";"09:26:00";"178";"com vítima";"123.1";"BR-050/GO";"Norte";"Colisão Traseira";0;0;2;0;0;0;0;0;0;0;0;1;1;0;0
"26/02/2018";"10:37:00";"192";"com vítima";"104.05";"BR-050/MG";"Sul";"Colisão Traseira";0;0;2;0;0;0;0;0;0;0;1;1;0;0;0
"26/02/2018";"11:49:00";"196";"sem vítima";"259.9";"BR-050/GO";"Sul";"Choque - Arvore";0;0;0;0;0;0;0;0;0;1;1;0;0;0;0
"27/02/2018";"03:02:00";"12";"sem vítima";"129.4";"BR-050/MG";"Norte";"Saida de Pista";1;0;0;0;0;0;0;0;0;0;1;0;0;0;0
"27/02/2018";"06:16:00";"21";"com vítima";"173.7";"BR-050/MG";"Norte";"Queda de Moto";0;0;0;1;0;0;0;0;0;0;1;1;0;0;0
"27/02/2018";"07:03:00";"24";"sem vítima";"153";"BR-050/GO";"Sul";"Saida de Pista";1;0;0;0;0;0;0;0;0;0;1;0;0;0;0
"28/02/2018";"05:37:00";"175";"com vítima";"111.6";"BR-050/MG";"Sul";"Capotamento";1;0;0;0;0;0;0;0;0;0;0;2;0;0;0
"28/02/2018";"06:47:00";"185";"sem vítima";"117.45";"BR-050/MG";"Sul";"Choque - Talude";1;0;0;0;0;0;0;0;0;0;1;0;0;0;0
"28/02/2018";"07:45:00";"200";"sem vítima";"52.7";"BR-050/MG";"Norte";"Saida de Pista";0;0;0;0;0;0;0;0;0;1;2;0;0;0;0
"28/02/2018";"07:56:00";"202";"com vítima";"120.25";"BR-050/MG";"Sul";"Choque - Elemento de Drenagem";1;0;0;0;0;0;0;0;0;0;0;0;1;0;0
"28/02/2018";"08:37:00";"211";"sem vítima";"149";"BR-050/MG";"Norte";"Choque - Defensa, barreira ou meio fio";0;0;0;0;0;0;0;0;0;1;1;0;0;0;0
"28/02/2018";"11:59:00";"230";"sem vítima";"101.3";"BR-050/GO";"Sul";"Atropelamento de Animal";0;0;0;0;0;0;0;0;0;1;2;0;0;0;0
"01/03/2018";"12:27:00";"3";"sem vítima";"101.5";"BR-050/GO";"Norte";"Atropelamento de Animal";0;0;1;0;0;0;0;0;0;0;1;0;0;0;0
"01/03/2018";"01:24:00";"144";"sem vítima";"46.2";"BR-050/MG";"Norte";"Colisão Traseira";1;0;0;0;0;0;0;0;0;1;2;0;0;0;0
"01/03/2018";"05:12:00";"195";"sem vítima";"105";"BR-050/MG";"Sul";"Choque - Defensa, barreira ou meio fio";0;0;1;0;0;0;0;0;0;0;1;0;0;0;0
"02/03/2018";"07:20:00";"34";"com vítima";"2.12";"CT-UDI-MG";"Norte";"Choque - Defensa, barreira ou meio fio";1;0;0;0;0;0;0;0;0;0;0;1;0;0;0
"02/03/2018";"09:06:00";"65";"sem vítima";"209.68";"BR-050/GO";"Norte";"Tombamento";0;0;1;0;0;0;0;0;0;0;1;0;0;0;0
"02/03/2018";"10:09:00";"81";"sem vítima";"18.3";"BR-050/MG";"Norte";"Choque - Suporte de Sinalização";1;0;0;0;0;0;0;0;0;0;3;0;0;0;0
"02/03/2018";"10:42:00";"89";"com vítima";"10.35";"BR-050/MG";"Norte";"Capotamento";1;0;0;0;0;0;0;0;0;0;0;1;0;0;0
"02/03/2018";"11:29:00";"101";"sem vítima";"25.14";"BR-050/MG";"Sul";"Choque - Defensa, barreira ou meio fio";1;0;0;0;0;0;0;0;0;0;1;0;0;0;0
"02/03/2018";"12:34:00";"114";"com vítima";"110.5";"BR-050/MG";"Sul";"Objeto lançado contra veículo";0;0;0;1;0;0;0;0;0;0;1;1;0;0;0
"03/03/2018";"08:24:00";"200";"com vítima";"296";"BR-050/GO";"Norte";"Choque - Arvore";1;0;0;0;0;0;0;0;0;0;0;3;0;0;0
"04/03/2018";"11:26:00";"66";"com vítima";"0.6";"BR-050/MG";"Norte";"Queda de Moto";0;0;0;1;0;0;0;0;0;0;0;0;1;0;0
"04/03/2018";"06:18:00";"138";"com vítima";"178.3";"BR-050/MG";"Sul";"Choque - Suporte de Sinalização";0;0;0;1;0;0;0;0;0;0;0;1;0;0;0
"04/03/2018";"11:14:00";"192";"com vítima";"131.95";"BR-050/MG";"Norte";"Colisão Traseira";0;0;1;0;1;0;0;0;0;0;1;2;0;0;0
"05/03/2018";"09:18:00";"63";"sem vítima";"104.7";"BR-050/GO";"Norte";"Choque - Obstáculo Fixo";1;0;0;0;0;0;0;0;0;0;1;0;0;0;0
"05/03/2018";"12:24:00";"107";"com vítima";"43.83";"BR-050/MG";"Sul";"Capotamento";1;0;0;0;0;0;0;0;0;0;0;2;0;0;0
"05/03/2018";"04:00:00";"147";"sem vítima";"209.6";"BR-050/GO";"Norte";"Choque - Talude";0;0;0;1;0;0;0;0;0;0;1;0;0;0;0
"06/03/2018";"11:42:00";"203";"com vítima";"186.5";"BR-050/GO";"Sul";"Colisão Traseira";0;0;2;0;0;0;0;0;0;0;1;3;0;0;0
"07/03/2018";"05:39:00";"205";"com vítima";"193.22";"BR-050/MG";"Sul";"Queda de Moto";0;0;0;1;0;0;0;0;0;0;0;1;0;0;0
"07/03/2018";"08:32:00";"240";"com vítima";"279";"BR-050/GO";"Sul";"Colisão Transversal";0;0;0;2;0;0;0;0;0;0;0;2;0;0;0
"07/03/2018";"09:11:00";"246";"com vítima";"181";"BR-050/GO";"Norte";"Queda de Moto";0;0;0;1;0;0;0;0;0;0;0;2;0;0;0
"08/03/2018";"12:54:00";"4";"com vítima";"36.54";"BR-050/MG";"Norte";"Colisão Lateral";1;0;0;0;0;0;0;0;0;1;2;1;0;0;0
"08/03/2018";"05:25:00";"15";"sem vítima";"30";"BR-050/MG";"Norte";"Choque - Suporte de Sinalização";0;0;1;0;0;0;0;0;0;0;1;0;0;0;0
"08/03/2018";"05:50:00";"17";"com vítima";"189.9";"BR-050/MG";"Norte";"Colisão Traseira";0;0;1;0;0;0;0;0;0;1;1;0;1;0;0
"08/03/2018";"06:03:00";"18";"com vítima";"193.96";"BR-050/MG";"Norte";"Colisão Traseira";0;0;2;0;0;0;0;0;0;0;1;1;0;0;0
"08/03/2018";"10:14:00";"79";"sem vítima";"306";"BR-050/GO";"Sul";"Engavetamento";0;0;6;0;0;0;0;0;0;1;7;0;0;0;0
"08/03/2018";"10:44:00";"87";"sem vítima";"29.1";"BR-050/MG";"Sul";"Colisão Traseira";1;0;1;0;0;0;0;0;0;0;3;0;0;0;0
"08/03/2018";"11:56:00";"100";"sem vítima";"43.3";"BR-050/MG";"Norte";"Colisão Traseira";1;0;1;0;0;0;0;0;0;0;3;0;0;0;0
"08/03/2018";"04:05:00";"153";"sem vítima";"6";"CT-UDI-MG";"Norte";"Choque - Elemento de Drenagem";0;0;0;0;0;0;0;0;0;1;1;0;0;0;0
"08/03/2018";"11:39:00";"210";"sem vítima";"3.66";"BR-050/MG";"Sul";"Choque - Defensa, barreira ou meio fio";1;0;0;0;0;0;0;0;0;0;1;0;0;0;0
"09/03/2018";"02:27:00";"11";"sem vítima";"126.8";"BR-050/MG";"Sul";"Choque - Defensa, barreira ou meio fio";0;0;0;0;0;0;0;0;0;1;1;0;0;0;0
"09/03/2018";"07:18:00";"32";"sem vítima";"77";"BR-050/MG";"Norte";"Colisão Traseira";2;0;0;0;0;0;0;0;0;0;5;0;0;0;0
"09/03/2018";"08:22:00";"43";"sem vítima";"0";"CT-UDI-MG";"Sul";"Tombamento";0;0;1;0;0;0;0;0;0;0;1;0;0;0;0
"09/03/2018";"03:52:00";"149";"com vítima";"9.98";"CT-UDI-MG";"Sul";"Choque - Elemento de Drenagem";1;0;0;0;0;0;0;0;0;0;2;1;0;0;0
"09/03/2018";"04:14:00";"158";"com vítima";"20.05";"CT-UDI-MG";"Norte";"Choque - Veiculo parado no acostamento";0;0;1;0;0;0;0;0;0;1;1;0;1;0;0
"09/03/2018";"04:14:00";"155";"com vítima";"20.05";"CT-UDI-MG";"Norte";"Capotamento";1;0;1;0;0;0;0;0;0;0;1;0;1;0;0
"09/03/2018";"07:43:00";"185";"sem vítima";"29.7";"BR-050/MG";"Norte";"Choque - Suporte de Sinalização";0;0;0;0;0;0;0;0;0;1;2;0;0;0;0
"10/03/2018";"02:56:00";"111";"com vítima";"125.48";"BR-050/MG";"Sul";"Capotamento";1;0;0;0;0;0;0;0;0;0;2;2;0;1;0
"10/03/2018";"04:42:00";"126";"sem vítima";"85.7";"BR-050/MG";"Norte";"Saida de Pista";0;0;1;0;0;0;0;0;0;0;1;0;0;0;0
"10/03/2018";"05:19:00";"132";"sem vítima";"279";"BR-050/GO";"Norte";"Colisão Lateral";1;0;1;0;0;0;0;0;0;0;2;0;0;0;0
"10/03/2018";"06:06:00";"137";"sem vítima";"41.3";"BR-050/MG";"Norte";"Choque - Defensa, barreira ou meio fio";1;0;0;0;0;0;0;0;0;0;5;0;0;0;0
"11/03/2018";"12:05:00";"2";"com vítima";"30.6";"BR-050/MG";"Norte";"Choque - Elemento de Drenagem";1;0;0;0;0;0;0;0;0;0;0;0;1;0;0
"11/03/2018";"03:49:00";"13";"sem vítima";"77";"BR-050/MG";"Sul";"Saida de Pista";1;0;0;0;0;0;0;0;0;0;1;0;0;0;0
"11/03/2018";"05:05:00";"20";"sem vítima";"174";"BR-050/MG";"Norte";"Saida de Pista";0;0;0;0;0;0;0;0;0;1;1;0;0;0;0
"11/03/2018";"06:37:00";"27";"sem vítima";"130";"BR-050/GO";"Sul";"Choque - Suporte de Sinalização";1;0;0;0;0;0;0;0;0;0;4;0;0;0;0
"11/03/2018";"11:34:00";"66";"sem vítima";"3.64";"CT-UDI-MG";"Norte";"Choque - Elemento de Drenagem";1;0;0;0;0;0;0;0;0;0;4;0;0;0;0
"11/03/2018";"11:43:00";"67";"com vítima";"24";"BR-050/MG";"Sul";"Capotamento";1;0;0;0;0;0;0;0;0;0;0;0;5;0;0
"11/03/2018";"11:48:00";"68";"sem vítima";"25.52";"BR-050/MG";"Norte";"Choque - Elemento de Drenagem";1;0;0;0;0;0;0;0;0;0;4;0;0;0;0
"11/03/2018";"12:22:00";"74";"sem vítima";"299.4";"BR-050/GO";"Norte";"Saida de Pista";0;0;0;0;0;0;0;0;0;1;4;0;0;0;0
"11/03/2018";"12:41:00";"77";"sem vítima";"18.24";"BR-050/MG";"Norte";"Saida de Pista";1;0;0;0;0;0;0;0;0;0;2;0;0;0;0
"11/03/2018";"12:52:00";"79";"com vítima";"305.8";"BR-050/GO";"Sul";"Capotamento";1;0;0;0;0;0;0;0;0;0;0;0;1;0;0
"11/03/2018";"01:23:00";"84";"sem vítima";"6";"CT-UDI-MG";"Norte";"Choque - Elemento de Drenagem";1;0;0;0;0;0;0;0;0;0;3;0;0;0;0
"11/03/2018";"03:14:00";"108";"com vítima";"59.4";"BR-050/MG";"Norte";"Colisão Traseira";1;0;0;1;0;0;0;0;0;0;3;0;1;0;0
"11/03/2018";"03:26:00";"111";"com vítima";"141.9";"BR-050/MG";"Norte";"Choque - Arvore";0;0;0;0;0;0;0;0;0;1;0;1;0;0;0
"12/03/2018";"12:05:00";"1";"sem vítima";"55.74";"BR-050/MG";"Norte";"Choque - Elemento de Drenagem";1;0;0;0;0;0;0;0;0;0;1;0;0;0;0
"12/03/2018";"10:11:00";"83";"sem vítima";"29.6";"BR-050/MG";"Norte";"Colisão Traseira";1;0;0;0;0;1;0;0;0;1;8;0;0;0;0
"13/03/2018";"05:26:00";"192";"com vítima";"103.68";"BR-050/MG";"Sul";"Tombamento";0;0;1;0;0;0;0;0;0;0;0;1;0;0;0
"13/03/2018";"06:58:00";"206";"com vítima";"168";"BR-050/MG";"Norte";"Queda de Moto";0;0;0;1;0;0;0;0;0;0;0;1;0;0;0
"13/03/2018";"11:20:00";"243";"com vítima";"9.32";"BR-050/MG";"Sul";"Tombamento";0;0;0;0;1;0;0;0;0;0;48;3;0;0;0
"14/03/2018";"12:59:00";"106";"com vítima";"97.8";"BR-050/GO";"Sul";"Colisão Traseira";1;0;0;1;0;0;0;0;0;0;1;1;0;1;0
"14/03/2018";"01:57:00";"120";"com vítima";"134.34";"BR-050/MG";"Norte";"Colisão Lateral";0;0;1;0;0;0;0;0;0;1;1;2;0;0;0
"14/03/2018";"02:07:00";"121";"sem vítima";"166";"BR-050/GO";"Sul";"Saida de Pista";1;0;0;0;0;0;0;0;0;0;4;0;0;0;0
"14/03/2018";"09:07:00";"205";"sem vítima";"172.5";"BR-050/MG";"Norte";"Choque - Defensa, barreira ou meio fio";0;0;1;0;0;0;0;0;0;0;1;0;0;0;0
"15/03/2018";"10:46:00";"96";"com vítima";"251";"BR-050/GO";"Sul";"Capotamento";0;0;1;0;0;0;0;0;0;0;0;0;1;0;0
"15/03/2018";"01:49:00";"138";"sem vítima";"159.88";"BR-050/MG";"Norte";"Choque - Defensa, barreira ou meio fio";1;0;0;0;0;0;0;0;0;0;5;0;0;0;0
"15/03/2018";"08:01:00";"210";"com vítima";"78.619";"BR-050/MG";"Sul";"Capotamento";1;0;1;0;0;0;0;0;0;0;1;2;0;0;0
"16/03/2018";"12:01:00";"1";"sem vítima";"173.95";"BR-050/MG";"Sul";"Choque - Defensa, barreira ou meio fio";0;0;0;0;0;0;0;0;0;1;1;0;0;0;0
"16/03/2018";"06:41:00";"24";"sem vítima";"280";"BR-050/GO";"Sul";"Colisão Lateral";0;0;1;0;0;0;0;0;0;0;1;0;0;0;0
"16/03/2018";"04:52:00";"160";"sem vítima";"171.7";"BR-050/MG";"Norte";"Choque - Defensa, barreira ou meio fio";1;0;0;0;0;0;0;0;0;0;1;0;0;0;0
"16/03/2018";"05:04:00";"163";"sem vítima";"177.5";"BR-050/MG";"Norte";"Choque - Defensa, barreira ou meio fio";1;0;0;0;0;0;0;0;0;0;2;0;0;0;0
"17/03/2018";"12:00:00";"1";"sem vítima";"160.5";"BR-050/GO";"Norte";"Choque - Elemento de Drenagem";0;0;1;0;0;0;0;0;0;0;1;0;0;0;0
"17/03/2018";"05:03:00";"23";"com vítima";"51.5";"BR-050/MG";"Norte";"Colisão Lateral";1;0;0;1;0;0;0;0;0;0;0;2;1;0;0
"17/03/2018";"06:54:00";"36";"sem vítima";"174.9";"BR-050/MG";"Norte";"Choque - Elemento de Drenagem";1;0;0;0;0;0;0;0;0;0;1;0;0;0;0
"17/03/2018";"07:32:00";"41";"sem vítima";"97.8";"BR-050/GO";"Norte";"Colisão Transversal";2;0;0;0;0;0;0;0;0;0;3;0;0;0;0