data;horario;n_da_ocorrencia;tipo_de_ocorrencia;km;trecho;sentido;tipo_de_acidente;automovel;bicicleta;caminhao;moto;onibus;outros;tracao_animal;transporte_de_cargas_especiais;trator_maquinas;utilitarios;ilesos;levemente_feridos;moderadamente_feridos;gravemente_feridos;mortos
"04/08/2018";"07:17:00";"34";"sem vítima";"198";"BR-050/MG";"Norte";"Colisão Traseira";1;0;1;0;0;0;0;0;0;0;5;0;0;0;0
"04/08/2018";"07:19:00";"35";"com vítima";"110.02";"BR-050/GO";"Norte";"Capotamento";1;0;0;0;0;0;0;0;0;0;0;1;0;0;0
"04/08/2018";"11:35:00";"76";"sem vítima";"181.1";"BR-050/MG";"Sul";"Atropelamento de Animal";1;0;0;0;0;0;0;0;0;0;1;0;0;0;0
"04/08/2018";"06:12:00";"132";"com vítima";"100.7";"BR-050/GO";"Norte";"Carreta deu L";0;0;1;0;0;0;0;0;0;0;0;1;0;0;0
"04/08/2018";"11:28:00";"172";"com vítima";"313.45";"BR-050/GO";"Norte";"Atropelamento - Andarilho";0;0;1;0;0;0;0;0;0;0;0;1;0;0;1
"05/08/2018";"05:56:00";"24";"sem vítima";"106.12";"BR-050/GO";"Norte";"Tombamento";1;0;1;0;0;0;0;0;0;0;2;0;0;0;0
"05/08/2018";"02:37:00";"65";"com vítima";"15.97";"BR-050/MG";"Sul";"Choque - Arvore";1;0;0;0;0;0;0;0;0;0;3;1;0;0;0
"05/08/2018";"02:47:00";"66";"com vítima";"137.31";"BR-050/MG";"Norte";"Colisão Traseira";1;0;0;1;0;0;0;0;0;0;3;0;1;0;0
"05/08/2018";"07:31:00";"118";"sem vítima";"271.6";"BR-050/GO";"Sul";"Choque - Elemento de Drenagem";0;0;1;0;0;0;0;0;0;1;2;0;0;0;0
"05/08/2018";"09:24:00";"142";"com vítima";"51.7";"BR-050/MG";"Sul";"Colisão Lateral";1;0;0;0;0;0;0;0;0;1;7;1;0;0;0
"06/08/2018";"12:17:00";"104";"sem vítima";"280.6";"BR-050/GO";"Sul";"Colisão Lateral";1;0;1;0;0;0;0;0;0;0;4;0;0;0;0
"06/08/2018";"07:34:00";"176";"sem vítima";"41";"BR-050/MG";"Norte";"Choque - Defensa, barreira ou meio fio";1;0;0;0;0;0;0;0;0;0;1;0;0;0;0
"06/08/2018";"09:05:00";"193";"com vítima";"136.15";"BR-050/MG";"Sul";"Colisão Traseira";0;0;1;0;0;0;0;0;0;1;1;0;1;0;0
"07/08/2018";"09:00:00";"58";"sem vítima";"186.3";"BR-050/MG";"Sul";"Colisão Lateral";0;0;2;0;0;0;0;0;0;0;2;0;0;0;0
"07/08/2018";"05:19:00";"152";"com vítima";"97.134";"BR-050/GO";"Norte";"Colisão Transversal";0;0;1;1;0;0;0;0;0;0;1;0;0;1;1
"07/08/2018";"05:31:00";"158";"sem vítima";"178.3";"BR-050/MG";"Sul";"Engavetamento";2;0;0;0;0;0;0;0;0;1;6;0;0;0;0
"08/08/2018";"05:45:00";"48";"sem vítima";"136";"BR-050/MG";"Norte";"Choque - Defensa, barreira ou meio fio";0;0;0;0;0;0;0;0;0;1;1;0;0;0;0
"08/08/2018";"07:18:00";"59";"sem vítima";"77.3";"BR-050/MG";"Sul";"Atropelamento de Animal";1;0;0;0;0;0;0;0;0;0;4;0;0;0;0
"09/08/2018";"05:27:00";"19";"sem vítima";"83.6";"BR-050/MG";"Sul";"Colisão Traseira";0;0;1;0;0;0;0;0;0;1;2;0;0;0;0
"09/08/2018";"08:33:00";"42";"sem vítima";"0.6";"BR-050/MG";"Norte";"Choque - Suporte de Sinalização";0;0;0;0;0;0;0;0;0;1;1;0;0;0;0
"09/08/2018";"06:18:00";"161";"com vítima";"283";"BR-050/GO";"Norte";"Colisão Transversal";0;0;0;2;0;0;0;0;0;0;0;0;2;0;0
"10/08/2018";"03:48:00";"153";"com vítima";"177.6";"BR-050/MG";"Norte";"Capotamento";2;0;0;0;0;0;0;0;0;0;1;1;0;0;0
"10/08/2018";"06:04:00";"178";"sem vítima";"137.6";"BR-050/MG";"Sul";"Colisão Traseira";1;0;1;0;0;0;0;0;0;0;4;0;0;0;0
"10/08/2018";"10:16:00";"223";"com vítima";"97.55";"BR-050/GO";"Norte";"Colisão Transversal";1;0;0;1;0;0;0;0;0;0;1;1;0;0;0
"10/08/2018";"11:31:00";"236";"sem vítima";"63.6";"BR-050/MG";"Sul";"Colisão Traseira";1;0;1;0;0;0;0;0;0;0;2;0;0;0;0
"11/08/2018";"03:36:00";"139";"sem vítima";"51";"BR-050/MG";"Sul";"Colisão Traseira";1;0;0;0;0;0;0;0;0;1;2;0;0;0;0
"11/08/2018";"06:07:00";"166";"sem vítima";"77.54";"BR-050/MG";"Norte";"Capotamento";0;0;0;0;0;0;0;0;0;1;1;0;0;0;0
"11/08/2018";"09:15:00";"186";"com vítima";"40.1";"BR-050/MG";"Sul";"Colisão Transversal";1;1;0;0;0;0;0;0;0;0;1;0;1;0;0
"11/08/2018";"11:21:00";"197";"com vítima";"178.6";"BR-050/MG";"Sul";"Colisão Traseira";0;0;2;0;0;0;0;0;0;0;0;2;0;0;0
"12/08/2018";"12:39:00";"7";"sem vítima";"275";"BR-050/GO";"Norte";"Colisão Lateral";0;0;0;0;0;1;0;0;0;1;2;0;0;0;0
"12/08/2018";"01:24:00";"12";"sem vítima";"48.4";"BR-050/MG";"Norte";"Capotamento";1;0;0;0;0;0;0;0;0;0;1;0;0;0;0
"12/08/2018";"01:46:00";"80";"com vítima";"79.44";"BR-050/MG";"Norte";"Colisão Lateral";1;0;1;0;0;0;0;0;0;0;1;0;1;0;0
"12/08/2018";"07:37:00";"139";"sem vítima";"140.8";"BR-050/MG";"Norte";"Capotamento";1;0;0;0;0;0;0;0;0;0;2;0;0;0;0
"12/08/2018";"08:18:00";"147";"sem vítima";"166";"BR-050/GO";"Norte";"Choque - Suporte de Sinalização";1;0;0;0;0;0;0;0;0;0;2;0;0;0;0
"13/08/2018";"06:00:00";"27";"com vítima";"283";"BR-050/GO";"Sul";"Colisão Transversal";1;0;0;1;0;0;0;0;0;0;1;0;1;0;0
"13/08/2018";"08:25:00";"54";"com vítima";"131.92";"BR-050/MG";"Norte";"Colisão Traseira";0;0;2;0;0;0;0;0;0;0;2;0;1;0;0
"13/08/2018";"08:33:00";"56";"com vítima";"233.2";"BR-050/GO";"Norte";"Capotamento";0;0;0;0;0;0;0;0;0;1;0;1;1;0;0
"13/08/2018";"10:23:00";"68";"sem vítima";"197.84";"BR-050/MG";"Norte";"Colisão Traseira";0;0;2;0;0;0;0;0;0;0;3;0;0;0;0
"13/08/2018";"10:32:00";"72";"com vítima";"167.87";"BR-050/GO";"Norte";"Capotamento";1;0;0;0;0;0;0;0;0;0;1;2;0;0;0
"13/08/2018";"06:09:00";"151";"com vítima";"241.7";"BR-050/GO";"Norte";"Tombamento";0;0;1;0;0;0;0;0;0;0;1;0;1;0;0
"14/08/2018";"03:15:00";"15";"com vítima";"283.5";"BR-050/GO";"Norte";"Capotamento";0;0;0;0;0;0;0;0;0;1;2;2;1;0;0
"14/08/2018";"04:50:00";"163";"sem vítima";"151.52";"BR-050/GO";"Norte";"Saida de Pista";1;0;1;0;0;0;0;0;0;0;2;0;0;0;0
"14/08/2018";"06:19:00";"179";"com vítima";"77.3";"BR-050/MG";"Sul";"Choque - Defensa, barreira ou meio fio";1;0;0;0;0;0;0;0;0;0;0;1;0;0;0
"15/08/2018";"07:32:00";"42";"com vítima";"161";"BR-050/MG";"Sul";"Capotamento";1;0;0;0;0;0;0;0;0;0;0;1;1;0;0
"15/08/2018";"07:48:00";"44";"sem vítima";"116.3";"BR-050/MG";"Norte";"Saida de Pista";0;0;1;0;0;0;0;0;0;0;1;0;0;0;0
"15/08/2018";"01:12:00";"121";"com vítima";"34.8";"BR-050/MG";"Sul";"Queda de Moto";0;0;0;1;0;0;0;0;0;0;0;1;0;0;0
"15/08/2018";"08:05:00";"216";"com vítima";"250";"BR-050/GO";"Sul";"Atropelamento de Animal";1;0;0;0;0;0;0;0;0;0;0;1;0;0;0
"15/08/2018";"09:28:00";"232";"sem vítima";"101.5";"BR-050/GO";"Sul";"Capotamento";1;0;0;0;0;0;0;0;0;0;1;0;0;0;0
"16/08/2018";"06:21:00";"169";"com vítima";"96.5";"BR-050/GO";"Sul";"Colisão Frontal";1;0;0;1;0;0;0;0;0;0;2;1;0;0;0
"17/08/2018";"04:46:00";"23";"sem vítima";"124.8";"BR-050/GO";"Norte";"Choque - Elemento de Drenagem";0;0;1;0;0;0;0;0;0;0;1;0;0;0;0
"17/08/2018";"08:13:00";"40";"com vítima";"241.9";"BR-050/GO";"Norte";"Colisão Frontal";1;0;0;0;0;0;0;0;0;1;0;1;0;1;0
"17/08/2018";"12:15:00";"76";"com vítima";"27.8";"BR-050/MG";"Norte";"Choque - Defensa, barreira ou meio fio";0;0;0;1;0;0;0;0;0;0;0;0;1;0;0
"17/08/2018";"03:59:00";"107";"com vítima";"192.8";"BR-050/MG";"Sul";"Colisão Traseira";0;0;2;0;0;0;0;0;0;0;1;1;0;0;0
"17/08/2018";"04:06:00";"111";"com vítima";"192.09";"BR-050/MG";"Sul";"Colisão Traseira";1;0;0;0;0;0;0;0;0;1;1;0;1;0;0
"17/08/2018";"05:07:00";"129";"sem vítima";"177.564";"BR-050/MG";"Sul";"Choque - Defensa, barreira ou meio fio";1;0;0;0;0;0;0;0;0;0;1;0;0;0;0
"17/08/2018";"08:12:00";"162";"sem vítima";"115.6";"BR-050/MG";"Sul";"Saida de Pista";1;0;0;0;0;0;0;0;0;0;3;0;0;0;0
"18/08/2018";"03:13:00";"23";"sem vítima";"221";"BR-050/GO";"Sul";"Tombamento";0;0;0;0;0;0;0;0;0;1;3;0;0;0;0
"18/08/2018";"07:27:00";"181";"sem vítima";"91.6";"BR-050/MG";"Norte";"Capotamento";1;0;0;0;0;0;0;0;0;0;3;0;0;0;0
"18/08/2018";"07:29:00";"182";"com vítima";"91.7";"BR-050/MG";"Norte";"Queda de Moto";0;0;0;1;0;0;0;0;0;0;0;1;0;0;0
"18/08/2018";"07:46:00";"186";"sem vítima";"148.4";"BR-050/MG";"Sul";"Saida de Pista";0;0;1;0;0;0;0;0;0;0;3;0;0;0;0
"18/08/2018";"09:00:00";"193";"sem vítima";"21.22";"CT-UDI-MG";"Norte";"Colisão Traseira";1;0;0;0;0;1;0;0;0;0;2;0;0;0;0
"18/08/2018";"11:01:00";"209";"com vítima";"278.8";"BR-050/GO";"Sul";"Atropelamento - Morador";0;0;0;1;0;0;0;0;0;0;0;0;2;0;0
"19/08/2018";"09:14:00";"49";"sem vítima";"81";"BR-050/MG";"Norte";"Choque - Defensa, barreira ou meio fio";1;0;0;0;0;0;0;0;0;0;1;0;0;0;0
"19/08/2018";"03:34:00";"112";"com vítima";"42";"BR-050/MG";"Norte";"Colisão Traseira";2;0;0;0;0;0;0;0;0;0;6;1;0;0;0
"20/08/2018";"07:04:00";"151";"sem vítima";"102";"BR-050/MG";"Norte";"Capotamento";1;0;0;0;0;0;0;0;0;0;1;0;0;0;0
"20/08/2018";"09:13:00";"168";"com vítima";"179.7";"BR-050/MG";"Norte";"Atropelamento - Usuário";1;0;0;0;0;0;0;0;0;0;2;0;1;0;0
"21/08/2018";"08:25:00";"54";"com vítima";"16.4";"CT-UDI-MG";"Norte";"Queda de Moto";0;0;0;1;0;0;0;0;0;0;0;1;0;0;0
"21/08/2018";"10:36:00";"81";"sem vítima";"182.1";"BR-050/MG";"Sul";"Choque - Defensa, barreira ou meio fio";0;0;0;0;0;0;0;0;0;1;1;0;0;0;0
"21/08/2018";"04:41:00";"126";"com vítima";"172.3";"BR-050/MG";"Norte";"Colisão Lateral";1;0;0;1;0;0;0;0;0;0;1;1;0;0;0
"21/08/2018";"06:17:00";"139";"sem vítima";"108.05";"BR-050/GO";"Norte";"Atropelamento de Animal";0;0;0;0;0;0;0;0;0;1;3;0;0;0;0
"22/08/2018";"06:19:00";"24";"sem vítima";"134.8";"BR-050/MG";"Norte";"Choque - Arvore";0;0;0;0;0;0;0;0;0;1;1;0;0;0;0
"22/08/2018";"11:25:00";"103";"sem vítima";"191.85";"BR-050/MG";"Sul";"Colisão Traseira";2;0;0;0;0;0;0;0;0;0;3;0;0;0;0
"22/08/2018";"10:40:00";"214";"com vítima";"81.05";"BR-050/MG";"Norte";"Queda de Moto";0;0;0;1;0;0;0;0;0;0;0;0;1;0;0
"23/08/2018";"07:45:00";"51";"sem vítima";"13.7";"BR-050/MG";"Norte";"Colisão Traseira";0;0;2;0;0;0;0;0;0;0;2;0;0;0;0
"23/08/2018";"02:19:00";"144";"com vítima";"294.15";"BR-050/GO";"Norte";"Queda de Moto";0;0;0;1;0;0;0;0;0;0;0;0;1;0;0
"23/08/2018";"04:23:00";"166";"sem vítima";"105.85";"BR-050/MG";"Sul";"Colisão Traseira";1;0;1;0;0;0;0;0;0;0;2;0;0;0;0
"23/08/2018";"09:43:00";"233";"sem vítima";"86.05";"BR-050/MG";"Norte";"Colisão Lateral";1;0;1;0;0;0;0;0;0;0;3;0;0;0;0
"24/08/2018";"03:38:00";"154";"sem vítima";"191.2";"BR-050/MG";"Sul";"Colisão Traseira";1;0;0;0;0;0;0;0;0;1;2;0;0;0;0
"24/08/2018";"05:43:00";"181";"sem vítima";"165.8";"BR-050/MG";"Norte";"Colisão Lateral";0;0;1;0;1;0;0;0;0;0;2;0;0;0;0
"25/08/2018";"01:33:00";"8";"com vítima";"18.34";"CT-UDI-MG";"Norte";"Choque - Defensa, barreira ou meio fio";1;0;0;0;0;0;0;0;0;0;0;1;0;0;0
"25/08/2018";"06:26:00";"24";"sem vítima";"179.1";"BR-050/MG";"Norte";"Choque - Defensa, barreira ou meio fio";0;0;0;0;1;0;0;0;0;0;8;0;0;0;0
"25/08/2018";"07:18:00";"32";"sem vítima";"185.63";"BR-050/MG";"Norte";"Choque - Arvore";1;0;0;0;0;0;0;0;0;0;1;0;0;0;0
"25/08/2018";"07:46:00";"36";"com vítima";"128.1";"BR-050/MG";"Norte";"Colisão Traseira";0;0;2;0;0;0;0;0;0;0;3;0;1;0;0
"26/08/2018";"02:17:00";"11";"sem vítima";"168.1";"BR-050/GO";"Sul";"Choque - Defensa, barreira ou meio fio";0;0;0;0;0;0;0;0;0;1;1;0;0;0;0
"26/08/2018";"03:01:00";"13";"sem vítima";"126";"BR-050/MG";"Sul";"Capotamento";0;0;0;0;0;0;0;0;0;1;1;0;0;0;0
"27/08/2018";"01:46:00";"120";"sem vítima";"59.12";"BR-050/MG";"Sul";"Colisão Lateral";0;0;0;0;0;0;0;0;0;1;1;0;0;0;0
"27/08/2018";"04:23:00";"149";"sem vítima";"51";"BR-050/MG";"Norte";"Colisão Traseira";0;0;1;0;0;0;0;0;0;1;2;0;0;0;0
"28/08/2018";"07:55:00";"33";"sem vítima";"174.1";"BR-050/MG";"Sul";"Colisão Traseira";2;0;0;0;0;0;0;0;0;0;3;0;0;0;0
"29/08/2018";"05:26:00";"149";"com vítima";"290";"BR-050/GO";"Norte";"Capotamento";0;0;0;0;0;0;0;0;0;1;0;0;1;0;0
"29/08/2018";"11:14:00";"190";"sem vítima";"93.8";"BR-050/MG";"Sul";"Tombamento";0;0;1;0;0;0;0;0;0;0;1;0;0;0;0
"29/08/2018";"11:14:00";"193";"com vítima";"93.6";"BR-050/MG";"Sul";"Capotamento";1;0;0;0;0;0;0;0;0;0;0;0;2;0;0
"30/08/2018";"08:36:00";"46";"com vítima";"183.7";"BR-050/GO";"Norte";"Capotamento";0;0;0;0;0;0;0;0;0;1;0;1;0;0;0
"30/08/2018";"06:41:00";"157";"com vítima";"296";"BR-050/GO";"Sul";"Colisão Traseira";1;0;1;0;0;0;0;0;0;0;1;1;0;0;0
"30/08/2018";"09:02:00";"182";"com vítima";"122";"BR-050/MG";"Norte";"Tombamento";0;0;1;0;0;0;0;0;0;0;0;1;0;0;0
"31/08/2018";"08:30:00";"58";"sem vítima";"58.15";"BR-050/MG";"Norte";"Choque - Suporte de Sinalização";0;0;1;0;0;0;0;0;0;0;1;0;0;0;0
"31/08/2018";"12:43:00";"130";"sem vítima";"92.92";"BR-050/MG";"Sul";"Choque - Defensa, barreira ou meio fio";0;0;0;0;0;0;0;0;0;1;2;0;0;0;0
"31/08/2018";"04:27:00";"172";"com vítima";"117";"BR-050/MG";"Norte";"Queda de Moto";0;0;0;1;0;0;0;0;0;0;0;1;0;0;0
"01/09/2018";"02:50:00";"16";"com vítima";"47.35";"BR-050/MG";"Norte";"Capotamento";1;0;0;0;0;0;0;0;0;0;0;1;0;0;0
"01/09/2018";"05:00:00";"23";"sem vítima";"144";"BR-050/GO";"Norte";"Colisão Traseira";0;0;0;0;0;0;0;0;0;2;5;0;0;0;0
"01/09/2018";"05:10:00";"137";"com vítima";"154.8";"BR-050/GO";"Norte";"Colisão Traseira";1;0;1;0;0;0;0;0;0;0;2;1;0;0;0
"02/09/2018";"04:47:00";"18";"sem vítima";"54.56";"BR-050/MG";"Norte";"Choque - Suporte de Sinalização";1;0;0;0;0;0;0;0;0;0;4;0;0;0;0
"02/09/2018";"04:14:00";"119";"sem vítima";"166";"BR-050/MG";"Sul";"Choque - Poste";1;0;0;0;0;0;0;0;0;0;1;0;0;0;0
"02/09/2018";"06:38:00";"145";"sem vítima";"147.6";"BR-050/MG";"Norte";"Capotamento";1;0;0;0;0;0;0;0;0;0;2;0;0;0;0
"03/09/2018";"07:27:00";"32";"com vítima";"263.2";"BR-050/GO";"Sul";"Choque - Defensa, barreira ou meio fio";0;0;0;1;0;0;0;0;0;0;0;1;0;0;0
"03/09/2018";"07:34:00";"35";"sem vítima";"147.24";"BR-050/MG";"Norte";"Choque - Talude";1;0;0;0;0;1;0;0;0;0;2;0;0;0;0
"03/09/2018";"12:10:00";"105";"sem vítima";"198";"BR-050/MG";"Norte";"Colisão Traseira";0;0;2;0;0;0;0;0;0;0;4;0;0;0;0
"03/09/2018";"04:00:00";"145";"com vítima";"36.25";"BR-050/MG";"Norte";"Choque - Obstáculo Fixo";0;0;0;1;0;0;0;0;0;0;0;0;0;1;0
"04/09/2018";"08:50:00";"74";"sem vítima";"135.05";"BR-050/GO";"Sul";"Tombamento";0;0;1;0;0;0;0;0;0;0;1;0;0;0;0
"04/09/2018";"07:22:00";"204";"com vítima";"266.7";"BR-050/GO";"Sul";"Colisão Frontal";0;0;0;0;0;0;0;0;0;2;0;1;0;1;0
"05/09/2018";"12:41:00";"5";"sem vítima";"204.8";"BR-050/GO";"Sul";"Colisão Transversal";0;0;2;0;0;0;0;0;0;0;2;0;0;0;0
"05/09/2018";"08:39:00";"58";"com vítima";"30.2";"BR-050/MG";"Norte";"Tombamento";0;0;1;0;0;0;0;0;0;0;0;2;0;0;0
"05/09/2018";"10:02:00";"80";"sem vítima";"0";"BR-050/MG";"Norte";"Colisão Traseira";0;0;2;0;0;0;0;0;0;0;2;0;0;0;0
"05/09/2018";"11:15:00";"92";"com vítima";"169.5";"BR-050/MG";"Norte";"Choque - Defensa, barreira ou meio fio";0;0;0;0;0;1;0;0;0;1;2;1;0;0;0
"05/09/2018";"06:58:00";"175";"sem vítima";"127.2";"BR-050/MG";"Norte";"Colisão Traseira";0;0;2;0;0;0;0;0;0;0;2;0;0;0;0
"06/09/2018";"06:32:00";"38";"com vítima";"27.78";"BR-050/MG";"Sul";"Choque - Defensa, barreira ou meio fio";0;0;1;0;0;0;0;0;0;0;0;0;1;0;0
"06/09/2018";"04:49:00";"160";"sem vítima";"118.86";"BR-050/MG";"Sul";"Choque - Obstáculo Fixo";1;0;0;0;0;0;0;0;0;0;2;0;0;0;0
"06/09/2018";"06:12:00";"177";"sem vítima";"128.3";"BR-050/MG";"Norte";"Colisão Traseira";2;0;0;0;0;0;0;0;0;0;4;0;0;0;0
"06/09/2018";"07:01:00";"189";"sem vítima";"139";"BR-050/MG";"Norte";"Saida de Pista";1;0;0;0;0;0;0;0;0;0;4;0;0;0;0
"06/09/2018";"07:59:00";"196";"sem vítima";"106.5";"BR-050/MG";"Norte";"Colisão Lateral";1;0;1;0;0;0;0;0;0;0;5;0;0;0;0
"06/09/2018";"08:49:00";"204";"sem vítima";"182.8";"BR-050/MG";"Sul";"Choque - Defensa, barreira ou meio fio";0;0;1;0;0;0;0;0;0;0;1;0;0;0;0
"07/09/2018";"12:20:00";"4";"sem vítima";"62";"BR-050/MG";"Norte";"Choque - Defensa, barreira ou meio fio";1;0;0;0;0;0;0;0;0;0;2;0;0;0;0
"07/09/2018";"01:19:00";"143";"sem vítima";"144";"BR-050/GO";"Sul";"Colisão Traseira";0;0;1;0;1;0;0;0;0;0;2;0;0;0;0
"07/09/2018";"05:41:00";"196";"sem vítima";"111";"BR-050/GO";"Sul";"Choque - Defensa, barreira ou meio fio";1;0;0;0;0;0;0;0;0;0;4;0;0;0;0
"07/09/2018";"05:55:00";"198";"com vítima";"52";"BR-050/MG";"Norte";"Queda de Moto";0;0;0;1;0;1;0;0;0;1;4;0;1;0;0
"08/09/2018";"05:40:00";"28";"sem vítima";"271.3";"BR-050/GO";"Norte";"Capotamento";1;0;0;0;0;0;0;0;0;0;3;0;0;0;0
"08/09/2018";"10:38:00";"74";"com vítima";"101.1";"BR-050/GO";"Norte";"Capotamento";0;0;0;0;0;0;0;0;0;1;0;0;3;1;0
"08/09/2018";"11:08:00";"81";"com vítima";"121.6";"BR-050/GO";"Norte";"Capotamento";0;0;1;0;0;0;0;0;0;0;0;0;3;0;0
"08/09/2018";"05:26:00";"130";"sem vítima";"307";"BR-050/GO";"Sul";"Tombamento";0;0;1;0;0;0;0;0;0;0;1;0;0;0;0
"09/09/2018";"05:32:00";"142";"sem vítima";"82";"BR-050/MG";"Norte";"Colisão Lateral";2;0;0;0;0;0;0;0;0;0;8;0;0;0;0
"09/09/2018";"05:46:00";"146";"com vítima";"59.5";"BR-050/MG";"Sul";"Capotamento";2;0;0;0;0;0;0;0;0;0;1;4;1;0;0
"09/09/2018";"08:00:00";"176";"com vítima";"271.8";"BR-050/GO";"Sul";"Colisão Frontal";2;0;0;0;0;0;0;0;0;1;2;0;1;2;3
"10/09/2018";"06:28:00";"28";"com vítima";"83.44";"BR-050/MG";"Norte";"Capotamento";1;0;0;0;0;0;0;0;0;0;0;5;0;0;0
"10/09/2018";"07:06:00";"33";"com vítima";"253.1";"BR-050/GO";"Norte";"Objeto lançado contra veículo";1;0;1;0;0;0;0;0;0;0;1;2;0;0;0
"10/09/2018";"09:36:00";"69";"sem vítima";"183";"BR-050/MG";"Sul";"Colisão Traseira";1;0;0;0;0;0;0;0;0;1;2;0;0;0;0
"10/09/2018";"10:07:00";"81";"com vítima";"28.8";"BR-050/MG";"Sul";"Queda de Moto";0;0;0;1;0;0;0;0;0;0;0;2;0;0;0
"10/09/2018";"11:48:00";"102";"com vítima";"283";"BR-050/GO";"Sul";"Colisão Transversal";0;0;0;1;0;0;0;0;0;1;2;0;1;0;0
"10/09/2018";"01:23:00";"120";"com vítima";"255";"BR-050/GO";"Norte";"Choque - Veiculo parado no acostamento";0;0;1;0;0;0;0;0;0;1;4;1;0;0;0
"10/09/2018";"09:38:00";"209";"sem vítima";"267.8";"BR-050/GO";"Sul";"Colisão Transversal";0;0;1;0;0;0;0;0;0;1;4;0;0;0;0
"10/09/2018";"11:45:00";"218";"com vítima";"124.3";"BR-050/MG";"Norte";"Capotamento";1;0;0;0;0;0;0;0;0;0;0;0;1;0;0
"10/09/2018";"11:54:00";"220";"com vítima";"205";"BR-050/MG";"Sul";"Choque - Talude";1;0;0;0;0;0;0;0;0;0;0;1;0;0;0
"11/09/2018";"09:01:00";"61";"sem vítima";"183.6";"BR-050/MG";"Sul";"Colisão Traseira";1;0;0;0;0;0;0;0;0;1;3;0;0;0;0
"11/09/2018";"11:15:00";"103";"com vítima";"180";"BR-050/MG";"Sul";"Queda de Moto";0;0;0;1;0;0;0;0;0;0;1;1;0;0;0
"11/09/2018";"06:17:00";"198";"sem vítima";"118.8";"BR-050/MG";"Norte";"Colisão Traseira";0;0;2;0;0;1;0;0;0;0;3;0;0;0;0
"11/09/2018";"07:49:00";"220";"com vítima";"46.5";"BR-050/MG";"Sul";"Queda de Moto";0;0;0;1;0;0;0;0;0;0;0;1;0;0;0
"14/09/2018";"08:04:00";"58";"sem vítima";"17";"CT-UDI-MG";"Sul";"Engavetamento";1;0;0;0;0;0;0;0;0;3;5;0;0;0;0
"14/09/2018";"03:24:00";"156";"com vítima";"135";"BR-050/MG";"Norte";"Tombamento";0;0;1;0;0;0;0;0;0;0;0;1;0;0;0
"14/09/2018";"03:39:00";"158";"sem vítima";"177";"BR-050/MG";"Sul";"Choque - Defensa, barreira ou meio fio";1;0;0;0;0;0;0;0;0;0;1;0;0;0;0
"14/09/2018";"05:30:00";"184";"com vítima";"279";"BR-050/GO";"Sul";"Queda de Moto";0;0;0;1;0;0;0;0;0;0;0;0;1;0;0
"14/09/2018";"08:02:00";"212";"com vítima";"117.35";"BR-050/MG";"Norte";"Atropelamento de Animal";1;0;0;0;0;0;0;0;0;0;0;1;0;0;0
"14/09/2018";"08:56:00";"223";"sem vítima";"14";"BR-050/MG";"Norte";"Colisão Traseira";2;0;0;0;0;0;0;0;0;0;2;0;0;0;0
"14/09/2018";"10:09:00";"236";"sem vítima";"115.6";"BR-050/MG";"Sul";"Saida de Pista";1;0;0;0;0;0;0;0;0;0;5;0;0;0;0
"14/09/2018";"11:54:00";"250";"com vítima";"62";"BR-050/MG";"Norte";"Capotamento";1;0;0;0;0;0;0;0;0;0;0;2;0;0;0
"15/09/2018";"12:00:00";"1";"sem vítima";"211.85";"BR-050/GO";"Sul";"Choque - Elemento de Drenagem";1;0;0;0;0;0;0;0;0;0;1;0;0;0;0
"15/09/2018";"05:37:00";"28";"com vítima";"291.8";"BR-050/GO";"Sul";"Queda de Moto";0;0;0;1;0;0;0;0;0;0;1;1;0;0;0
"15/09/2018";"07:54:00";"38";"com vítima";"230.1";"BR-050/GO";"Norte";"Saida de Pista";1;0;0;0;0;0;0;0;0;0;3;1;0;0;0
"15/09/2018";"08:26:00";"44";"com vítima";"180";"BR-050/MG";"Norte";"Queda de Moto";0;0;0;1;0;0;0;0;0;0;0;1;0;0;0
"15/09/2018";"01:42:00";"103";"sem vítima";"62.7";"BR-050/MG";"Norte";"Saida de Pista";1;0;0;0;0;0;0;0;0;0;2;0;0;0;0
"15/09/2018";"01:48:00";"104";"sem vítima";"11.16";"CT-UDI-MG";"Sul";"Choque - Elemento de Drenagem";1;0;0;0;0;0;0;0;0;0;2;0;0;0;0
"15/09/2018";"03:33:00";"122";"sem vítima";"38.42";"BR-050/MG";"Norte";"Choque - Defensa, barreira ou meio fio";1;0;0;0;0;0;0;0;0;0;1;0;0;0;0
"15/09/2018";"05:45:00";"150";"sem vítima";"25";"BR-050/MG";"Norte";"Saida de Pista";1;0;0;0;0;0;0;0;0;0;2;0;0;0;0
"15/09/2018";"09:43:00";"188";"com vítima";"91";"BR-050/MG";"Norte";"Saida de Pista";0;0;0;0;0;0;0;0;0;1;0;1;0;0;0
"16/09/2018";"02:43:00";"114";"com vítima";"115.45";"BR-050/GO";"Norte";"Capotamento";1;0;0;0;0;0;0;0;0;0;2;1;0;0;0
"17/09/2018";"03:07:00";"10";"com vítima";"164.1";"BR-050/MG";"Norte";"Colisão Traseira";0;0;0;0;1;1;0;0;0;0;23;1;0;0;0