data;horario;n_da_ocorrencia;tipo_de_ocorrencia;km;trecho;sentido;tipo_de_acidente;automovel;bicicleta;caminhao;moto;onibus;outros;tracao_animal;transporte_de_cargas_especiais;trator_maquinas;utilitarios;ilesos;levemente_feridos;moderadamente_feridos;gravemente_feridos;mortos
"17/09/2018";"05:21:00";"131";"com vítima";"78.5";"BR-050/MG";"Sul";"Queda de Moto";0;0;0;1;0;0;0;0;0;0;1;1;0;0;0
"17/09/2018";"10:50:00";"171";"com vítima";"197.5";"BR-050/GO";"Sul";"Saida de Pista";1;0;0;0;0;0;0;0;0;0;0;2;0;0;0
"18/09/2018";"12:24:00";"3";"com vítima";"175.3";"BR-050/MG";"Norte";"Choque - Defensa, barreira ou meio fio";1;0;0;0;0;0;0;0;0;0;0;1;0;0;0
"18/09/2018";"10:55:00";"85";"com vítima";"207.2";"BR-050/MG";"Norte";"Choque - Defensa, barreira ou meio fio";0;0;0;0;0;0;0;0;0;1;0;1;0;0;0
"18/09/2018";"04:05:00";"134";"com vítima";"119";"BR-050/GO";"Sul";"Queda de Moto";0;0;0;1;0;0;0;0;0;0;0;1;0;0;0
"18/09/2018";"04:54:00";"140";"sem vítima";"136.4";"BR-050/MG";"Norte";"Choque - Arvore";0;0;1;0;0;0;0;0;0;0;1;0;0;0;0
"18/09/2018";"05:05:00";"144";"com vítima";"280.6";"BR-050/GO";"Sul";"Colisão Transversal";0;0;1;1;0;0;0;0;0;0;1;0;0;1;0
"19/09/2018";"01:42:00";"153";"sem vítima";"129.68";"BR-050/MG";"Sul";"Choque - Defensa, barreira ou meio fio";1;0;0;0;0;0;0;0;0;0;3;0;0;0;0
"19/09/2018";"10:54:00";"242";"sem vítima";"64.5";"BR-050/MG";"Norte";"Atropelamento de Animal";1;0;0;0;0;0;0;0;0;0;3;0;0;0;0
"20/09/2018";"07:48:00";"46";"sem vítima";"54";"BR-050/MG";"Norte";"Choque - Defensa, barreira ou meio fio";1;0;0;0;0;0;0;0;0;0;1;0;0;0;0
"20/09/2018";"08:16:00";"51";"sem vítima";"243.96";"BR-050/GO";"Sul";"Choque - Talude";0;0;2;0;0;0;0;0;0;0;2;0;0;0;0
"20/09/2018";"09:06:00";"65";"sem vítima";"29.5";"BR-050/MG";"Sul";"Saida de Pista";1;0;0;0;0;0;0;0;0;0;1;0;0;0;0
"20/09/2018";"06:24:00";"180";"sem vítima";"264.6";"BR-050/GO";"Sul";"Saida de Pista";1;0;0;0;0;0;0;0;0;0;1;0;0;0;0
"20/09/2018";"07:08:00";"184";"sem vítima";"144.2";"BR-050/GO";"Sul";"Choque - Elemento de Drenagem";0;0;0;0;0;0;0;0;0;1;3;0;0;0;0
"20/09/2018";"08:07:00";"195";"com vítima";"127.95";"BR-050/MG";"Norte";"Colisão Traseira";0;0;0;0;0;1;0;0;0;1;1;1;0;0;0
"21/09/2018";"07:16:00";"41";"com vítima";"245.9";"BR-050/GO";"Norte";"Colisão Traseira";1;0;0;0;0;1;0;0;0;1;3;1;0;0;0
"21/09/2018";"03:33:00";"154";"com vítima";"79";"BR-050/MG";"Sul";"Queda de Moto";0;0;0;1;0;0;0;0;0;0;0;0;1;0;0
"21/09/2018";"06:44:00";"190";"com vítima";"111.71";"BR-050/MG";"Norte";"Atropelamento de Animal";1;0;0;0;0;0;0;0;0;0;0;1;0;0;0
"21/09/2018";"08:50:00";"215";"com vítima";"173.3";"BR-050/MG";"Norte";"Capotamento";2;0;0;0;0;0;0;0;0;0;0;3;0;0;0
"22/09/2018";"10:35:00";"79";"sem vítima";"90.28";"BR-050/MG";"Sul";"Choque - Suporte de Sinalização";1;0;0;0;0;0;0;0;0;0;1;0;0;0;0
"22/09/2018";"03:46:00";"130";"com vítima";"132.1";"BR-050/MG";"Sul";"Capotamento";1;0;0;0;0;0;0;0;0;0;0;0;2;0;0
"22/09/2018";"07:38:00";"157";"sem vítima";"21";"CT-UDI-MG";"Norte";"Choque - Defensa, barreira ou meio fio";1;0;0;0;0;0;0;0;0;0;1;0;0;0;0
"22/09/2018";"08:11:00";"161";"sem vítima";"247.64";"BR-050/GO";"Sul";"Capotamento";0;0;0;0;0;0;0;0;0;1;1;0;0;0;0
"22/09/2018";"09:17:00";"167";"com vítima";"99.2";"BR-050/GO";"Norte";"Choque - Talude";1;0;0;0;0;0;0;0;0;0;0;1;0;0;0
"22/09/2018";"11:12:00";"178";"sem vítima";"178.4";"BR-050/MG";"Norte";"Choque - Defensa, barreira ou meio fio";0;0;0;0;0;0;0;0;0;1;1;0;0;0;0
"23/09/2018";"04:11:00";"18";"sem vítima";"46.45";"BR-050/MG";"Sul";"Saida de Pista";1;0;0;0;0;0;0;0;0;0;1;0;0;0;0
"23/09/2018";"09:16:00";"58";"com vítima";"273.5";"BR-050/GO";"Norte";"Colisão Transversal";1;0;0;1;0;0;0;0;0;0;5;1;0;0;0
"23/09/2018";"09:36:00";"63";"com vítima";"79.24";"BR-050/MG";"Sul";"Capotamento";1;0;0;0;0;0;0;0;0;0;0;0;0;1;0
"23/09/2018";"03:04:00";"132";"com vítima";"190.5";"BR-050/MG";"Norte";"Colisão Traseira";0;0;2;0;0;0;0;0;0;0;1;0;1;0;0
"23/09/2018";"03:21:00";"138";"com vítima";"104.75";"BR-050/GO";"Sul";"Capotamento";0;0;0;0;0;0;0;0;0;1;1;1;0;0;0
"23/09/2018";"06:40:00";"181";"sem vítima";"30.8";"BR-050/MG";"Norte";"Choque - Suporte de Sinalização";0;0;0;0;0;0;0;0;0;1;5;0;0;0;0
"23/09/2018";"07:57:00";"194";"sem vítima";"14";"CT-UDI-MG";"Sul";"Choque - Defensa, barreira ou meio fio";1;0;0;0;0;0;0;0;0;0;2;0;0;0;0
"24/09/2018";"10:18:00";"111";"sem vítima";"13.75";"BR-050/MG";"Norte";"Colisão Lateral";1;0;1;0;0;0;0;0;0;0;3;0;0;0;0
"24/09/2018";"11:43:00";"134";"com vítima";"59.85";"BR-050/MG";"Norte";"Capotamento";1;0;0;0;0;0;0;0;0;0;0;1;0;0;0
"24/09/2018";"05:56:00";"238";"com vítima";"270";"BR-050/GO";"Norte";"Colisão Lateral";0;0;1;1;0;0;0;0;0;0;1;1;0;0;0
"24/09/2018";"07:01:00";"246";"sem vítima";"245";"BR-050/GO";"Norte";"Choque - Poste";0;0;1;0;0;0;0;0;0;0;1;0;0;0;0
"24/09/2018";"09:31:00";"275";"sem vítima";"10.7";"BR-050/MG";"Sul";"Choque - Elemento de Drenagem";0;0;1;0;0;0;0;0;0;0;1;0;0;0;0
"25/09/2018";"01:26:00";"9";"com vítima";"99.5";"BR-050/MG";"Sul";"Colisão Traseira";0;0;1;0;1;0;0;0;0;0;42;6;0;0;0
"25/09/2018";"06:52:00";"31";"com vítima";"122.8";"BR-050/MG";"Sul";"Queda de Moto";0;0;0;1;0;0;0;0;0;0;0;1;0;0;0
"25/09/2018";"02:07:00";"160";"sem vítima";"148";"BR-050/GO";"Norte";"Capotamento";1;0;0;0;0;0;0;0;0;0;2;0;0;0;0
"25/09/2018";"05:52:00";"195";"com vítima";"28.58";"BR-050/MG";"Norte";"Tombamento";0;0;1;0;0;0;0;0;0;0;0;1;0;0;0
"25/09/2018";"07:54:00";"219";"com vítima";"79.6";"BR-050/MG";"Sul";"Tombamento";0;0;1;0;0;0;0;0;0;0;0;1;0;0;0
"26/09/2018";"11:28:00";"134";"com vítima";"176";"BR-050/MG";"Norte";"Queda de Moto";0;0;0;1;0;0;0;0;0;1;1;1;0;0;0
"26/09/2018";"12:59:00";"149";"com vítima";"105";"BR-050/MG";"Sul";"Colisão Traseira";1;0;1;0;0;0;0;0;0;0;3;2;0;0;0
"26/09/2018";"09:29:00";"268";"com vítima";"158.54";"BR-050/MG";"Norte";"Colisão Traseira";1;0;1;0;0;0;0;0;0;0;1;0;2;0;0
"27/09/2018";"12:16:00";"2";"com vítima";"151.5";"BR-050/GO";"Norte";"Capotamento";1;0;0;0;0;0;0;0;0;0;0;3;0;0;0
"27/09/2018";"07:32:00";"46";"sem vítima";"177";"BR-050/MG";"Norte";"Choque - Elemento de Drenagem";1;0;0;0;0;0;0;0;0;0;2;0;0;0;0
"27/09/2018";"12:04:00";"109";"com vítima";"223.7";"BR-050/GO";"Sul";"Saida de Pista";0;0;0;0;0;0;0;0;0;1;2;1;0;0;0
"27/09/2018";"03:43:00";"169";"sem vítima";"140.6";"BR-050/GO";"Sul";"Tombamento";0;0;0;0;0;0;0;0;0;1;1;0;0;0;0
"27/09/2018";"09:18:00";"240";"sem vítima";"150.8";"BR-050/MG";"Sul";"Choque - Elemento de Drenagem";1;0;0;0;0;0;0;0;0;0;4;0;0;0;0
"28/09/2018";"09:12:00";"57";"sem vítima";"165.2";"BR-050/MG";"Sul";"Colisão Traseira";0;0;1;0;0;0;0;0;0;1;4;0;0;0;0
"28/09/2018";"05:07:00";"163";"sem vítima";"201";"BR-050/GO";"Sul";"Saida de Pista";0;0;0;0;0;0;0;0;0;1;1;0;0;0;0
"28/09/2018";"06:56:00";"179";"sem vítima";"283";"BR-050/GO";"Sul";"Colisão Lateral";1;0;1;0;0;0;0;0;0;0;2;0;0;0;0
"28/09/2018";"08:13:00";"186";"sem vítima";"128.56";"BR-050/MG";"Sul";"Colisão Traseira";1;0;0;0;0;0;0;0;0;1;2;0;0;0;0
"28/09/2018";"11:53:00";"213";"com vítima";"85.6";"BR-050/MG";"Sul";"Capotamento";0;0;0;0;0;0;0;0;0;1;0;1;0;0;0
"29/09/2018";"12:40:00";"4";"sem vítima";"281.3";"BR-050/GO";"Sul";"Colisão Transversal";0;0;2;0;0;0;0;0;0;0;2;0;0;0;0
"29/09/2018";"01:54:00";"16";"com vítima";"280";"BR-050/GO";"Sul";"Choque - Defensa, barreira ou meio fio";0;0;0;1;0;0;0;0;0;0;0;1;0;0;0
"29/09/2018";"04:06:00";"31";"sem vítima";"179.8";"BR-050/MG";"Sul";"Choque - Suporte de Sinalização";1;0;0;0;0;0;0;0;0;0;3;0;0;0;0
"29/09/2018";"05:04:00";"154";"com vítima";"62.72";"BR-050/MG";"Sul";"Capotamento";1;0;0;0;0;0;0;0;0;0;0;2;0;0;0
"29/09/2018";"07:18:00";"178";"sem vítima";"195.9";"BR-050/MG";"Norte";"Colisão Traseira";1;0;0;0;0;0;0;0;0;1;6;0;0;0;0
"29/09/2018";"09:32:00";"193";"com vítima";"115.7";"BR-050/MG";"Sul";"Capotamento";0;0;0;0;0;0;0;0;0;1;0;1;0;0;0
"30/09/2018";"04:00:00";"23";"sem vítima";"274";"BR-050/GO";"Sul";"Colisão Traseira";1;0;0;0;0;0;0;0;0;1;2;0;0;0;0
"30/09/2018";"10:14:00";"66";"com vítima";"177";"BR-050/MG";"Sul";"Colisão Traseira";0;1;0;0;0;0;0;0;0;1;5;1;0;0;0
"30/09/2018";"11:03:00";"75";"com vítima";"3.5";"BR-050/MG";"Sul";"Choque - Defensa, barreira ou meio fio";0;0;0;1;0;0;0;0;0;0;0;0;0;1;0
"30/09/2018";"04:42:00";"125";"sem vítima";"190";"BR-050/MG";"Sul";"Choque - Elemento de Drenagem";0;0;0;0;0;0;0;0;0;1;2;0;0;0;0
"30/09/2018";"04:53:00";"128";"sem vítima";"92.44";"BR-050/MG";"Sul";"Colisão Traseira";1;0;1;0;0;0;0;0;0;0;3;0;0;0;0
"30/09/2018";"06:57:00";"151";"com vítima";"101.3";"BR-050/GO";"Norte";"Colisão Traseira";0;0;1;0;0;0;0;0;0;1;1;0;1;3;0
"30/09/2018";"07:46:00";"160";"sem vítima";"102.2";"BR-050/GO";"Norte";"Colisão Traseira";0;0;2;0;0;0;0;0;0;0;2;0;0;0;0
"01/10/2018";"12:10:00";"3";"com vítima";"178.9";"BR-050/MG";"Norte";"Capotamento";1;0;0;0;0;0;0;0;0;0;0;0;1;0;0
"01/10/2018";"02:14:00";"9";"com vítima";"148.6";"BR-050/GO";"Norte";"Atropelamento de Animal";1;0;0;0;0;0;0;0;0;0;0;2;0;0;0
"01/10/2018";"02:46:00";"10";"com vítima";"211.05";"BR-050/GO";"Sul";"Capotamento";1;0;0;0;0;0;0;0;0;0;0;1;0;0;0
"01/10/2018";"07:16:00";"29";"sem vítima";"177";"BR-050/MG";"Norte";"Colisão Traseira";2;0;0;0;0;0;0;0;0;0;2;0;0;0;0
"01/10/2018";"06:08:00";"175";"com vítima";"93.2";"BR-050/MG";"Norte";"Colisão Traseira";1;0;1;0;0;0;0;0;0;0;1;1;0;0;0
"01/10/2018";"07:22:00";"192";"com vítima";"108.607";"BR-050/MG";"Norte";"Queda de Moto";0;0;0;1;0;0;0;0;0;0;0;0;1;0;0
"02/10/2018";"06:08:00";"186";"com vítima";"62.4";"BR-050/MG";"Sul";"Capotamento";0;0;0;0;0;0;0;0;0;1;0;0;1;0;0
"03/10/2018";"10:28:00";"96";"com vítima";"84";"BR-050/MG";"Sul";"Capotamento";0;0;0;0;0;0;0;0;1;0;0;0;1;0;0
"03/10/2018";"10:15:00";"235";"com vítima";"178.9";"BR-050/MG";"Sul";"Choque - Defensa, barreira ou meio fio";0;0;0;1;0;0;0;0;0;0;0;2;0;0;0
"03/10/2018";"11:30:00";"241";"com vítima";"80.8";"BR-050/MG";"Sul";"Choque - Defensa, barreira ou meio fio";0;0;0;1;0;0;0;0;0;0;0;1;0;0;0
"04/10/2018";"01:39:00";"127";"sem vítima";"269.96";"BR-050/GO";"Norte";"Colisão Lateral";0;0;1;0;0;1;0;0;0;0;2;0;0;0;0
"04/10/2018";"05:37:00";"168";"sem vítima";"117.7";"BR-050/GO";"Sul";"Colisão Lateral";1;0;1;0;0;0;0;0;0;0;7;0;0;0;0
"04/10/2018";"08:11:00";"198";"com vítima";"234.4";"BR-050/GO";"Norte";"Queda de Moto";0;0;0;1;0;0;0;0;0;0;0;0;1;0;0
"05/10/2018";"02:03:00";"10";"com vítima";"280.38";"BR-050/GO";"Sul";"Queda de Moto";0;0;0;1;0;0;0;0;0;0;0;1;0;0;0
"05/10/2018";"02:57:00";"13";"com vítima";"273";"BR-050/GO";"Norte";"Queda de Moto";0;0;0;1;0;0;0;0;0;0;0;0;1;0;0
"05/10/2018";"05:06:00";"23";"sem vítima";"29";"BR-050/MG";"Norte";"Saida de Pista";0;0;0;0;0;0;0;0;0;1;1;0;0;0;0
"05/10/2018";"07:11:00";"46";"sem vítima";"174.7";"BR-050/MG";"Norte";"Tombamento";0;0;1;0;0;0;0;0;0;0;1;0;0;0;0
"05/10/2018";"07:36:00";"225";"sem vítima";"115.2";"BR-050/GO";"Norte";"Saida de Pista";1;0;0;0;0;0;0;0;0;0;2;0;0;0;0
"06/10/2018";"04:37:00";"37";"sem vítima";"171.95";"BR-050/MG";"Sul";"Saida de Pista";1;0;0;0;0;0;0;0;0;0;1;0;0;0;0
"06/10/2018";"03:09:00";"167";"sem vítima";"52.9";"BR-050/MG";"Sul";"Choque - Elemento de Drenagem";1;0;0;0;0;0;0;0;0;0;3;0;0;0;0
"06/10/2018";"03:33:00";"172";"sem vítima";"23.3";"BR-050/MG";"Norte";"Tombamento";0;0;1;0;0;0;0;0;0;0;1;0;0;0;0
"06/10/2018";"06:41:00";"217";"sem vítima";"35.1";"BR-050/MG";"Sul";"Choque - Elemento de Drenagem";1;0;0;0;0;0;0;0;0;0;2;0;0;0;0
"06/10/2018";"09:31:00";"245";"sem vítima";"57.6";"BR-050/MG";"Norte";"Choque - Elemento de Drenagem";1;0;0;0;0;0;0;0;0;0;1;0;0;0;0
"06/10/2018";"11:49:00";"260";"sem vítima";"41.75";"BR-050/MG";"Sul";"Choque - Defensa, barreira ou meio fio";1;0;0;0;0;0;0;0;0;0;4;0;0;0;0
"07/10/2018";"12:34:00";"3";"sem vítima";"178.8";"BR-050/MG";"Sul";"Capotamento";1;0;0;0;0;0;0;0;0;0;3;0;0;0;0
"07/10/2018";"03:46:00";"20";"sem vítima";"58.2";"BR-050/MG";"Norte";"Choque - Defensa, barreira ou meio fio";1;0;0;0;0;0;0;0;0;0;5;0;0;0;0
"07/10/2018";"06:37:00";"32";"com vítima";"30.7";"BR-050/MG";"Norte";"Capotamento";1;0;0;0;0;0;0;0;0;0;1;1;0;0;0
"07/10/2018";"08:26:00";"47";"com vítima";"5.6";"BR-050/MG";"Norte";"Saida de Pista";1;0;0;0;0;0;0;0;0;0;0;3;0;0;0
"07/10/2018";"10:25:00";"64";"com vítima";"45";"BR-050/MG";"Sul";"Saida de Pista";1;0;0;0;0;0;0;0;0;0;2;1;0;0;0
"07/10/2018";"12:37:00";"85";"com vítima";"273.2";"BR-050/GO";"Sul";"Queda de Moto";0;0;0;1;0;0;0;0;0;0;0;1;0;0;0
"08/10/2018";"02:44:00";"17";"com vítima";"179";"BR-050/MG";"Sul";"Choque - Obstáculo Fixo";1;0;0;0;0;0;0;0;0;0;0;1;0;0;0
"08/10/2018";"04:39:00";"23";"com vítima";"102.4";"BR-050/MG";"Sul";"Capotamento";0;0;0;0;0;0;0;0;0;1;0;1;0;0;0
"08/10/2018";"09:59:00";"94";"com vítima";"183.35";"BR-050/MG";"Sul";"Queda de Moto";0;0;0;1;0;0;0;0;0;0;0;1;0;0;0
"08/10/2018";"03:28:00";"157";"sem vítima";"147.5";"BR-050/MG";"Sul";"Choque - Defensa, barreira ou meio fio";0;0;0;0;0;0;0;0;0;1;2;0;0;0;0
"08/10/2018";"06:58:00";"200";"sem vítima";"180";"BR-050/MG";"Norte";"Colisão Lateral";2;0;0;0;0;0;0;0;0;0;6;0;0;0;0
"08/10/2018";"11:00:00";"240";"sem vítima";"98.7";"BR-050/MG";"Sul";"Colisão Traseira";0;0;2;0;0;0;0;0;0;0;2;0;0;0;0
"08/10/2018";"11:54:00";"245";"sem vítima";"179";"BR-050/MG";"Sul";"Choque - Elemento de Drenagem";1;0;0;0;0;0;0;0;0;0;1;0;0;0;0
"09/10/2018";"06:10:00";"29";"com vítima";"44.84";"BR-050/MG";"Sul";"Capotamento";1;0;0;0;0;0;0;0;0;0;1;0;0;0;3
"09/10/2018";"09:17:00";"60";"com vítima";"23.84";"BR-050/MG";"Sul";"Colisão Transversal";1;0;0;0;0;0;0;0;0;1;1;2;2;0;0
"09/10/2018";"10:55:00";"88";"sem vítima";"278";"BR-050/GO";"Norte";"Choque - Defensa, barreira ou meio fio";0;0;2;0;0;0;0;0;0;0;2;0;0;0;0
"09/10/2018";"05:33:00";"168";"sem vítima";"122";"BR-050/GO";"Norte";"Capotamento";0;0;0;0;0;0;0;0;0;1;1;0;0;0;0
"10/10/2018";"06:14:00";"34";"sem vítima";"10.69";"BR-050/MG";"Norte";"Choque - Talude";0;0;1;0;0;0;0;0;0;0;1;0;0;0;0
"10/10/2018";"06:51:00";"189";"sem vítima";"48.7";"BR-050/MG";"Sul";"Choque - Objeto sobre a pista";1;0;0;0;0;0;0;0;0;0;1;0;0;0;0
"11/10/2018";"09:01:00";"76";"sem vítima";"175.5";"BR-050/MG";"Norte";"Choque - Elemento de Drenagem";1;0;0;0;0;0;0;0;0;0;3;0;0;0;0
"11/10/2018";"11:04:00";"108";"sem vítima";"56.2";"BR-050/MG";"Norte";"Tombamento";0;0;1;0;0;0;0;0;0;0;1;0;0;0;0
"11/10/2018";"12:29:00";"128";"com vítima";"274";"BR-050/GO";"Sul";"Colisão Transversal";1;0;0;1;0;0;0;0;0;0;1;1;0;0;0
"11/10/2018";"01:30:00";"140";"sem vítima";"206";"BR-050/MG";"Norte";"Choque - Defensa, barreira ou meio fio";0;0;0;0;0;0;0;0;0;1;4;0;0;0;0
"12/10/2018";"08:28:00";"76";"com vítima";"205.2";"BR-050/MG";"Norte";"Colisão Lateral";1;1;0;0;0;0;0;0;0;0;5;1;0;0;0
"12/10/2018";"10:31:00";"111";"sem vítima";"30.7";"BR-050/MG";"Norte";"Choque - Elemento de Drenagem";0;0;1;0;0;0;0;0;0;0;2;0;0;0;0
"12/10/2018";"01:48:00";"148";"sem vítima";"10";"BR-050/MG";"Norte";"Choque - Suporte de Sinalização";1;0;0;0;0;0;0;0;0;0;2;0;0;0;0
"12/10/2018";"07:41:00";"221";"com vítima";"174.96";"BR-050/GO";"Sul";"Capotamento";1;0;0;0;0;0;0;0;0;0;0;0;2;0;0
"12/10/2018";"10:52:00";"245";"sem vítima";"176";"BR-050/MG";"Norte";"Engavetamento";2;0;0;0;0;0;0;0;0;1;8;0;0;0;0
"13/10/2018";"03:36:00";"12";"com vítima";"80.4";"BR-050/MG";"Sul";"Capotamento";1;0;0;0;0;0;0;0;0;0;0;0;2;0;0
"14/10/2018";"05:47:00";"149";"sem vítima";"195.2";"BR-050/MG";"Sul";"Choque - Defensa, barreira ou meio fio";1;0;0;0;0;0;0;0;0;0;5;0;0;0;0
"15/10/2018";"10:05:00";"86";"sem vítima";"182.3";"BR-050/GO";"Sul";"Choque - Suporte de Sinalização";1;0;0;0;0;0;0;0;0;0;2;0;0;0;0
"15/10/2018";"05:26:00";"167";"sem vítima";"154";"BR-050/MG";"Norte";"Choque - Elemento de Drenagem";1;0;0;0;0;1;0;0;0;0;3;0;0;0;0
"16/10/2018";"03:31:00";"23";"sem vítima";"133.4";"BR-050/GO";"Sul";"Tombamento";0;0;1;0;0;0;0;0;0;0;1;0;0;0;0
"16/10/2018";"06:09:00";"199";"com vítima";"45.4";"BR-050/MG";"Sul";"Queda de Moto";0;0;0;1;0;0;0;0;0;0;0;1;0;0;0
"16/10/2018";"06:38:00";"205";"com vítima";"278";"BR-050/GO";"Sul";"Colisão Lateral";0;0;0;1;0;0;0;0;0;1;1;0;2;0;0
"17/10/2018";"02:27:00";"165";"sem vítima";"301.32";"BR-050/GO";"Sul";"Choque - Arvore";1;0;0;0;0;0;0;0;0;0;1;0;0;0;0
"17/10/2018";"03:19:00";"180";"com vítima";"153.7";"BR-050/GO";"Norte";"Capotamento";0;0;1;0;0;0;0;0;0;0;0;2;3;0;0
"17/10/2018";"03:36:00";"185";"com vítima";"157.2";"BR-050/MG";"Norte";"Colisão Traseira";0;0;0;1;0;0;0;0;0;1;1;1;0;0;0
"18/10/2018";"03:07:00";"188";"sem vítima";"176.5";"BR-050/MG";"Norte";"Colisão Lateral";0;0;2;0;0;0;0;0;0;1;3;0;0;0;0
"18/10/2018";"03:10:00";"189";"sem vítima";"177";"BR-050/MG";"Norte";"Colisão Lateral";1;0;1;0;0;0;0;0;0;0;2;0;0;0;0
"18/10/2018";"03:35:00";"196";"com vítima";"171.1";"BR-050/MG";"Sul";"Colisão Traseira";0;0;2;0;0;0;0;0;0;0;1;1;0;0;0
"18/10/2018";"11:27:00";"264";"sem vítima";"48.7";"BR-050/MG";"Norte";"Queda de Ciclista";0;0;0;1;0;0;0;0;0;0;1;0;0;0;0
"19/10/2018";"04:57:00";"14";"sem vítima";"58.08";"BR-050/MG";"Sul";"Choque - Defensa, barreira ou meio fio";1;0;0;0;0;0;0;0;0;0;1;0;0;0;0
"19/10/2018";"06:38:00";"204";"com vítima";"101";"BR-050/GO";"Sul";"Capotamento";0;0;0;0;0;0;0;0;0;1;0;0;1;0;0
"19/10/2018";"07:27:00";"216";"sem vítima";"157.5";"BR-050/MG";"Sul";"Colisão Lateral";1;0;1;0;0;0;0;0;0;0;2;0;0;0;0
"20/10/2018";"03:33:00";"20";"sem vítima";"109.219";"BR-050/GO";"Norte";"Tombamento";0;0;1;0;0;0;0;0;0;0;1;0;0;0;0
"20/10/2018";"08:48:00";"59";"com vítima";"280.5";"BR-050/GO";"Sul";"Colisão Transversal";1;1;0;0;0;0;0;0;0;0;1;1;0;0;0
"21/10/2018";"05:42:00";"138";"sem vítima";"98.9";"BR-050/GO";"Norte";"Colisão Lateral";1;0;0;0;0;0;0;0;0;0;2;0;0;0;0
"21/10/2018";"09:05:00";"187";"sem vítima";"79.8";"BR-050/MG";"Sul";"Saida de Pista";1;0;0;0;0;0;0;0;0;0;2;0;0;0;0
"21/10/2018";"09:16:00";"190";"com vítima";"278";"BR-050/GO";"Sul";"Colisão Transversal";1;0;1;0;0;0;0;0;0;0;2;1;1;0;0
"21/10/2018";"10:56:00";"203";"sem vítima";"96.6";"BR-050/GO";"Sul";"Choque - Defensa, barreira ou meio fio";1;0;0;0;0;0;0;0;0;0;2;0;0;0;0
"22/10/2018";"06:47:00";"49";"sem vítima";"265";"BR-050/GO";"Norte";"Colisão Lateral";0;0;1;0;1;0;0;0;0;0;31;0;0;0;0
"22/10/2018";"07:02:00";"52";"com vítima";"27.8";"BR-050/MG";"Sul";"Tombamento";0;0;1;0;0;0;0;0;0;0;0;1;1;0;0
"22/10/2018";"07:30:00";"60";"com vítima";"141.34";"BR-050/MG";"Sul";"Saida de Pista";1;0;0;0;0;0;0;0;0;0;0;2;0;0;0
"22/10/2018";"09:31:00";"86";"sem vítima";"179.1";"BR-050/MG";"Sul";"Colisão Lateral";0;0;1;0;0;0;0;0;0;1;4;0;0;0;0
"23/10/2018";"05:17:00";"30";"com vítima";"229.815";"BR-050/GO";"Norte";"Colisão Transversal";0;0;1;0;0;0;0;0;0;1;0;1;0;0;3
"23/10/2018";"06:13:00";"22";"sem vítima";"273";"BR-050/GO";"Sul";"Colisão Lateral";1;0;0;0;0;1;0;0;0;0;2;0;0;0;0
"23/10/2018";"02:16:00";"108";"com vítima";"278.6";"BR-050/GO";"Sul";"Colisão Transversal";0;0;2;0;0;0;0;0;0;0;1;1;0;0;0
"24/10/2018";"09:13:00";"81";"sem vítima";"148.05";"BR-050/MG";"Sul";"Colisão Lateral";1;0;1;0;0;0;0;0;0;0;2;0;0;0;0
"24/10/2018";"10:59:00";"102";"sem vítima";"0";"CT-UDI-MG";"Sul";"Tombamento";0;0;1;0;0;0;0;0;0;0;1;0;0;0;0
"24/10/2018";"11:14:00";"104";"sem vítima";"126.6";"BR-050/MG";"Norte";"Choque - Elemento de Drenagem";1;0;0;0;0;0;0;0;0;0;1;0;0;0;0
"24/10/2018";"06:22:00";"195";"com vítima";"158.48";"BR-050/MG";"Sul";"Tombamento";0;0;1;0;0;0;0;0;0;0;0;1;0;0;0
"24/10/2018";"10:01:00";"235";"sem vítima";"179";"BR-050/MG";"Sul";"Choque - Defensa, barreira ou meio fio";1;0;0;0;0;0;0;0;0;0;1;0;0;0;0
"25/10/2018";"03:52:00";"26";"com vítima";"58.54";"BR-050/MG";"Sul";"Tombamento";0;0;1;0;0;0;0;0;0;0;1;2;0;0;0
"25/10/2018";"04:29:00";"32";"sem vítima";"58.54";"BR-050/MG";"Norte";"Saida de Pista";0;0;1;0;0;0;0;0;0;0;2;0;0;0;0
"25/10/2018";"07:19:00";"45";"sem vítima";"58.88";"BR-050/MG";"Norte";"Saida de Pista";0;0;1;0;0;0;0;0;0;0;1;0;0;0;0
"25/10/2018";"08:11:00";"56";"com vítima";"80.85";"BR-050/MG";"Sul";"Colisão Lateral";1;0;0;0;0;0;0;0;0;1;2;1;0;0;0
"25/10/2018";"08:25:00";"58";"sem vítima";"80.85";"BR-050/MG";"Sul";"Saida de Pista";0;0;1;0;0;0;0;0;0;0;1;0;0;0;0
"25/10/2018";"03:57:00";"177";"sem vítima";"274";"BR-050/GO";"Norte";"Colisão Traseira";0;0;0;0;0;0;0;0;0;1;1;0;0;0;0
"25/10/2018";"06:35:00";"202";"com vítima";"179.9";"BR-050/MG";"Sul";"Queda de Moto";0;0;0;0;0;0;0;0;0;0;0;1;0;0;0