data;horario;n_da_ocorrencia;tipo_de_ocorrencia;km;trecho;sentido;tipo_de_acidente;automovel;bicicleta;caminhao;moto;onibus;outros;tracao_animal;transporte_de_cargas_especiais;trator_maquinas;utilitarios;ilesos;levemente_feridos;moderadamente_feridos;gravemente_feridos;mortos
"25/10/2018";"06:58:00";"205";"com vítima";"192.8";"BR-050/MG";"Sul";"Tombamento";0;0;3;0;0;0;0;0;0;0;0;3;0;0;0
"25/10/2018";"08:50:00";"216";"com vítima";"54.6";"BR-050/MG";"Sul";"Tombamento";0;0;1;0;0;0;0;0;0;0;0;1;0;0;0
"26/10/2018";"04:03:00";"22";"com vítima";"146";"BR-050/MG";"Sul";"Capotamento";1;0;0;0;0;0;0;0;0;0;0;1;0;0;0
"26/10/2018";"06:06:00";"29";"com vítima";"305.75";"BR-050/GO";"Sul";"Colisão Traseira";0;0;2;0;0;0;0;0;0;0;1;2;0;0;0
"26/10/2018";"03:25:00";"144";"sem vítima";"83.38";"BR-050/MG";"Norte";"Saida de Pista";1;0;0;0;0;0;0;0;0;0;2;0;0;0;0
"26/10/2018";"03:39:00";"148";"com vítima";"192.5";"BR-050/MG";"Norte";"Capotamento";1;0;0;0;0;0;0;0;0;0;0;0;1;0;0
"26/10/2018";"06:29:00";"184";"com vítima";"121";"BR-050/GO";"Norte";"Capotamento";1;0;0;0;0;0;0;0;0;0;0;1;0;0;0
"27/10/2018";"12:19:00";"10";"sem vítima";"188.2";"BR-050/GO";"Norte";"Tombamento";0;0;1;0;0;0;0;0;0;0;1;0;0;0;0
"27/10/2018";"05:18:00";"34";"com vítima";"183.3";"BR-050/MG";"Norte";"Colisão Traseira";1;0;1;0;0;0;0;0;0;0;1;2;2;0;0
"27/10/2018";"05:38:00";"40";"sem vítima";"172.1";"BR-050/GO";"Sul";"Saida de Pista";0;0;1;0;0;0;0;0;0;0;1;0;0;0;0
"27/10/2018";"09:06:00";"80";"com vítima";"174";"BR-050/MG";"Sul";"Choque - Defensa, barreira ou meio fio";1;0;0;0;0;0;0;0;0;0;0;1;0;0;0
"27/10/2018";"10:23:00";"94";"sem vítima";"148.24";"BR-050/MG";"Sul";"Choque - Elemento de Drenagem";1;0;0;0;0;0;0;0;0;0;1;0;0;0;0
"27/10/2018";"03:30:00";"141";"com vítima";"154";"BR-050/GO";"Sul";"Tombamento";0;0;1;0;0;0;0;0;0;0;0;1;0;0;0
"27/10/2018";"09:52:00";"191";"com vítima";"204.45";"BR-050/MG";"Sul";"Capotamento";1;0;0;0;0;0;0;0;0;0;0;0;1;0;0
"28/10/2018";"12:25:00";"10";"sem vítima";"203.9";"BR-050/MG";"Norte";"Colisão Traseira";0;0;1;0;1;0;0;0;0;0;55;0;0;0;0
"28/10/2018";"11:31:00";"149";"com vítima";"1.42";"BR-050/MG";"Norte";"Capotamento";1;0;0;0;0;0;0;0;0;0;0;2;0;0;0
"29/10/2018";"05:26:00";"29";"com vítima";"162.95";"BR-050/MG";"Sul";"Choque - Obstáculo Fixo";0;0;0;0;0;0;0;0;0;1;0;2;0;0;0
"29/10/2018";"10:03:00";"95";"sem vítima";"157.2";"BR-050/MG";"Sul";"Colisão Traseira";0;0;2;0;0;0;0;0;0;0;2;0;0;0;0
"29/10/2018";"05:38:00";"194";"sem vítima";"196.72";"BR-050/GO";"Sul";"Saida de Pista";1;0;0;0;0;0;0;0;0;0;2;0;0;0;0
"29/10/2018";"08:06:00";"220";"sem vítima";"293";"BR-050/GO";"Sul";"Queda de Moto";0;0;0;1;0;0;0;0;0;0;1;0;0;0;0
"30/10/2018";"07:29:00";"53";"sem vítima";"21";"CT-UDI-MG";"Sul";"Colisão Traseira";1;0;1;0;0;0;0;0;0;0;2;0;0;0;0
"31/10/2018";"05:31:00";"36";"com vítima";"286";"BR-050/GO";"Norte";"Colisão Traseira";0;0;1;0;0;0;0;0;0;1;6;1;0;0;0
"31/10/2018";"02:03:00";"136";"sem vítima";"79.4";"BR-050/MG";"Sul";"Choque - Defensa, barreira ou meio fio";2;0;0;0;0;0;0;0;0;0;2;0;0;0;0
"01/11/2018";"05:33:00";"29";"sem vítima";"178.3";"BR-050/MG";"Norte";"Choque - Defensa, barreira ou meio fio";1;0;0;0;0;0;0;0;0;0;1;0;0;0;0
"01/11/2018";"08:27:00";"50";"com vítima";"239.65";"BR-050/GO";"Norte";"Colisão Frontal";0;0;2;0;0;0;0;0;0;0;1;0;1;0;0
"01/11/2018";"03:28:00";"134";"com vítima";"17.45";"CT-UDI-MG";"Sul";"Colisão Traseira";0;0;1;1;0;0;0;0;0;0;1;0;1;0;0
"01/11/2018";"09:45:00";"199";"com vítima";"96.2";"BR-050/MG";"Norte";"Colisão Traseira";0;0;2;0;0;0;0;0;0;0;1;0;1;0;0
"02/11/2018";"08:06:00";"51";"com vítima";"15.72";"CT-UDI-MG";"Norte";"Choque - Defensa, barreira ou meio fio";0;0;0;0;0;0;0;0;0;1;0;1;0;0;0
"02/11/2018";"12:01:00";"94";"sem vítima";"119";"BR-050/MG";"Norte";"Choque - Suporte de Sinalização";0;0;0;0;0;0;0;0;0;1;1;0;0;0;0
"02/11/2018";"03:52:00";"137";"com vítima";"166.8";"BR-050/MG";"Sul";"Atropelamento - Ciclista";0;1;0;0;0;0;0;0;0;0;0;0;0;0;1
"02/11/2018";"05:03:00";"154";"com vítima";"196.8";"BR-050/GO";"Sul";"Choque - Suporte de Sinalização";1;0;0;0;0;0;0;0;0;0;0;1;0;0;0
"02/11/2018";"07:07:00";"176";"com vítima";"280";"BR-050/GO";"Sul";"Colisão Transversal";1;0;0;1;0;0;0;0;0;0;2;1;0;0;0
"02/11/2018";"09:14:00";"190";"com vítima";"173.28";"BR-050/MG";"Sul";"Queda de Ciclista";0;1;0;0;0;0;0;0;0;0;0;1;0;0;0
"03/11/2018";"06:36:00";"36";"sem vítima";"35.7";"BR-050/MG";"Norte";"Choque - Defensa, barreira ou meio fio";1;0;0;0;0;0;0;0;0;0;1;0;0;0;0
"03/11/2018";"09:12:00";"70";"sem vítima";"98.2";"BR-050/GO";"Norte";"Colisão Transversal";2;0;0;0;0;0;0;0;0;0;4;0;0;0;0
"03/11/2018";"10:07:00";"189";"sem vítima";"86.1";"BR-050/MG";"Sul";"Saida de Pista";0;0;1;0;0;0;0;0;0;0;1;0;0;0;0
"04/11/2018";"01:14:00";"7";"com vítima";"85.158";"BR-050/MG";"Norte";"Capotamento";1;0;0;0;0;0;0;0;0;0;0;0;3;0;1
"04/11/2018";"05:21:00";"27";"sem vítima";"119.3";"BR-050/GO";"Sul";"Choque - Elemento de Drenagem";1;0;0;0;0;0;0;0;0;0;1;0;0;0;0
"04/11/2018";"05:34:00";"29";"sem vítima";"178.75";"BR-050/MG";"Sul";"Capotamento";1;0;0;0;0;0;0;0;0;0;1;0;0;0;0
"04/11/2018";"08:21:00";"34";"sem vítima";"56.85";"BR-050/MG";"Sul";"Choque - Obstáculo Fixo";1;0;0;0;0;0;0;0;0;0;1;0;0;0;0
"04/11/2018";"09:19:00";"42";"sem vítima";"280.5";"BR-050/GO";"Norte";"Colisão Transversal";1;0;0;0;1;0;0;0;0;0;3;0;0;0;0
"04/11/2018";"03:03:00";"74";"sem vítima";"22.52";"BR-050/MG";"Norte";"Choque - Defensa, barreira ou meio fio";0;0;1;0;0;0;0;0;0;0;1;0;0;0;0
"04/11/2018";"04:33:00";"90";"com vítima";"10.06";"BR-050/MG";"Norte";"Capotamento";1;0;0;0;0;0;0;0;0;0;0;4;1;0;0
"04/11/2018";"05:48:00";"101";"sem vítima";"130.8";"BR-050/GO";"Sul";"Choque - Elemento de Drenagem";0;0;0;0;0;0;0;0;0;1;5;0;0;0;0
"05/11/2018";"05:35:00";"24";"sem vítima";"118.92";"BR-050/MG";"Sul";"Saida de Pista";1;0;0;0;0;0;0;0;0;0;1;0;0;0;0
"05/11/2018";"05:50:00";"25";"sem vítima";"116.3";"BR-050/MG";"Norte";"Tombamento";0;0;1;0;0;0;0;0;0;0;2;0;0;0;0
"05/11/2018";"09:35:00";"65";"com vítima";"171";"BR-050/MG";"Norte";"Tombamento";0;0;1;0;0;0;0;0;0;0;0;0;2;0;0
"05/11/2018";"02:24:00";"114";"com vítima";"191.8";"BR-050/GO";"Sul";"Colisão Traseira";0;0;1;1;0;0;0;0;0;0;1;0;0;0;1
"05/11/2018";"04:35:00";"132";"com vítima";"81";"BR-050/MG";"Norte";"Colisão Traseira";1;0;0;1;0;0;0;0;0;0;1;1;0;0;0
"05/11/2018";"06:27:00";"152";"sem vítima";"178";"BR-050/GO";"Norte";"Choque - Suporte de Sinalização";1;0;0;0;0;0;0;0;0;0;1;0;0;0;0
"06/11/2018";"01:02:00";"16";"com vítima";"253.5";"BR-050/GO";"Sul";"Choque - Arvore";0;0;1;0;0;0;0;0;0;0;0;1;0;0;0
"06/11/2018";"03:36:00";"28";"sem vítima";"19.05";"CT-UDI-MG";"Norte";"Atropelamento de Animal";0;0;0;0;0;0;0;0;0;1;1;0;0;0;0
"06/11/2018";"07:10:00";"44";"com vítima";"274.2";"BR-050/GO";"Norte";"Queda de Moto";0;0;0;1;0;0;0;0;0;0;0;1;0;0;0
"06/11/2018";"05:07:00";"154";"sem vítima";"280.6";"BR-050/GO";"Sul";"Colisão Transversal";0;0;1;1;0;0;0;0;0;0;2;0;0;0;0
"06/11/2018";"05:23:00";"157";"sem vítima";"143.18";"BR-050/GO";"Sul";"Choque - Defensa, barreira ou meio fio";1;0;0;0;0;0;0;0;0;0;1;0;0;0;0
"06/11/2018";"07:46:00";"178";"com vítima";"177.1";"BR-050/MG";"Norte";"Queda de Moto";0;0;0;1;0;0;0;0;0;0;0;1;0;0;0
"06/11/2018";"10:11:00";"196";"sem vítima";"20.7";"BR-050/MG";"Sul";"Colisão Traseira";0;0;1;0;0;1;0;0;0;0;2;0;0;0;0
"07/11/2018";"06:38:00";"39";"sem vítima";"106.05";"BR-050/GO";"Norte";"Choque - Defensa, barreira ou meio fio";1;0;0;0;0;0;0;0;0;0;1;0;0;0;0
"07/11/2018";"07:09:00";"45";"com vítima";"181.9";"BR-050/MG";"Sul";"Atropelamento - Ciclista";0;1;0;0;0;0;0;0;0;0;0;1;0;0;0
"07/11/2018";"08:33:00";"219";"com vítima";"95.7";"BR-050/GO";"Norte";"Colisão Frontal";1;0;0;0;0;0;0;0;0;1;3;2;0;0;0
"08/11/2018";"12:16:00";"8";"sem vítima";"174.7";"BR-050/MG";"Sul";"Choque - Defensa, barreira ou meio fio";1;0;0;0;0;0;0;0;0;0;1;0;0;0;0
"08/11/2018";"01:27:00";"15";"sem vítima";"19";"BR-050/MG";"Sul";"Choque - Elemento de Drenagem";0;0;0;0;0;0;0;0;0;1;3;0;0;0;0
"08/11/2018";"06:30:00";"38";"sem vítima";"59.27";"BR-050/MG";"Norte";"Choque - Elemento de Drenagem";1;0;0;0;0;0;0;0;0;0;2;0;0;0;0
"08/11/2018";"07:44:00";"47";"sem vítima";"178";"BR-050/MG";"Norte";"Colisão Traseira";2;0;0;0;0;0;0;0;0;0;2;0;0;0;0
"08/11/2018";"09:13:00";"63";"sem vítima";"25.45";"BR-050/MG";"Sul";"Capotamento";0;0;0;0;0;0;0;0;0;1;1;0;0;0;0
"08/11/2018";"09:18:00";"65";"sem vítima";"59";"BR-050/MG";"Norte";"Choque - Suporte de Sinalização";1;0;0;0;0;0;0;0;0;0;1;0;0;0;0
"08/11/2018";"09:45:00";"69";"com vítima";"59";"BR-050/MG";"Norte";"Choque - Veiculo parado no acostamento";2;0;0;0;0;0;0;0;0;0;1;3;0;0;0
"08/11/2018";"03:35:00";"130";"com vítima";"53";"BR-050/MG";"Norte";"Choque - Defensa, barreira ou meio fio";0;0;0;0;0;0;0;0;0;1;1;1;0;0;0
"08/11/2018";"05:40:00";"149";"sem vítima";"7.03";"CT-UDI-MG";"Sul";"Choque - Suporte de Sinalização";1;0;0;0;0;0;0;0;0;0;1;0;0;0;0
"08/11/2018";"06:36:00";"157";"sem vítima";"104.3";"BR-050/GO";"Sul";"Choque - Elemento de Drenagem";1;0;0;0;0;0;0;0;0;0;3;0;0;0;0
"09/11/2018";"12:08:00";"8";"sem vítima";"187.72";"BR-050/MG";"Sul";"Choque - Arvore";0;0;1;0;0;0;0;0;0;0;1;0;0;0;0
"09/11/2018";"12:11:00";"11";"com vítima";"34.92";"BR-050/MG";"Sul";"Tombamento";0;0;1;0;0;0;0;0;0;0;0;1;0;0;0
"09/11/2018";"02:24:00";"26";"sem vítima";"105.95";"BR-050/GO";"Norte";"Saida de Pista";0;0;1;0;0;0;0;0;0;0;1;0;0;0;0
"09/11/2018";"05:56:00";"40";"sem vítima";"157.06";"BR-050/MG";"Norte";"Choque - Elemento de Drenagem";1;0;0;0;0;0;0;0;0;0;3;0;0;0;0
"09/11/2018";"01:24:00";"97";"com vítima";"19.3";"BR-050/MG";"Norte";"Choque - Talude";1;0;0;0;0;0;0;0;0;0;1;1;0;0;0
"09/11/2018";"09:46:00";"187";"sem vítima";"157.3";"BR-050/MG";"Norte";"Choque - Elemento de Drenagem";0;0;1;0;0;0;0;0;0;0;1;0;0;0;0
"10/11/2018";"02:31:00";"37";"com vítima";"179";"BR-050/MG";"Norte";"Queda de Moto";0;0;0;0;0;1;0;0;0;0;0;0;1;0;0
"10/11/2018";"05:10:00";"48";"sem vítima";"112.8";"BR-050/GO";"Norte";"Tombamento";0;0;1;0;0;0;0;0;0;0;1;0;0;0;0
"10/11/2018";"08:28:00";"65";"sem vítima";"126.9";"BR-050/GO";"Norte";"Saida de Pista";1;0;0;0;0;0;0;0;0;0;1;0;0;0;0
"10/11/2018";"10:49:00";"93";"sem vítima";"153.8";"BR-050/MG";"Sul";"Colisão Traseira";1;0;1;0;0;0;0;0;0;0;2;0;0;0;0
"10/11/2018";"01:26:00";"121";"com vítima";"92";"BR-050/MG";"Sul";"Capotamento";1;0;0;0;0;0;0;0;0;0;2;0;2;0;0
"10/11/2018";"04:55:00";"152";"sem vítima";"19.18";"BR-050/MG";"Norte";"Choque - Defensa, barreira ou meio fio";1;0;0;0;0;0;0;0;0;0;5;0;0;0;0
"10/11/2018";"10:57:00";"211";"sem vítima";"307";"BR-050/GO";"Norte";"Capotamento";1;0;0;0;0;0;0;0;0;0;2;0;0;0;0
"11/11/2018";"03:33:00";"22";"sem vítima";"39.95";"BR-050/MG";"Sul";"Choque - Defensa, barreira ou meio fio";1;0;0;0;0;0;0;0;0;0;2;0;0;0;0
"11/11/2018";"05:19:00";"28";"sem vítima";"167.1";"BR-050/MG";"Norte";"Choque - Defensa, barreira ou meio fio";0;0;0;0;0;0;0;0;0;1;1;0;0;0;0
"11/11/2018";"08:01:00";"49";"com vítima";"243.95";"BR-050/GO";"Sul";"Colisão Traseira";2;0;0;0;0;0;0;0;0;0;1;2;0;0;0
"11/11/2018";"06:14:00";"143";"com vítima";"106.15";"BR-050/GO";"Norte";"Capotamento";1;0;0;0;0;0;0;0;0;0;3;1;0;0;0
"11/11/2018";"07:24:00";"160";"sem vítima";"162";"BR-050/GO";"Sul";"Choque - Obstáculo Fixo";1;0;0;0;0;0;0;0;0;0;2;0;0;0;0
"11/11/2018";"09:54:00";"180";"com vítima";"1.02";"BR-050/MG";"Norte";"Choque - Suporte de Sinalização";1;0;0;0;0;0;0;0;0;0;0;1;0;0;0
"12/11/2018";"08:36:00";"44";"sem vítima";"114.7";"BR-050/MG";"Norte";"Colisão Traseira";2;0;0;0;0;0;0;0;0;0;2;0;0;0;0
"12/11/2018";"03:52:00";"142";"com vítima";"140.9";"BR-050/MG";"Sul";"Capotamento";1;0;0;0;0;0;0;0;0;0;0;2;0;0;0
"13/11/2018";"07:01:00";"38";"sem vítima";"178";"BR-050/MG";"Norte";"Colisão Traseira";1;0;1;0;0;0;0;0;0;0;2;0;0;0;0
"13/11/2018";"07:17:00";"39";"sem vítima";"194.8";"BR-050/GO";"Norte";"Saida de Pista";0;0;1;0;0;0;0;0;0;0;1;0;0;0;0
"13/11/2018";"08:01:00";"50";"sem vítima";"137";"BR-050/GO";"Norte";"Choque - Poste";0;0;1;0;0;0;0;0;0;0;1;0;0;0;0
"13/11/2018";"12:56:00";"118";"sem vítima";"195.3";"BR-050/MG";"Sul";"Colisão Traseira";2;0;0;0;0;0;0;0;0;0;5;0;0;0;0
"13/11/2018";"02:16:00";"130";"sem vítima";"174.6";"BR-050/MG";"Norte";"Choque - Defensa, barreira ou meio fio";1;0;0;0;0;0;0;0;0;0;1;0;0;0;0
"13/11/2018";"04:37:00";"148";"com vítima";"132.8";"BR-050/GO";"Sul";"Choque - Suporte de Sinalização";1;0;0;0;0;0;0;0;0;0;3;1;0;0;0
"14/11/2018";"04:38:00";"25";"com vítima";"16.995";"BR-050/MG";"Norte";"Choque - Talude";0;0;1;0;0;0;0;0;0;0;0;1;0;0;0
"14/11/2018";"12:45:00";"122";"sem vítima";"17.9";"CT-UDI-MG";"Norte";"Capotamento";1;0;0;0;0;0;0;0;0;0;2;0;0;0;0
"14/11/2018";"12:56:00";"125";"sem vítima";"17.9";"CT-UDI-MG";"Norte";"Choque - Defensa, barreira ou meio fio";1;0;0;0;0;0;0;0;0;0;1;0;0;0;0
"14/11/2018";"01:32:00";"133";"sem vítima";"11.1";"CT-UDI-MG";"Sul";"Saida de Pista";1;0;1;0;0;0;0;0;0;0;5;0;0;0;0
"14/11/2018";"03:13:00";"148";"sem vítima";"10.15";"BR-050/MG";"Norte";"Capotamento";1;0;0;0;0;0;0;0;0;0;1;0;0;0;0
"14/11/2018";"04:25:00";"159";"sem vítima";"203";"BR-050/MG";"Sul";"Choque - Defensa, barreira ou meio fio";0;0;0;0;0;0;0;0;0;1;1;0;0;0;0
"14/11/2018";"06:49:00";"180";"com vítima";"133.99";"BR-050/MG";"Sul";"Choque - Defensa, barreira ou meio fio";1;0;0;0;0;0;0;0;0;0;0;1;0;0;0
"15/11/2018";"10:35:00";"110";"com vítima";"151";"BR-050/MG";"Norte";"Queda de Moto";0;0;0;1;0;0;0;0;0;0;0;1;0;0;0
"15/11/2018";"11:48:00";"123";"com vítima";"181";"BR-050/MG";"Norte";"Colisão Lateral";0;0;1;1;0;0;0;0;0;0;1;1;0;0;0
"15/11/2018";"12:19:00";"127";"com vítima";"55.2";"BR-050/MG";"Norte";"Queda de Ciclista";0;1;0;0;0;0;0;0;0;0;0;1;0;0;0
"15/11/2018";"04:58:00";"176";"sem vítima";"144.2";"BR-050/MG";"Sul";"Choque - Elemento de Drenagem";1;0;0;0;0;0;0;0;0;0;2;0;0;0;0
"15/11/2018";"06:00:00";"185";"sem vítima";"136.24";"BR-050/MG";"Sul";"Saida de Pista";0;0;0;0;0;0;0;0;0;1;1;0;0;0;0
"15/11/2018";"09:55:00";"231";"sem vítima";"116.4";"BR-050/MG";"Sul";"Choque - Elemento de Drenagem";0;0;1;0;0;0;0;0;0;0;1;0;0;0;0
"16/11/2018";"02:07:00";"108";"com vítima";"221.3";"BR-050/GO";"Sul";"Colisão Traseira";0;0;1;0;0;0;0;0;0;1;1;0;1;0;0
"16/11/2018";"06:54:00";"153";"com vítima";"24.8";"BR-050/MG";"Norte";"Queda de Moto";0;0;0;1;0;0;0;0;0;0;1;1;0;0;0
"17/11/2018";"07:48:00";"41";"com vítima";"123.3";"BR-050/GO";"Sul";"Choque - Talude";1;0;0;0;0;0;0;0;0;0;0;0;1;0;0
"18/11/2018";"11:40:00";"72";"sem vítima";"61";"BR-050/MG";"Norte";"Colisão Lateral";1;0;1;0;0;0;0;0;0;0;5;0;0;0;0
"18/11/2018";"07:55:00";"165";"com vítima";"14.8";"CT-UDI-MG";"Sul";"Tombamento";0;0;1;0;0;0;0;0;0;0;0;0;0;0;1
"18/11/2018";"08:43:00";"171";"sem vítima";"194.8";"BR-050/MG";"Sul";"Choque - Defensa, barreira ou meio fio";1;0;0;0;0;0;0;0;0;0;2;0;0;0;0
"19/11/2018";"09:19:00";"72";"sem vítima";"186";"BR-050/MG";"Sul";"Choque - Obstáculo Fixo";1;0;0;0;0;0;0;0;0;1;2;0;0;0;0
"19/11/2018";"10:54:00";"96";"sem vítima";"177.8";"BR-050/MG";"Sul";"Colisão Traseira";2;0;0;0;0;0;0;0;0;0;2;0;0;0;0
"19/11/2018";"06:55:00";"181";"com vítima";"1";"BR-050/MG";"Sul";"Tombamento";0;0;1;0;0;0;0;0;0;0;0;1;0;0;0
"19/11/2018";"07:02:00";"184";"sem vítima";"23.2";"BR-050/MG";"Sul";"Choque - Talude";0;0;0;0;0;0;0;0;0;1;1;0;0;0;0
"20/11/2018";"12:06:00";"1";"sem vítima";"179";"BR-050/MG";"Norte";"Choque - Obstáculo Fixo";0;0;1;0;0;0;0;0;0;0;1;0;0;0;0
"20/11/2018";"12:39:00";"9";"com vítima";"279.5";"BR-050/GO";"Norte";"Queda de Moto";0;0;0;1;0;0;0;0;0;0;0;1;0;0;0
"20/11/2018";"08:04:00";"44";"sem vítima";"39";"BR-050/MG";"Norte";"Choque - Veiculo parado na pista";0;0;2;0;0;0;0;0;0;0;2;0;0;0;0
"20/11/2018";"09:38:00";"70";"sem vítima";"311.4";"BR-050/GO";"Norte";"Colisão Traseira";1;0;0;0;0;1;0;0;0;0;2;0;0;0;0
"20/11/2018";"12:44:00";"96";"sem vítima";"306.6";"BR-050/GO";"Sul";"Saida de Pista";0;0;1;0;0;0;0;0;0;0;2;0;0;0;0
"20/11/2018";"06:47:00";"151";"com vítima";"118.05";"BR-050/MG";"Norte";"Capotamento";1;0;0;0;0;0;0;0;0;0;0;5;0;0;0
"21/11/2018";"06:23:00";"31";"sem vítima";"19.4";"BR-050/MG";"Sul";"Saida de Pista";0;0;0;0;0;0;0;0;0;1;1;0;0;0;0
"21/11/2018";"06:46:00";"33";"com vítima";"65";"BR-050/MG";"Sul";"Choque - Talude";0;0;0;1;0;0;0;0;0;0;0;1;0;0;0
"21/11/2018";"09:25:00";"65";"sem vítima";"32";"BR-050/MG";"Norte";"Colisão Lateral";0;0;1;0;0;0;0;0;0;1;3;0;0;0;0
"21/11/2018";"12:13:00";"115";"sem vítima";"158.12";"BR-050/MG";"Sul";"Saida de Pista";0;0;0;0;0;0;0;0;0;1;2;0;0;0;0
"21/11/2018";"12:13:00";"116";"sem vítima";"158.3";"BR-050/MG";"Sul";"Tombamento";0;0;0;0;0;0;0;0;0;1;1;0;0;0;0
"21/11/2018";"03:24:00";"145";"sem vítima";"61";"BR-050/MG";"Norte";"Colisão Lateral";0;0;0;1;0;1;0;0;0;0;2;0;0;0;0
"22/11/2018";"02:17:00";"24";"com vítima";"259.5";"BR-050/GO";"Sul";"Capotamento";1;0;0;0;0;0;0;0;0;0;0;2;0;0;0
"22/11/2018";"04:05:00";"31";"com vítima";"307";"BR-050/GO";"Sul";"Colisão Frontal";0;0;1;0;0;0;0;0;0;1;2;0;2;0;0
"22/11/2018";"05:36:00";"35";"sem vítima";"81.2";"BR-050/MG";"Sul";"Atropelamento de Animal";2;0;0;0;0;0;0;0;0;0;3;0;0;0;0
"22/11/2018";"05:36:00";"36";"sem vítima";"81.2";"BR-050/MG";"Sul";"Atropelamento de Animal";0;0;1;0;0;0;0;0;0;0;1;0;0;0;0
"22/11/2018";"01:40:00";"142";"com vítima";"282.1";"BR-050/GO";"Norte";"Queda de Moto";0;0;0;1;0;0;0;0;0;1;1;1;0;1;0
"23/11/2018";"09:48:00";"100";"sem vítima";"152.05";"BR-050/MG";"Sul";"Saida de Pista";1;0;0;0;0;0;0;0;0;0;1;0;0;0;0
"23/11/2018";"03:18:00";"177";"sem vítima";"200.1";"BR-050/GO";"Sul";"Saida de Pista";0;0;1;0;0;0;0;0;0;0;1;0;0;0;0
"24/11/2018";"12:18:00";"13";"sem vítima";"161";"BR-050/MG";"Norte";"Choque - Defensa, barreira ou meio fio";1;0;0;0;0;0;0;0;0;0;2;0;0;0;0
"24/11/2018";"07:03:00";"41";"com vítima";"5.1";"BR-050/MG";"Norte";"Choque - Suporte de Sinalização";1;0;0;0;0;0;0;0;0;0;4;0;1;0;0
"24/11/2018";"10:47:00";"74";"sem vítima";"194.82";"BR-050/GO";"Sul";"Saida de Pista";1;0;0;0;0;0;0;0;0;0;1;0;0;0;0
"24/11/2018";"12:34:00";"91";"sem vítima";"53.2";"BR-050/MG";"Sul";"Choque - Defensa, barreira ou meio fio";1;0;0;0;0;0;0;0;0;0;3;0;0;0;0
"24/11/2018";"01:24:00";"98";"sem vítima";"206.4";"BR-050/MG";"Sul";"Choque - Obstáculo Fixo";1;0;0;0;0;0;0;0;0;0;2;0;0;0;0
"24/11/2018";"01:32:00";"99";"sem vítima";"47";"BR-050/MG";"Sul";"Choque - Obstáculo Fixo";1;0;0;0;0;0;0;0;0;0;2;0;0;0;0
"24/11/2018";"01:49:00";"100";"sem vítima";"8";"CT-UDI-MG";"Sul";"Choque - Defensa, barreira ou meio fio";0;0;0;0;0;0;0;0;0;1;1;0;0;0;0
"24/11/2018";"02:06:00";"102";"com vítima";"136.5";"BR-050/MG";"Sul";"Capotamento";1;0;0;0;0;0;0;0;0;0;0;0;1;0;1
"24/11/2018";"03:21:00";"112";"com vítima";"276.95";"BR-050/GO";"Sul";"Colisão Transversal";1;0;0;1;0;0;0;0;0;0;1;1;0;0;0
"25/11/2018";"11:16:00";"64";"com vítima";"205.6";"BR-050/MG";"Sul";"Capotamento";1;0;0;0;0;0;0;0;0;0;0;0;1;0;0
"25/11/2018";"01:40:00";"87";"sem vítima";"314";"BR-050/GO";"Norte";"Colisão Traseira";0;0;1;0;0;1;0;0;0;0;2;0;0;0;0
"25/11/2018";"03:21:00";"101";"com vítima";"192";"BR-050/MG";"Norte";"Capotamento";0;0;0;0;0;0;0;0;0;1;0;2;0;0;0
"25/11/2018";"04:38:00";"114";"sem vítima";"173.05";"BR-050/GO";"Sul";"Saida de Pista";1;0;0;0;0;0;0;0;0;0;1;0;0;0;0
"25/11/2018";"04:44:00";"118";"sem vítima";"156";"BR-050/MG";"Sul";"Choque - Suporte de Sinalização";1;0;0;0;0;0;0;0;0;0;1;0;0;0;0
"26/11/2018";"11:43:00";"117";"com vítima";"180";"BR-050/MG";"Sul";"Colisão Traseira";0;0;0;2;0;0;0;0;0;0;1;2;0;0;0
"26/11/2018";"12:06:00";"125";"sem vítima";"3.92";"BR-050/MG";"Sul";"Colisão Traseira";0;0;1;0;0;0;0;0;0;1;3;0;0;0;0
"27/11/2018";"07:50:00";"51";"sem vítima";"136.2";"BR-050/GO";"Norte";"Colisão Traseira";0;0;2;0;0;0;0;0;0;0;2;0;0;0;0
"27/11/2018";"06:53:00";"204";"sem vítima";"306";"BR-050/GO";"Sul";"Choque - Arvore";0;0;1;0;0;1;0;0;0;0;2;0;0;0;0
"27/11/2018";"09:14:00";"226";"com vítima";"118.3";"BR-050/MG";"Norte";"Colisão Traseira";0;0;2;0;0;0;0;0;0;0;1;2;0;0;0
"27/11/2018";"11:20:00";"245";"sem vítima";"103.3";"BR-050/MG";"Sul";"Colisão Lateral";1;0;0;0;0;0;0;0;0;0;4;0;0;0;0
"28/11/2018";"02:42:00";"22";"sem vítima";"3.9";"BR-050/MG";"Sul";"Choque - Elemento de Drenagem";0;0;1;0;0;0;0;0;0;0;1;0;0;0;0