data;horario;n_da_ocorrencia;tipo_de_ocorrencia;km;trecho;sentido;tipo_de_acidente;automovel;bicicleta;caminhao;moto;onibus;outros;tracao_animal;transporte_de_cargas_especiais;trator_maquinas;utilitarios;ilesos;levemente_feridos;moderadamente_feridos;gravemente_feridos;mortos
"01/01/2019";"11:20:00";"45";"sem vítima";"206.62";"BR-050/MG";"Norte";"Colisão Traseira";1;0;0;0;0;0;0;0;0;1;9;0;0;0;0
"01/01/2019";"04:20:00";"77";"com vítima";"175.4";"BR-050/GO";"Norte";"Capotamento";1;0;0;0;0;0;0;0;0;0;0;1;1;0;0
"01/01/2019";"04:27:00";"81";"com vítima";"38";"BR-050/MG";"Norte";"Choque - Poste";0;0;0;0;0;0;0;0;0;1;0;0;2;0;0
"01/01/2019";"05:31:00";"90";"sem vítima";"186.35";"BR-050/MG";"Sul";"Choque - Suporte de Sinalização";1;0;0;0;0;0;0;0;0;0;2;0;0;0;0
"01/01/2019";"08:58:00";"124";"com vítima";"64.5";"BR-050/MG";"Sul";"Choque - Defensa, barreira ou meio fio";1;0;0;0;0;0;0;0;0;0;1;2;0;0;0
"01/01/2019";"10:10:00";"129";"sem vítima";"40";"BR-050/MG";"Norte";"Capotamento";1;0;0;0;1;0;0;0;0;0;4;0;0;0;0
"02/01/2019";"11:01:00";"85";"com vítima";"45";"BR-050/MG";"Sul";"Tombamento";1;0;0;0;0;0;0;0;0;0;0;3;0;0;0
"02/01/2019";"11:45:00";"92";"com vítima";"45.06";"BR-050/MG";"Sul";"Colisão Traseira";1;0;0;0;0;0;0;0;0;1;0;10;0;0;0
"02/01/2019";"07:48:00";"166";"sem vítima";"132";"BR-050/MG";"Norte";"Colisão Traseira";0;0;1;0;0;0;0;0;0;1;2;0;0;0;0
"03/01/2019";"09:37:00";"73";"com vítima";"145.2";"BR-050/MG";"Norte";"Capotamento";1;0;0;0;0;0;0;0;0;0;0;0;2;0;0
"03/01/2019";"01:19:00";"119";"com vítima";"287";"BR-050/GO";"Norte";"Colisão Traseira";1;0;1;0;0;0;0;0;0;0;3;2;0;0;0
"03/01/2019";"11:39:00";"192";"com vítima";"130";"BR-050/MG";"Sul";"Capotamento";1;0;0;0;0;0;0;0;0;0;3;1;0;0;0
"04/01/2019";"09:08:00";"50";"sem vítima";"179";"BR-050/MG";"Norte";"Tombamento";0;0;1;0;0;0;0;0;0;0;1;0;0;0;0
"04/01/2019";"02:01:00";"112";"com vítima";"0.12";"BR-050/MG";"Norte";"Choque - Talude";0;0;1;0;0;0;0;0;0;0;0;1;0;0;0
"04/01/2019";"05:23:00";"162";"com vítima";"7.82";"CT-UDI-MG";"Sul";"Choque - Elemento de Drenagem";0;0;0;1;0;0;0;0;0;0;0;1;0;0;0
"04/01/2019";"09:52:00";"207";"sem vítima";"174.6";"BR-050/MG";"Norte";"Tombamento";1;0;0;0;0;0;0;0;0;0;1;0;0;0;0
"04/01/2019";"11:23:00";"212";"com vítima";"269.4";"BR-050/GO";"Norte";"Queda de Moto";0;0;0;1;0;0;0;0;0;0;0;1;0;0;0
"05/01/2019";"05:05:00";"28";"com vítima";"93.4";"BR-050/MG";"Norte";"Capotamento";0;0;0;0;0;0;0;0;0;1;0;2;1;0;0
"05/01/2019";"08:48:00";"48";"com vítima";"77.02";"BR-050/MG";"Norte";"Colisão Traseira";0;0;1;0;0;0;0;0;0;1;1;1;0;0;0
"05/01/2019";"02:10:00";"108";"sem vítima";"177";"BR-050/MG";"Norte";"Choque - Defensa, barreira ou meio fio";0;0;0;0;0;0;0;0;0;1;1;0;0;0;0
"05/01/2019";"04:41:00";"128";"sem vítima";"15.8";"CT-UDI-MG";"Sul";"Colisão Traseira";2;0;0;0;0;0;0;0;0;0;2;0;0;0;0
"06/01/2019";"06:35:00";"47";"sem vítima";"15.785";"BR-050/MG";"Sul";"Saida de Pista";1;0;0;0;0;0;0;0;0;0;2;0;0;0;0
"06/01/2019";"06:41:00";"49";"com vítima";"39.6";"BR-050/MG";"Sul";"Colisão Traseira";0;0;0;0;0;0;0;0;0;2;8;1;0;0;0
"06/01/2019";"06:49:00";"50";"sem vítima";"210";"BR-050/GO";"Sul";"Colisão Traseira";1;0;0;0;0;0;0;0;0;0;1;0;0;0;0
"06/01/2019";"07:40:00";"54";"com vítima";"169.7";"BR-050/GO";"Norte";"Choque - Arvore";1;0;0;0;0;0;0;0;0;0;1;1;0;0;0
"06/01/2019";"08:31:00";"62";"com vítima";"23.38";"BR-050/MG";"Sul";"Colisão Traseira";1;0;0;0;0;0;0;0;0;0;2;1;0;0;0
"06/01/2019";"08:45:00";"63";"sem vítima";"142.5";"BR-050/MG";"Norte";"Saida de Pista";1;0;0;0;0;0;0;0;0;0;2;0;0;0;0
"06/01/2019";"03:37:00";"140";"com vítima";"155.88";"BR-050/MG";"Sul";"Capotamento";1;0;0;0;0;0;0;0;0;0;0;1;3;0;0
"06/01/2019";"05:42:00";"165";"sem vítima";"178";"BR-050/MG";"Norte";"Colisão Traseira";2;0;0;0;0;0;0;0;0;0;5;0;0;0;0
"07/01/2019";"01:22:00";"117";"sem vítima";"252";"BR-050/GO";"Norte";"Colisão Traseira";1;0;1;0;0;1;0;0;0;0;3;0;0;0;0
"07/01/2019";"02:34:00";"126";"sem vítima";"81";"BR-050/MG";"Norte";"Choque - Defensa, barreira ou meio fio";1;0;0;0;0;0;0;0;0;0;1;0;0;0;0
"07/01/2019";"04:32:00";"152";"com vítima";"107.1";"BR-050/MG";"Norte";"Capotamento";1;0;0;0;0;0;0;0;0;0;0;3;0;0;0
"07/01/2019";"05:09:00";"159";"com vítima";"53.12";"BR-050/MG";"Sul";"Tombamento";0;0;0;0;0;0;0;0;0;1;0;1;0;0;0
"07/01/2019";"10:59:00";"203";"sem vítima";"20.95";"BR-050/MG";"Norte";"Colisão Traseira";1;0;1;0;0;0;0;0;0;0;3;0;0;0;0
"08/01/2019";"08:22:00";"51";"sem vítima";"180";"BR-050/MG";"Sul";"Engavetamento";3;0;0;0;0;0;0;0;0;0;5;0;0;0;0
"08/01/2019";"08:48:00";"54";"com vítima";"176";"BR-050/MG";"Norte";"Colisão Lateral";1;0;1;0;0;0;0;0;0;1;2;2;0;0;0
"08/01/2019";"10:11:00";"70";"sem vítima";"176";"BR-050/MG";"Norte";"Colisão Traseira";2;0;0;0;0;0;0;0;0;0;4;0;0;0;0
"08/01/2019";"11:31:00";"193";"com vítima";"169";"BR-050/GO";"Sul";"Queda de Moto";0;0;0;1;0;0;0;0;0;0;0;1;0;0;0
"09/01/2019";"12:38:00";"9";"com vítima";"77.1";"BR-050/MG";"Sul";"Colisão Lateral";0;0;1;0;1;0;0;0;0;0;58;1;0;0;0
"09/01/2019";"01:51:00";"127";"sem vítima";"147.46";"BR-050/MG";"Sul";"Choque - Obstáculo Fixo";0;0;1;0;0;0;0;0;0;0;1;0;0;0;0
"09/01/2019";"01:56:00";"128";"sem vítima";"312.05";"BR-050/GO";"Norte";"Colisão Traseira";1;0;0;0;0;0;0;0;0;1;6;0;0;0;0
"09/01/2019";"06:37:00";"169";"com vítima";"35.2";"BR-050/MG";"Norte";"Capotamento";1;0;1;0;1;0;0;0;0;0;3;2;0;0;0
"10/01/2019";"07:42:00";"47";"com vítima";"179.8";"BR-050/GO";"Sul";"Choque - Defensa, barreira ou meio fio";0;0;1;0;0;0;0;0;0;0;0;0;1;0;0
"10/01/2019";"10:14:00";"89";"com vítima";"130.46";"BR-050/MG";"Norte";"Capotamento";0;0;0;0;0;0;0;0;0;1;0;4;0;0;0
"10/01/2019";"07:31:00";"202";"sem vítima";"0.5";"BR-050/MG";"Sul";"Colisão Lateral";0;0;1;0;0;0;0;0;0;1;3;0;0;0;0
"11/01/2019";"04:36:00";"34";"com vítima";"190.66";"BR-050/MG";"Sul";"Atropelamento - Andarilho";0;0;0;0;0;1;0;0;0;0;1;0;0;0;1
"11/01/2019";"10:50:00";"99";"com vítima";"204.36";"BR-050/GO";"Sul";"Capotamento";1;0;0;0;0;0;0;0;0;0;0;1;2;0;0
"11/01/2019";"01:23:00";"130";"com vítima";"176";"BR-050/MG";"Norte";"Tombamento";0;0;1;0;0;0;0;0;0;0;0;1;0;0;0
"11/01/2019";"03:57:00";"155";"sem vítima";"99.15";"BR-050/MG";"Norte";"Saida de Pista";1;0;0;0;0;0;0;0;0;0;2;0;0;0;0
"11/01/2019";"08:46:00";"205";"sem vítima";"168.1";"BR-050/MG";"Sul";"Saida de Pista";1;0;0;0;0;0;0;0;0;0;1;0;0;0;0
"11/01/2019";"09:00:00";"211";"sem vítima";"57.55";"BR-050/MG";"Norte";"Saida de Pista";1;0;0;0;0;0;0;0;0;0;1;0;0;0;0
"12/01/2019";"01:00:00";"12";"sem vítima";"51.78";"BR-050/MG";"Norte";"Choque - Suporte de Sinalização";1;0;0;0;0;0;0;0;0;0;1;0;0;0;0
"12/01/2019";"05:20:00";"27";"sem vítima";"189.95";"BR-050/MG";"Sul";"Choque - Talude";0;0;1;0;0;0;0;0;0;0;1;0;0;0;0
"12/01/2019";"06:14:00";"31";"sem vítima";"159.5";"BR-050/MG";"Norte";"Colisão Lateral";1;0;1;0;0;0;0;0;0;0;4;0;0;0;0
"12/01/2019";"08:33:00";"47";"com vítima";"64";"BR-050/MG";"Norte";"Colisão Traseira";1;0;1;0;0;1;0;0;0;0;3;0;2;0;0
"12/01/2019";"04:32:00";"136";"sem vítima";"60.9";"BR-050/MG";"Sul";"Capotamento";1;0;0;0;0;0;0;0;0;0;4;0;0;0;0
"12/01/2019";"06:05:00";"149";"com vítima";"265";"BR-050/GO";"Sul";"Choque - Suporte de Sinalização";0;0;0;0;1;0;0;0;0;0;46;1;1;0;0
"13/01/2019";"02:52:00";"23";"com vítima";"162.6";"BR-050/MG";"Sul";"Choque - Suporte de Sinalização";1;0;0;0;0;0;0;0;0;0;0;1;0;0;0
"13/01/2019";"04:10:00";"26";"sem vítima";"15";"BR-050/MG";"Norte";"Choque - Defensa, barreira ou meio fio";1;0;0;0;0;0;0;0;0;0;1;0;0;0;0
"13/01/2019";"06:41:00";"134";"sem vítima";"175";"BR-050/MG";"Sul";"Capotamento";1;0;0;0;0;0;0;0;0;0;1;0;0;0;0
"13/01/2019";"06:57:00";"137";"sem vítima";"6.5";"CT-UDI-MG";"Norte";"Choque - Defensa, barreira ou meio fio";1;0;0;0;0;0;0;0;0;0;3;0;0;0;0
"13/01/2019";"07:54:00";"149";"sem vítima";"105";"BR-050/MG";"Norte";"Colisão Traseira";2;0;0;0;0;0;0;0;0;0;10;0;0;0;0
"13/01/2019";"10:33:00";"167";"sem vítima";"186.92";"BR-050/MG";"Sul";"Atropelamento de Animal";1;0;0;0;0;0;0;0;0;0;2;0;0;0;0
"14/01/2019";"08:21:00";"48";"com vítima";"148.32";"BR-050/MG";"Sul";"Capotamento";1;0;0;0;0;0;0;0;0;0;0;2;0;0;0
"14/01/2019";"10:17:00";"204";"com vítima";"97";"BR-050/MG";"Norte";"Colisão Traseira";0;0;1;0;0;0;0;0;0;1;1;4;0;0;0
"15/01/2019";"05:27:00";"34";"com vítima";"295.1";"BR-050/GO";"Norte";"Colisão Frontal";2;0;0;0;0;0;0;0;0;0;0;0;0;3;3
"15/01/2019";"07:55:00";"49";"sem vítima";"172.2";"BR-050/MG";"Norte";"Choque - Defensa, barreira ou meio fio";1;0;0;0;0;0;0;0;0;0;1;0;0;0;0
"15/01/2019";"09:15:00";"65";"com vítima";"38";"BR-050/MG";"Sul";"Colisão Traseira";0;0;1;0;0;0;0;0;0;1;1;1;0;0;0
"15/01/2019";"02:45:00";"126";"com vítima";"53";"BR-050/MG";"Norte";"Colisão Traseira";0;1;1;0;0;0;0;0;0;0;1;1;0;0;0
"16/01/2019";"07:40:00";"39";"com vítima";"174";"BR-050/MG";"Norte";"Queda de Moto";0;0;0;1;0;0;0;0;0;0;0;2;0;0;0
"16/01/2019";"08:42:00";"49";"sem vítima";"269.85";"BR-050/GO";"Sul";"Colisão Transversal";1;0;1;0;0;0;0;0;0;0;2;0;0;0;0
"16/01/2019";"06:21:00";"157";"com vítima";"283";"BR-050/GO";"Sul";"Colisão Transversal";1;0;0;1;0;0;0;0;0;0;2;1;0;0;0
"16/01/2019";"09:39:00";"190";"com vítima";"179";"BR-050/MG";"Sul";"Colisão Traseira";2;0;0;0;0;0;0;0;0;0;2;1;0;0;0
"17/01/2019";"02:04:00";"124";"sem vítima";"195.38";"BR-050/GO";"Sul";"Tombamento";0;0;1;0;0;0;0;0;0;0;1;0;0;0;0
"17/01/2019";"08:11:00";"175";"sem vítima";"3.8";"BR-050/MG";"Sul";"Colisão Lateral";1;0;1;0;0;0;0;0;0;0;2;0;0;0;0
"18/01/2019";"02:26:00";"117";"com vítima";"267.3";"BR-050/GO";"Norte";"Colisão Frontal";1;0;0;0;0;0;0;0;0;1;0;2;2;0;2
"18/01/2019";"03:04:00";"124";"com vítima";"19.13";"CT-UDI-MG";"Norte";"Choque - Veiculo parado no acostamento";1;0;1;0;0;0;0;0;0;0;0;3;1;0;0
"19/01/2019";"12:21:00";"12";"sem vítima";"163.65";"BR-050/MG";"Sul";"Atropelamento de Animal";1;0;0;0;0;0;0;0;0;0;3;0;0;0;0
"19/01/2019";"05:40:00";"34";"com vítima";"54.23";"BR-050/MG";"Sul";"Tombamento";0;0;1;0;0;0;0;0;0;0;0;0;1;0;0
"19/01/2019";"01:39:00";"110";"sem vítima";"168.5";"BR-050/MG";"Sul";"Choque - Defensa, barreira ou meio fio";1;0;0;0;0;0;0;0;0;0;1;0;0;0;0
"19/01/2019";"03:18:00";"121";"sem vítima";"307.3";"BR-050/GO";"Norte";"Saida de Pista";1;0;0;0;0;1;0;0;0;0;4;0;0;0;0
"19/01/2019";"05:01:00";"140";"com vítima";"18";"CT-UDI-MG";"Sul";"Colisão Lateral";0;1;0;0;0;1;0;0;0;1;3;1;0;0;0
"19/01/2019";"06:47:00";"155";"sem vítima";"36";"BR-050/MG";"Sul";"Choque - Defensa, barreira ou meio fio";0;0;0;0;0;0;0;0;0;1;2;0;0;0;0
"19/01/2019";"09:24:00";"186";"sem vítima";"175.3";"BR-050/MG";"Norte";"Capotamento";0;0;0;0;0;0;0;0;0;1;1;0;0;0;0
"19/01/2019";"10:00:00";"192";"sem vítima";"177.2";"BR-050/MG";"Sul";"Tombamento";0;0;1;0;0;0;0;0;0;0;1;0;0;0;0
"20/01/2019";"06:44:00";"39";"sem vítima";"6.7";"BR-050/MG";"Sul";"Saida de Pista";1;0;0;0;0;0;0;0;0;0;4;0;0;0;0
"20/01/2019";"08:35:00";"46";"com vítima";"175.9";"BR-050/MG";"Sul";"Queda de Moto";0;0;0;1;0;0;0;0;0;0;0;2;0;0;0
"20/01/2019";"03:36:00";"114";"com vítima";"302";"BR-050/GO";"Sul";"Capotamento";1;0;0;0;0;0;0;0;0;0;2;1;0;0;0
"20/01/2019";"03:53:00";"117";"sem vítima";"148.4";"BR-050/MG";"Sul";"Tombamento";0;0;1;0;0;0;0;0;0;0;2;0;0;0;0
"20/01/2019";"04:03:00";"121";"com vítima";"184.28";"BR-050/GO";"Norte";"Capotamento";1;0;0;0;0;0;0;0;0;0;2;2;0;0;0
"20/01/2019";"08:26:00";"183";"sem vítima";"100.1";"BR-050/GO";"Norte";"Saida de Pista";1;0;0;0;0;0;0;0;0;0;3;0;0;0;0
"20/01/2019";"08:27:00";"184";"sem vítima";"169.8";"BR-050/MG";"Sul";"Choque - Defensa, barreira ou meio fio";0;0;0;0;0;0;0;0;0;1;2;0;0;0;0
"20/01/2019";"09:50:00";"198";"sem vítima";"176.5";"BR-050/MG";"Sul";"Colisão Traseira";1;0;0;0;0;0;0;0;0;1;2;0;0;0;0
"21/01/2019";"01:44:00";"23";"sem vítima";"119";"BR-050/MG";"Norte";"Colisão Traseira";1;0;1;0;0;0;0;0;0;0;3;0;0;0;0
"21/01/2019";"02:38:00";"29";"sem vítima";"124.5";"BR-050/MG";"Norte";"Saida de Pista";1;0;0;0;0;0;0;0;0;0;2;0;0;0;0
"21/01/2019";"10:43:00";"189";"sem vítima";"264.9";"BR-050/GO";"Norte";"Choque - Barranco";0;0;1;0;0;0;0;0;0;0;1;0;0;0;0
"22/01/2019";"08:48:00";"51";"com vítima";"105.32";"BR-050/GO";"Norte";"Colisão Traseira";1;0;1;0;0;0;0;0;0;0;1;2;3;0;0
"23/01/2019";"05:10:00";"31";"com vítima";"195.9";"BR-050/GO";"Norte";"Capotamento";1;0;0;0;0;0;0;0;0;0;0;0;2;0;0
"23/01/2019";"01:22:00";"114";"com vítima";"278.5";"BR-050/GO";"Norte";"Colisão Transversal";0;0;0;2;0;0;0;0;0;0;1;1;0;0;0
"23/01/2019";"01:57:00";"119";"com vítima";"105";"BR-050/MG";"Norte";"Choque - Veiculo parado na pista";1;0;0;0;0;0;0;0;0;1;1;1;0;0;0
"23/01/2019";"08:44:00";"180";"com vítima";"174";"BR-050/MG";"Sul";"Colisão Traseira";1;0;0;0;0;0;0;0;0;1;1;2;1;0;0
"24/01/2019";"09:48:00";"66";"com vítima";"151.08";"BR-050/MG";"Sul";"Capotamento";1;0;0;0;0;0;0;0;0;0;0;3;1;0;0
"24/01/2019";"12:22:00";"91";"sem vítima";"11.5";"BR-050/MG";"Norte";"Capotamento";0;0;0;0;0;0;0;0;0;1;1;0;0;0;0
"24/01/2019";"08:58:00";"187";"com vítima";"48.72";"BR-050/MG";"Sul";"Choque - Talude";0;0;0;1;0;0;0;0;0;0;0;1;0;0;0
"25/01/2019";"07:30:00";"53";"sem vítima";"82.3";"BR-050/MG";"Norte";"Colisão Traseira";1;0;1;0;0;0;0;0;0;0;2;0;0;0;0
"25/01/2019";"10:47:00";"107";"com vítima";"239.48";"BR-050/GO";"Sul";"Tombamento";0;0;1;0;0;0;0;0;0;0;0;1;0;0;0
"25/01/2019";"12:23:00";"129";"sem vítima";"181.97";"BR-050/MG";"Norte";"Colisão Lateral";1;0;1;0;0;0;0;0;0;0;3;0;0;0;0
"25/01/2019";"02:46:00";"161";"sem vítima";"269";"BR-050/GO";"Norte";"Colisão Traseira";2;0;0;0;0;0;0;0;0;0;3;0;0;0;0
"25/01/2019";"05:54:00";"208";"sem vítima";"314";"BR-050/GO";"Norte";"Choque - Defensa, barreira ou meio fio";1;0;0;0;0;0;0;0;0;0;1;0;0;0;0
"26/01/2019";"03:03:00";"25";"sem vítima";"60.8";"BR-050/MG";"Norte";"Carreta deu L";0;0;1;0;0;0;0;0;0;0;3;0;0;0;0
"26/01/2019";"12:07:00";"93";"com vítima";"55.5";"BR-050/MG";"Sul";"Queda de Moto";0;0;0;1;0;0;0;0;0;0;0;1;1;0;0
"26/01/2019";"04:12:00";"119";"sem vítima";"178.98";"BR-050/MG";"Norte";"Choque - Defensa, barreira ou meio fio";1;0;0;0;0;0;0;0;0;0;1;0;0;0;0
"26/01/2019";"05:43:00";"136";"sem vítima";"13.35";"BR-050/MG";"Sul";"Colisão Traseira";0;0;2;0;0;0;0;0;0;0;2;0;0;0;0
"26/01/2019";"06:28:00";"143";"sem vítima";"63.3";"BR-050/MG";"Sul";"Colisão Lateral";1;0;0;0;0;0;0;0;0;1;3;0;0;0;0
"27/01/2019";"02:39:00";"19";"sem vítima";"61.4";"BR-050/MG";"Sul";"Saida de Pista";1;0;0;0;0;0;0;0;0;0;1;0;0;0;0
"27/01/2019";"07:52:00";"123";"sem vítima";"10";"BR-050/MG";"Sul";"Colisão Lateral";0;0;0;1;0;0;0;0;0;1;8;0;0;0;0
"29/01/2019";"06:38:00";"36";"com vítima";"9.95";"CT-UDI-MG";"Norte";"Colisão Traseira";0;0;0;1;1;0;0;0;0;0;12;1;0;0;0
"29/01/2019";"02:25:00";"143";"sem vítima";"11.1";"BR-050/MG";"Sul";"Colisão Lateral";1;0;1;0;0;0;0;0;0;0;6;0;0;0;0
"29/01/2019";"05:16:00";"174";"com vítima";"15.08";"CT-UDI-MG";"Sul";"Queda de Moto";0;0;0;1;0;0;0;0;0;0;0;1;0;0;0
"30/01/2019";"05:43:00";"33";"com vítima";"265";"BR-050/GO";"Norte";"Tombamento";0;0;1;0;0;0;0;0;0;0;0;0;1;0;0
"30/01/2019";"05:42:00";"182";"sem vítima";"29.94";"BR-050/MG";"Norte";"Choque - Defensa, barreira ou meio fio";0;0;0;0;0;0;0;0;0;1;1;0;0;0;0
"31/01/2019";"04:25:00";"35";"sem vítima";"53.5";"BR-050/MG";"Norte";"Choque - Elemento de Drenagem";1;0;0;0;0;0;0;0;0;0;1;0;0;0;0
"31/01/2019";"07:57:00";"55";"com vítima";"154.46";"BR-050/MG";"Sul";"Capotamento";1;0;0;0;0;0;0;0;0;0;0;1;0;0;0
"31/01/2019";"05:30:00";"161";"com vítima";"99.95";"BR-050/MG";"Norte";"Colisão Traseira";0;0;2;0;0;0;0;0;0;0;0;1;1;0;0
"01/02/2019";"04:08:00";"145";"sem vítima";"115.6";"BR-050/MG";"Sul";"Choque - Elemento de Drenagem";1;0;0;0;0;0;0;0;0;0;2;0;0;0;0
"01/02/2019";"04:38:00";"153";"sem vítima";"281";"BR-050/GO";"Norte";"Colisão Traseira";1;0;0;0;0;1;0;0;0;0;2;0;0;0;0
"01/02/2019";"09:11:00";"196";"com vítima";"152.85";"BR-050/MG";"Sul";"Queda de Moto";0;0;0;1;0;0;0;0;0;0;0;0;1;0;0
"02/02/2019";"02:32:00";"19";"sem vítima";"177.2";"BR-050/MG";"Sul";"Choque - Elemento de Drenagem";1;0;0;0;0;0;0;0;0;0;2;0;0;0;0
"02/02/2019";"06:49:00";"36";"com vítima";"33.5";"BR-050/MG";"Norte";"Choque - Defensa, barreira ou meio fio";0;0;0;1;0;0;0;0;0;0;1;0;1;0;0
"02/02/2019";"06:51:00";"37";"sem vítima";"63";"BR-050/MG";"Sul";"Colisão Transversal";0;0;0;1;0;1;0;0;0;0;2;0;0;0;0
"03/02/2019";"03:53:00";"30";"com vítima";"171.8";"BR-050/MG";"Norte";"Capotamento";1;0;0;0;0;0;0;0;0;0;0;3;1;0;0
"03/02/2019";"07:23:00";"161";"sem vítima";"79.06";"BR-050/MG";"Sul";"Saida de Pista";0;0;0;0;0;0;0;0;0;1;1;0;0;0;0
"04/02/2019";"05:51:00";"23";"sem vítima";"116.9";"BR-050/GO";"Norte";"Colisão Traseira";0;0;2;0;0;0;0;0;0;0;2;0;0;0;0
"04/02/2019";"02:43:00";"115";"com vítima";"61.65";"BR-050/MG";"Sul";"Choque - Arvore";0;0;1;0;0;0;0;0;0;0;0;1;0;0;0
"04/02/2019";"05:33:00";"140";"sem vítima";"51";"BR-050/MG";"Sul";"Colisão Traseira";1;0;1;0;0;0;0;0;0;0;2;0;0;0;0
"04/02/2019";"09:04:00";"174";"sem vítima";"106";"BR-050/GO";"Norte";"Tombamento";0;0;1;0;0;0;0;0;0;0;1;0;0;0;0
"05/02/2019";"12:19:00";"9";"sem vítima";"270";"BR-050/GO";"Sul";"Capotamento";1;0;0;0;0;0;0;0;0;0;1;0;0;0;0
"05/02/2019";"09:55:00";"77";"sem vítima";"84";"BR-050/MG";"Norte";"Queda de Moto";0;0;0;1;0;0;0;0;0;0;1;0;0;0;0
"05/02/2019";"12:51:00";"112";"sem vítima";"40";"BR-050/MG";"Norte";"Colisão Lateral";1;0;0;0;0;0;0;0;0;1;2;0;0;0;0
"05/02/2019";"03:20:00";"132";"sem vítima";"97.6";"BR-050/MG";"Sul";"Choque - Elemento de Drenagem";1;0;0;0;0;0;0;0;0;0;2;0;0;0;0
"05/02/2019";"04:16:00";"140";"com vítima";"174";"BR-050/MG";"Norte";"Queda de Moto";0;0;0;1;0;0;0;0;0;0;0;1;0;0;0
"05/02/2019";"04:26:00";"144";"sem vítima";"47.6";"BR-050/MG";"Sul";"Choque - Talude";1;0;0;0;0;0;0;0;0;0;1;0;0;0;0
"05/02/2019";"05:19:00";"149";"com vítima";"148.2";"BR-050/MG";"Sul";"Tombamento";0;0;1;0;0;0;0;0;0;0;0;1;0;0;0
"06/02/2019";"02:40:00";"118";"com vítima";"271.86";"BR-050/GO";"Norte";"Queda de Moto";0;0;0;1;0;0;0;0;0;0;0;1;0;0;0
"06/02/2019";"04:23:00";"133";"sem vítima";"8.28";"CT-UDI-MG";"Sul";"Saida de Pista";1;0;0;0;0;0;0;0;0;0;1;0;0;0;0
"06/02/2019";"05:07:00";"143";"sem vítima";"102.9";"BR-050/GO";"Sul";"Colisão Lateral";0;0;1;0;0;0;0;0;0;1;3;0;0;0;0
"06/02/2019";"06:30:00";"155";"sem vítima";"126.7";"BR-050/MG";"Sul";"Choque - Defensa, barreira ou meio fio";0;0;0;0;0;0;0;0;0;1;1;0;0;0;0
"07/02/2019";"05:10:00";"31";"sem vítima";"106.05";"BR-050/GO";"Norte";"Capotamento";0;0;0;0;0;0;0;0;0;1;1;0;0;0;0
"07/02/2019";"08:09:00";"51";"sem vítima";"138.49";"BR-050/MG";"Sul";"Queda de Moto";0;0;0;1;0;0;0;0;0;0;1;0;0;0;0
"08/02/2019";"02:01:00";"20";"com vítima";"107.6";"BR-050/GO";"Sul";"Capotamento";0;0;0;0;0;0;0;0;0;1;3;1;0;0;0
"08/02/2019";"05:36:00";"37";"sem vítima";"146";"BR-050/MG";"Sul";"Choque - Obstáculo Fixo";1;0;0;0;0;0;0;0;0;0;2;0;0;0;0
"08/02/2019";"12:45:00";"110";"sem vítima";"234.66";"BR-050/GO";"Sul";"Saida de Pista";1;0;0;0;0;0;0;0;0;0;3;0;0;0;0
"08/02/2019";"01:42:00";"119";"com vítima";"101";"BR-050/MG";"Sul";"Colisão Transversal";3;0;1;0;0;0;0;0;0;0;2;3;0;0;0
"08/02/2019";"02:28:00";"127";"com vítima";"21.45";"CT-UDI-MG";"Sul";"Colisão Lateral";1;0;0;0;0;0;0;0;0;1;4;1;0;0;0
"08/02/2019";"02:32:00";"128";"com vítima";"18.45";"CT-UDI-MG";"Sul";"Choque - Defensa, barreira ou meio fio";1;0;0;0;0;0;0;0;0;0;0;1;1;0;0
"09/02/2019";"06:35:00";"38";"com vítima";"157.3";"BR-050/MG";"Sul";"Colisão Lateral";1;0;0;1;0;0;0;0;0;0;1;1;1;0;0
"09/02/2019";"03:46:00";"128";"com vítima";"128.84";"BR-050/MG";"Norte";"Capotamento";1;0;0;0;0;0;0;0;0;0;0;2;0;0;0
"09/02/2019";"05:04:00";"138";"sem vítima";"51";"BR-050/MG";"Sul";"Colisão Traseira";1;0;1;0;0;0;0;0;0;0;6;0;0;0;0
"10/02/2019";"09:40:00";"54";"com vítima";"239.5";"BR-050/GO";"Sul";"Tombamento";0;0;1;0;0;0;0;0;0;0;0;1;0;0;0
"10/02/2019";"11:14:00";"64";"sem vítima";"261.82";"BR-050/GO";"Sul";"Choque - Arvore";1;0;0;0;0;0;0;0;0;0;5;0;0;0;0
"10/02/2019";"01:06:00";"78";"sem vítima";"149.5";"BR-050/GO";"Norte";"Choque - Elemento de Drenagem";1;0;0;0;0;0;0;0;0;0;3;0;0;0;0
"10/02/2019";"04:19:00";"105";"sem vítima";"42.8";"BR-050/MG";"Sul";"Atropelamento de Animal";1;0;0;0;0;0;0;0;0;0;3;0;0;0;0
"10/02/2019";"05:29:00";"116";"sem vítima";"96.9";"BR-050/GO";"Sul";"Colisão Traseira";1;0;0;0;0;1;0;0;0;0;2;0;0;0;0