data;horario;n_da_ocorrencia;tipo_de_ocorrencia;km;trecho;sentido;tipo_de_acidente;automovel;bicicleta;caminhao;moto;onibus;outros;tracao_animal;transporte_de_cargas_especiais;trator_maquinas;utilitarios;ilesos;levemente_feridos;moderadamente_feridos;gravemente_feridos;mortos
"11/07/2019";"09:57:00";"67";"com vítima";"99.9";"BR-050/GO";"Sul";"Colisão Transversal";1;0;0;0;0;0;0;0;0;1;5;1;0;0;0
"11/07/2019";"01:27:00";"109";"com vítima";"97.8";"BR-050/GO";"Norte";"Capotamento";2;0;0;0;0;0;0;0;0;0;1;1;0;0;0
"11/07/2019";"07:43:00";"183";"com vítima";"281";"BR-050/GO";"Sul";"Colisão Transversal";1;0;1;0;0;0;0;0;0;0;1;1;0;0;0
"12/07/2019";"12:47:00";"7";"com vítima";"113";"BR-050/MG";"Norte";"Colisão Traseira";0;0;2;0;0;0;0;0;0;0;1;1;0;0;0
"13/07/2019";"05:32:00";"18";"sem vítima";"263.2";"BR-050/GO";"Sul";"Capotamento";1;0;0;0;0;0;0;0;0;0;2;0;0;0;0
"13/07/2019";"09:00:00";"40";"sem vítima";"150";"BR-050/GO";"Norte";"Colisão Traseira";0;0;2;0;0;0;0;0;0;0;2;0;0;0;0
"13/07/2019";"11:51:00";"61";"sem vítima";"77.36";"BR-050/MG";"Sul";"Colisão Traseira";1;0;0;0;0;1;0;0;0;1;3;0;0;0;0
"13/07/2019";"04:21:00";"116";"sem vítima";"10.24";"BR-050/MG";"Norte";"Queda de Moto";0;0;0;1;0;0;0;0;0;0;2;0;0;0;0
"14/07/2019";"09:58:00";"42";"sem vítima";"159.85";"BR-050/MG";"Sul";"Choque - Suporte de Sinalização";1;0;0;0;0;0;0;0;0;0;1;0;0;0;0
"15/07/2019";"10:45:00";"80";"sem vítima";"174.98";"BR-050/MG";"Norte";"Choque - Defensa, barreira ou meio fio";1;0;0;0;0;0;0;0;0;0;5;0;0;0;0
"15/07/2019";"11:26:00";"83";"sem vítima";"117.3";"BR-050/MG";"Sul";"Capotamento";1;0;0;0;0;0;0;0;0;0;3;0;0;0;0
"15/07/2019";"12:06:00";"94";"com vítima";"133";"BR-050/MG";"Sul";"Choque - Talude";1;0;0;0;0;0;0;0;0;0;0;1;0;0;0
"16/07/2019";"01:06:00";"11";"sem vítima";"303.16";"BR-050/GO";"Norte";"Atropelamento de Animal";0;0;0;0;0;0;0;0;0;1;3;0;0;0;0
"17/07/2019";"07:59:00";"44";"com vítima";"21.3";"CT-UDI-MG";"Norte";"Colisão Traseira";0;0;0;1;0;1;0;0;0;0;1;0;1;0;0
"17/07/2019";"09:49:00";"71";"sem vítima";"293.58";"BR-050/GO";"Norte";"Choque - Obstáculo Fixo";0;0;0;0;0;1;0;0;0;0;1;0;0;0;0
"17/07/2019";"12:12:00";"97";"com vítima";"117.95";"BR-050/GO";"Norte";"Colisão Transversal";1;1;0;0;0;0;0;0;0;0;2;1;0;0;0
"17/07/2019";"12:19:00";"98";"com vítima";"130.42";"BR-050/MG";"Norte";"Capotamento";1;0;0;0;0;0;0;0;0;0;0;5;0;0;0
"17/07/2019";"10:45:00";"197";"sem vítima";"102.5";"BR-050/GO";"Norte";"Choque - Arvore";1;0;0;0;0;0;0;0;0;0;1;0;0;0;0
"18/07/2019";"04:09:00";"117";"sem vítima";"82";"BR-050/MG";"Norte";"Tombamento";0;0;1;0;0;0;0;0;0;0;1;0;0;0;0
"18/07/2019";"06:30:00";"145";"com vítima";"185";"BR-050/GO";"Norte";"Choque - Veiculo parado no acostamento";0;0;0;3;0;0;0;0;0;0;2;0;1;0;0
"19/07/2019";"02:26:00";"10";"com vítima";"179";"BR-050/MG";"Norte";"Capotamento";0;0;0;0;0;0;0;0;0;1;0;0;0;1;0
"19/07/2019";"11:13:00";"66";"com vítima";"112.75";"BR-050/GO";"Norte";"Colisão Lateral";0;0;1;1;0;0;0;0;0;0;5;0;2;0;0
"19/07/2019";"06:33:00";"147";"sem vítima";"280.3";"BR-050/GO";"Norte";"Colisão Transversal";0;0;0;2;0;0;0;0;0;0;2;0;0;0;0
"19/07/2019";"07:11:00";"154";"sem vítima";"13.5";"BR-050/MG";"Sul";"Atropelamento de Animal";0;0;0;0;0;0;0;0;0;1;1;0;0;0;0
"19/07/2019";"07:14:00";"155";"sem vítima";"29";"BR-050/MG";"Norte";"Choque - Obstáculo Fixo";1;0;0;0;0;0;0;0;0;0;1;0;0;0;0
"20/07/2019";"06:16:00";"34";"com vítima";"43.2";"BR-050/MG";"Sul";"Queda de Moto";0;0;0;1;0;0;0;0;0;0;0;1;0;0;0
"20/07/2019";"01:13:00";"93";"sem vítima";"48.1";"BR-050/MG";"Norte";"Colisão Traseira";2;0;0;0;0;0;0;0;0;0;4;0;0;0;0
"20/07/2019";"01:21:00";"96";"sem vítima";"47.8";"BR-050/MG";"Norte";"Colisão Transversal";1;0;0;0;0;1;0;0;0;0;3;0;0;0;0
"20/07/2019";"06:56:00";"147";"com vítima";"98.3";"BR-050/GO";"Sul";"Atropelamento de Animal";0;0;0;1;0;0;0;0;0;0;0;0;1;0;0
"20/07/2019";"08:35:00";"167";"com vítima";"177.6";"BR-050/MG";"Sul";"Queda de Moto";0;0;0;1;0;1;0;0;0;0;1;0;1;0;0
"20/07/2019";"08:54:00";"169";"com vítima";"12.7";"CT-UDI-MG";"Norte";"Colisão Traseira";0;0;0;1;0;1;0;0;0;0;1;1;0;0;0
"20/07/2019";"09:56:00";"171";"com vítima";"8.2";"CT-UDI-MG";"Norte";"Choque - Defensa, barreira ou meio fio";1;0;0;0;0;0;0;0;0;0;1;1;0;0;0
"21/07/2019";"11:21:00";"60";"sem vítima";"16.89";"BR-050/MG";"Norte";"Choque - Defensa, barreira ou meio fio";1;0;0;0;0;0;0;0;0;0;2;0;0;0;0
"21/07/2019";"02:29:00";"87";"com vítima";"28.9";"BR-050/MG";"Sul";"Choque - Defensa, barreira ou meio fio";0;0;0;1;0;0;0;0;0;0;0;1;0;0;0
"21/07/2019";"02:47:00";"90";"sem vítima";"28.95";"BR-050/MG";"Sul";"Queda de Moto";0;0;0;1;0;0;0;0;0;0;1;0;0;0;0
"22/07/2019";"09:02:00";"44";"com vítima";"20.46";"CT-UDI-MG";"Norte";"Colisão Traseira";2;0;0;0;0;0;0;0;0;0;2;1;0;0;0
"22/07/2019";"02:31:00";"102";"com vítima";"268.65";"BR-050/GO";"Sul";"Capotamento";1;0;0;0;0;0;0;0;0;0;0;1;2;0;0
"22/07/2019";"04:41:00";"125";"com vítima";"216.7";"BR-050/GO";"Sul";"Queda de Moto";0;0;0;1;0;0;0;0;0;0;0;1;0;0;0
"22/07/2019";"05:32:00";"136";"com vítima";"60.15";"BR-050/MG";"Sul";"Colisão Traseira";0;0;1;1;0;0;0;0;0;0;1;1;0;0;0
"22/07/2019";"06:15:00";"142";"com vítima";"275.9";"BR-050/GO";"Norte";"Choque - Defensa, barreira ou meio fio";1;0;0;0;0;0;0;0;0;0;0;1;0;0;0
"23/07/2019";"05:52:00";"28";"com vítima";"183";"BR-050/MG";"Sul";"Capotamento";1;0;0;0;0;0;0;0;0;0;1;1;0;0;0
"23/07/2019";"06:38:00";"33";"sem vítima";"198";"BR-050/MG";"Sul";"Colisão Lateral";0;0;1;0;0;0;0;0;0;1;4;0;0;0;0
"23/07/2019";"03:50:00";"139";"com vítima";"55.73";"BR-050/MG";"Sul";"Capotamento";1;0;0;0;0;0;0;0;0;0;0;1;0;0;0
"24/07/2019";"05:42:00";"131";"com vítima";"111.338";"BR-050/MG";"Norte";"Capotamento";1;0;0;0;0;0;0;0;0;0;0;2;0;0;0
"24/07/2019";"06:17:00";"135";"sem vítima";"51.4";"BR-050/MG";"Sul";"Colisão Traseira";2;0;0;0;0;0;0;0;0;0;2;0;0;0;0
"25/07/2019";"11:36:00";"79";"com vítima";"201.38";"BR-050/MG";"Sul";"Atropelamento - Morador";1;0;0;0;0;0;0;0;0;0;4;0;0;1;0
"25/07/2019";"02:01:00";"103";"sem vítima";"14.1";"BR-050/MG";"Norte";"Choque - Obstáculo Fixo";0;0;1;0;0;0;0;0;0;0;1;0;0;0;0
"25/07/2019";"03:16:00";"113";"sem vítima";"177";"BR-050/MG";"Norte";"Queda de Moto";0;0;0;1;0;0;0;0;0;0;2;0;0;0;0
"25/07/2019";"03:27:00";"115";"com vítima";"177";"BR-050/MG";"Norte";"Queda de Moto";0;0;0;1;0;0;0;0;0;0;0;1;0;0;0
"25/07/2019";"03:27:00";"116";"com vítima";"177";"BR-050/MG";"Norte";"Queda de Moto";0;0;0;1;0;0;0;0;0;0;0;1;0;0;0
"26/07/2019";"12:11:00";"2";"sem vítima";"83.8";"BR-050/MG";"Sul";"Colisão Traseira";0;0;2;0;0;0;0;0;0;0;2;0;0;0;0
"26/07/2019";"01:03:00";"8";"sem vítima";"2.8";"BR-050/MG";"Sul";"Saida de Pista";0;0;0;0;0;0;0;0;0;1;2;0;0;0;0
"26/07/2019";"07:16:00";"38";"sem vítima";"29.1";"BR-050/MG";"Norte";"Choque - Elemento de Drenagem";1;0;0;0;0;1;0;0;0;0;3;0;0;0;0
"26/07/2019";"07:49:00";"158";"sem vítima";"41.65";"BR-050/MG";"Sul";"Colisão Traseira";1;0;1;0;0;0;0;0;0;0;8;0;0;0;0
"27/07/2019";"04:01:00";"99";"com vítima";"201.46";"BR-050/MG";"Sul";"Choque - Arvore";1;0;0;0;0;0;0;0;0;0;3;1;0;0;0
"27/07/2019";"04:36:00";"104";"com vítima";"245.45";"BR-050/GO";"Norte";"Capotamento";1;0;0;0;0;0;0;0;0;0;2;0;1;0;0
"28/07/2019";"12:03:00";"1";"sem vítima";"179";"BR-050/MG";"Norte";"Choque - Defensa, barreira ou meio fio";1;0;0;0;0;0;0;0;0;0;1;0;0;0;0
"28/07/2019";"05:00:00";"20";"com vítima";"207";"BR-050/MG";"Norte";"Colisão Traseira";2;0;0;0;0;0;0;0;0;0;2;1;0;0;0
"28/07/2019";"02:08:00";"78";"sem vítima";"260.7";"BR-050/GO";"Sul";"Choque - Obstáculo Fixo";0;0;0;0;0;0;0;0;0;1;2;0;0;0;0
"28/07/2019";"04:41:00";"99";"com vítima";"99.8";"BR-050/GO";"Norte";"Colisão Lateral";2;0;0;0;0;0;0;0;0;0;6;1;0;0;0
"28/07/2019";"05:30:00";"106";"com vítima";"233";"BR-050/GO";"Sul";"Colisão Traseira";1;0;0;0;0;1;0;0;0;0;2;0;2;0;0
"28/07/2019";"06:50:00";"116";"com vítima";"193.4";"BR-050/GO";"Norte";"Saida de Pista";0;0;1;0;0;0;0;0;0;0;0;1;0;0;0
"29/07/2019";"01:15:00";"10";"com vítima";"111.15";"BR-050/MG";"Sul";"Colisão Traseira";0;0;2;0;0;0;0;0;0;0;1;0;1;0;0
"29/07/2019";"07:41:00";"35";"com vítima";"42.2";"BR-050/MG";"Sul";"Queda de Ciclista";0;1;0;0;0;0;0;0;0;0;0;1;0;0;0
"29/07/2019";"09:37:00";"56";"sem vítima";"277.02";"BR-050/GO";"Sul";"Colisão Lateral";1;0;1;0;0;0;0;0;0;0;2;0;0;0;0
"29/07/2019";"06:28:00";"158";"sem vítima";"85.1";"BR-050/MG";"Sul";"Colisão Traseira";0;0;0;0;0;1;0;0;0;1;2;0;0;0;0
"30/07/2019";"06:02:00";"133";"sem vítima";"2.5";"BR-050/MG";"Sul";"Saida de Pista";1;0;0;0;0;0;0;0;0;0;1;0;0;0;0
"31/07/2019";"08:42:00";"41";"sem vítima";"178.1";"BR-050/MG";"Norte";"Colisão Lateral";2;0;0;0;0;0;0;0;0;0;5;0;0;0;0
"31/07/2019";"06:23:00";"137";"sem vítima";"85";"BR-050/MG";"Sul";"Colisão Traseira";1;0;0;0;0;0;0;0;0;1;5;0;0;0;0
"31/07/2019";"08:01:00";"162";"com vítima";"105.6";"BR-050/GO";"Norte";"Colisão Lateral";0;0;1;0;1;0;0;0;0;0;17;0;2;0;0
"01/08/2019";"05:21:00";"12";"sem vítima";"272";"BR-050/GO";"Sul";"Saida de Pista";0;0;0;0;0;0;0;0;0;1;2;0;0;0;0
"01/08/2019";"05:26:00";"13";"com vítima";"173.5";"BR-050/MG";"Norte";"Capotamento";1;0;0;0;0;0;0;0;0;0;0;2;0;0;0
"01/08/2019";"11:53:00";"183";"sem vítima";"102.7";"BR-050/GO";"Sul";"Capotamento";0;0;0;0;0;0;0;0;0;1;1;0;0;0;0
"02/08/2019";"08:46:00";"165";"com vítima";"192.9";"BR-050/MG";"Sul";"Colisão Lateral";0;0;1;0;0;0;0;0;0;1;1;1;0;0;0
"03/08/2019";"01:35:00";"12";"sem vítima";"169.65";"BR-050/MG";"Sul";"Atropelamento de Animal";0;0;0;0;1;0;0;0;0;0;8;0;0;0;0
"03/08/2019";"04:23:00";"19";"sem vítima";"21";"CT-UDI-MG";"Norte";"Capotamento";1;0;0;0;0;0;0;0;0;0;1;0;0;0;0
"03/08/2019";"04:57:00";"24";"com vítima";"233.65";"BR-050/GO";"Norte";"Colisão Traseira";0;0;1;0;1;0;0;0;0;0;25;1;0;0;0
"03/08/2019";"08:56:00";"133";"com vítima";"27.86";"BR-050/MG";"Norte";"Choque - Talude";1;0;0;0;0;0;0;0;0;0;0;0;0;0;1
"04/08/2019";"06:41:00";"21";"com vítima";"33.8";"BR-050/MG";"Sul";"Choque - Arvore";1;0;0;0;0;0;0;0;0;0;0;0;1;0;0
"04/08/2019";"11:22:00";"55";"com vítima";"208.7";"BR-050/GO";"Sul";"Queda de Moto";0;0;0;1;0;0;0;0;0;0;0;2;0;0;0
"04/08/2019";"04:22:00";"90";"com vítima";"45";"BR-050/MG";"Sul";"Colisão Lateral";1;0;1;0;0;0;0;0;0;0;1;0;1;0;0
"04/08/2019";"04:29:00";"92";"sem vítima";"45.1";"BR-050/MG";"Sul";"Colisão Lateral";0;0;0;0;0;1;0;0;0;1;4;0;0;0;0
"04/08/2019";"06:36:00";"112";"sem vítima";"207.2";"BR-050/GO";"Sul";"Atropelamento de Animal";0;0;0;0;0;0;0;0;0;1;1;0;0;0;0
"04/08/2019";"08:16:00";"127";"com vítima";"207.5";"BR-050/GO";"Sul";"Queda de Moto";0;0;0;1;0;0;0;0;0;0;0;1;0;0;0
"05/08/2019";"06:43:00";"17";"com vítima";"11.9";"CT-UDI-MG";"Norte";"Queda de Moto";0;0;0;0;0;1;0;0;0;0;1;1;0;0;0
"05/08/2019";"07:28:00";"21";"sem vítima";"105";"BR-050/MG";"Norte";"Choque - Obstáculo Fixo";1;0;0;0;0;0;0;0;0;0;1;0;0;0;0
"05/08/2019";"06:49:00";"122";"com vítima";"54.3";"BR-050/MG";"Sul";"Queda de Moto";0;0;0;1;0;0;0;0;0;0;0;1;0;0;0
"06/08/2019";"06:47:00";"22";"sem vítima";"203.72";"BR-050/MG";"Sul";"Choque - Talude";1;0;0;0;0;0;0;0;0;0;1;0;0;0;0
"06/08/2019";"07:42:00";"30";"sem vítima";"199.28";"BR-050/MG";"Sul";"Choque - Defensa, barreira ou meio fio";0;0;1;0;0;0;0;0;0;0;1;0;0;0;0
"06/08/2019";"01:09:00";"85";"sem vítima";"177";"BR-050/MG";"Norte";"Choque - Defensa, barreira ou meio fio";1;0;0;0;0;1;0;0;0;0;3;0;0;0;0
"06/08/2019";"04:26:00";"112";"sem vítima";"124.36";"BR-050/MG";"Norte";"Choque - Defensa, barreira ou meio fio";1;0;0;0;0;0;0;0;0;0;1;0;0;0;0
"06/08/2019";"05:26:00";"120";"sem vítima";"34";"BR-050/MG";"Sul";"Colisão Traseira";2;0;0;0;0;0;0;0;0;0;4;0;0;0;0
"06/08/2019";"05:39:00";"123";"sem vítima";"96";"BR-050/GO";"Sul";"Colisão Lateral";0;0;1;0;1;0;0;0;0;0;2;0;0;0;0
"07/08/2019";"07:54:00";"37";"sem vítima";"77.3";"BR-050/MG";"Norte";"Choque - Veiculo parado na pista";1;0;0;0;0;0;0;0;0;1;3;0;0;0;0
"07/08/2019";"12:21:00";"84";"sem vítima";"214.6";"BR-050/GO";"Sul";"Choque - Elemento de Drenagem";0;0;1;0;0;0;0;0;0;0;1;0;0;0;0
"07/08/2019";"12:50:00";"87";"com vítima";"272";"BR-050/GO";"Norte";"Tombamento";0;0;1;0;0;0;0;0;0;0;0;1;0;0;0
"07/08/2019";"04:17:00";"124";"sem vítima";"118.78";"BR-050/MG";"Norte";"Colisão Traseira";0;0;2;0;0;0;0;0;0;0;2;0;0;0;0
"08/08/2019";"06:35:00";"24";"com vítima";"280";"BR-050/GO";"Sul";"Colisão Transversal";1;0;0;1;0;0;0;0;0;0;1;1;0;0;0
"08/08/2019";"08:13:00";"35";"sem vítima";"6.38";"BR-050/MG";"Sul";"Tombamento";0;0;1;0;0;0;0;0;0;0;2;0;0;0;0
"08/08/2019";"05:32:00";"123";"sem vítima";"248";"BR-050/GO";"Sul";"Choque - Talude";0;0;1;0;0;0;0;0;0;0;2;0;0;0;0
"08/08/2019";"10:37:00";"157";"sem vítima";"118.95";"BR-050/GO";"Norte";"Colisão Traseira";0;0;2;0;0;0;0;0;0;0;2;0;0;0;0
"09/08/2019";"08:23:00";"39";"sem vítima";"29.94";"BR-050/MG";"Sul";"Colisão Traseira";2;0;0;0;0;0;0;0;0;0;4;0;0;0;0
"10/08/2019";"05:41:00";"141";"sem vítima";"55.46";"BR-050/MG";"Norte";"Choque - Suporte de Sinalização";1;0;0;0;0;0;0;0;0;0;1;0;0;0;0
"10/08/2019";"10:52:00";"178";"com vítima";"22";"BR-050/MG";"Norte";"Queda de Moto";0;0;0;1;0;0;0;0;0;0;1;1;0;0;0
"11/08/2019";"02:26:00";"10";"sem vítima";"258.05";"BR-050/GO";"Sul";"Saida de Pista";0;0;1;0;0;0;0;0;0;0;1;0;0;0;0
"11/08/2019";"09:00:00";"145";"com vítima";"41.025";"BR-050/MG";"Sul";"Choque - Defensa, barreira ou meio fio";0;0;0;0;0;0;0;0;0;1;2;1;0;0;0
"12/08/2019";"05:27:00";"22";"sem vítima";"43.3";"BR-050/MG";"Norte";"Choque - Elemento de Drenagem";1;0;0;0;0;0;0;0;0;0;1;0;0;0;0
"12/08/2019";"06:35:00";"28";"com vítima";"171.7";"BR-050/MG";"Norte";"Queda de Ciclista";0;1;0;0;0;0;0;0;0;0;0;1;0;0;0
"12/08/2019";"01:50:00";"79";"com vítima";"139.4";"BR-050/MG";"Sul";"Capotamento";0;0;0;0;0;0;0;0;0;1;1;1;0;0;0
"12/08/2019";"02:43:00";"90";"sem vítima";"157.78";"BR-050/MG";"Norte";"Choque - Suporte de Sinalização";0;0;0;0;0;0;0;0;0;1;1;0;0;0;0
"13/08/2019";"01:39:00";"92";"com vítima";"313.4";"BR-050/GO";"Sul";"Colisão Transversal";0;0;1;0;0;0;0;0;0;1;2;1;1;0;0
"14/08/2019";"08:28:00";"44";"com vítima";"45.4";"BR-050/MG";"Sul";"Queda de Ciclista";0;1;0;0;0;0;0;0;0;0;0;1;0;0;0
"14/08/2019";"07:01:00";"159";"sem vítima";"279";"BR-050/GO";"Sul";"Colisão Lateral";0;0;1;0;0;0;0;0;0;1;2;0;0;0;0
"14/08/2019";"07:07:00";"161";"sem vítima";"278";"BR-050/GO";"Sul";"Colisão Traseira";0;0;2;0;0;0;0;0;0;0;2;0;0;0;0
"15/08/2019";"12:11:00";"3";"sem vítima";"81.8";"BR-050/MG";"Norte";"Colisão Traseira";0;0;1;0;0;0;0;0;0;1;2;0;0;0;0
"15/08/2019";"11:46:00";"73";"com vítima";"133.5";"BR-050/MG";"Norte";"Saida de Pista";0;0;0;0;0;0;0;0;0;1;0;1;0;0;0
"15/08/2019";"06:49:00";"140";"com vítima";"169";"BR-050/MG";"Sul";"Colisão Lateral";0;0;2;0;0;0;0;0;0;0;1;1;0;0;0
"16/08/2019";"01:57:00";"8";"sem vítima";"81.5";"BR-050/MG";"Norte";"Colisão Traseira";0;0;2;0;0;0;0;0;0;0;3;0;0;0;0
"16/08/2019";"01:20:00";"97";"com vítima";"162";"BR-050/GO";"Sul";"Tombamento";0;0;1;0;0;0;0;0;0;0;0;1;0;0;0
"16/08/2019";"06:20:00";"146";"sem vítima";"15";"CT-UDI-MG";"Sul";"Tombamento";0;0;1;0;0;0;0;0;0;0;1;0;0;0;0
"17/08/2019";"06:44:00";"29";"sem vítima";"202.92";"BR-050/GO";"Sul";"Choque - Defensa, barreira ou meio fio";1;0;0;0;0;0;0;0;0;0;6;0;0;0;0
"17/08/2019";"03:00:00";"97";"sem vítima";"29.05";"BR-050/MG";"Sul";"Queda de Moto";0;0;0;1;0;0;0;0;0;0;1;0;0;0;0
"17/08/2019";"07:14:00";"137";"com vítima";"179.1";"BR-050/MG";"Sul";"Queda de Moto";0;0;0;1;0;0;0;0;0;0;0;1;0;0;0
"18/08/2019";"04:32:00";"21";"sem vítima";"16";"CT-UDI-MG";"Norte";"Choque - Defensa, barreira ou meio fio";1;0;0;0;0;0;0;0;0;0;3;0;0;0;0
"18/08/2019";"09:12:00";"39";"sem vítima";"29";"BR-050/MG";"Norte";"Queda de Moto";0;0;0;1;0;0;0;0;0;0;1;0;0;0;0
"18/08/2019";"08:25:00";"141";"com vítima";"119.1";"BR-050/GO";"Norte";"Capotamento";1;0;0;0;0;0;0;0;0;0;1;2;0;0;0
"19/08/2019";"07:54:00";"37";"com vítima";"20.09";"CT-UDI-MG";"Sul";"Colisão Lateral";0;0;0;1;0;1;0;0;0;0;1;1;0;0;0
"19/08/2019";"04:40:00";"124";"sem vítima";"174";"BR-050/MG";"Sul";"Colisão Traseira";1;0;0;0;0;0;0;0;0;1;2;0;0;0;0
"20/08/2019";"11:58:00";"94";"sem vítima";"100.725";"BR-050/GO";"Norte";"Saida de Pista";0;0;0;0;0;0;0;0;0;1;2;0;0;0;0
"20/08/2019";"06:29:00";"174";"com vítima";"283";"BR-050/GO";"Sul";"Colisão Transversal";1;0;0;1;0;0;0;0;0;0;1;1;0;0;0
"20/08/2019";"06:58:00";"180";"sem vítima";"281.5";"BR-050/GO";"Norte";"Colisão Traseira";1;0;0;0;0;0;0;0;0;1;5;0;0;0;0
"21/08/2019";"01:58:00";"12";"com vítima";"177.02";"BR-050/GO";"Norte";"Capotamento";1;0;0;0;0;0;0;0;0;0;1;1;0;0;0
"21/08/2019";"05:46:00";"142";"com vítima";"11.64";"BR-050/MG";"Sul";"Queda de Moto";0;0;0;1;0;0;0;0;0;0;0;1;0;0;0
"22/08/2019";"04:17:00";"20";"sem vítima";"168.35";"BR-050/GO";"Norte";"Atropelamento de Animal";0;0;1;0;0;0;0;0;0;0;1;0;0;0;0
"22/08/2019";"04:52:00";"25";"sem vítima";"169.8";"BR-050/GO";"Norte";"Atropelamento de Animal";0;0;1;0;0;0;0;0;0;0;1;0;0;0;0
"22/08/2019";"07:00:00";"29";"com vítima";"8";"CT-UDI-MG";"Sul";"Atropelamento - Pedestre";0;0;0;0;0;0;0;0;0;0;0;0;1;0;0
"22/08/2019";"02:24:00";"114";"sem vítima";"29.72";"BR-050/MG";"Norte";"Choque - Defensa, barreira ou meio fio";1;0;0;0;0;0;0;0;0;0;1;0;0;0;0
"23/08/2019";"07:15:00";"160";"sem vítima";"18";"CT-UDI-MG";"Norte";"Colisão Lateral";3;0;0;0;0;0;0;0;0;0;3;0;0;0;0
"24/08/2019";"07:20:00";"17";"com vítima";"151.66";"BR-050/MG";"Sul";"Colisão Traseira";0;0;2;0;0;0;0;0;0;0;1;1;0;0;0
"24/08/2019";"08:24:00";"28";"com vítima";"195.35";"BR-050/GO";"Norte";"Tombamento";0;0;1;0;0;0;0;0;0;0;0;0;1;0;0
"24/08/2019";"08:27:00";"135";"sem vítima";"119";"BR-050/MG";"Norte";"Colisão Transversal";1;0;1;0;0;0;0;0;0;0;2;0;0;0;0
"25/08/2019";"07:19:00";"118";"com vítima";"25.5";"BR-050/MG";"Norte";"Choque - Elemento de Drenagem";1;0;0;0;0;0;0;0;0;0;0;0;1;0;0
"25/08/2019";"10:05:00";"134";"com vítima";"174.5";"BR-050/MG";"Norte";"Colisão Lateral";1;0;0;1;0;0;0;0;0;0;2;1;0;0;0
"26/08/2019";"05:05:00";"18";"com vítima";"103.3";"BR-050/GO";"Norte";"Atropelamento - Sem Informação";1;0;0;0;0;0;0;0;0;0;2;0;0;0;1
"26/08/2019";"05:49:00";"21";"com vítima";"169.45";"BR-050/MG";"Norte";"Atropelamento - Pedestre";0;0;0;1;0;0;0;0;0;0;0;0;0;1;1
"27/08/2019";"01:08:00";"108";"sem vítima";"276.5";"BR-050/GO";"Norte";"Colisão Transversal";1;0;1;0;0;0;0;0;0;0;2;0;0;0;0
"28/08/2019";"09:20:00";"53";"sem vítima";"51.6";"BR-050/MG";"Norte";"Colisão Lateral";1;0;0;0;0;0;0;0;0;1;2;0;0;0;0
"28/08/2019";"11:50:00";"166";"sem vítima";"52";"BR-050/MG";"Sul";"Choque - Elemento de Drenagem";0;0;0;0;0;0;0;0;0;1;1;0;0;0;0
"29/08/2019";"04:41:00";"115";"com vítima";"176.6";"BR-050/MG";"Norte";"Queda de Moto";0;0;0;1;0;0;0;0;0;0;0;1;0;0;0
"29/08/2019";"10:27:00";"153";"sem vítima";"46.8";"BR-050/MG";"Norte";"Colisão Traseira";1;0;1;0;0;0;0;0;0;0;2;0;0;0;0
"30/08/2019";"07:56:00";"40";"sem vítima";"179.4";"BR-050/MG";"Norte";"Colisão Traseira";0;0;0;1;0;1;0;0;0;0;3;0;0;0;0
"30/08/2019";"12:10:00";"80";"sem vítima";"152.05";"BR-050/GO";"Norte";"Saida de Pista";0;0;1;0;0;0;0;0;0;0;2;0;0;0;0
"30/08/2019";"12:27:00";"82";"com vítima";"244.2";"BR-050/GO";"Sul";"Tombamento";0;0;1;0;0;0;0;0;0;0;0;1;0;0;0
"30/08/2019";"04:05:00";"118";"sem vítima";"283";"BR-050/GO";"Sul";"Colisão Transversal";2;0;0;0;0;0;0;0;0;0;4;0;0;0;0
"30/08/2019";"05:32:00";"137";"sem vítima";"188.3";"BR-050/MG";"Sul";"Engavetamento";3;0;0;0;1;0;0;0;0;0;16;0;0;0;0
"30/08/2019";"08:49:00";"168";"sem vítima";"207.3";"BR-050/GO";"Sul";"Tombamento";0;0;1;0;0;0;0;0;0;0;1;0;0;0;0
"31/08/2019";"09:16:00";"43";"sem vítima";"105";"BR-050/MG";"Norte";"Colisão Traseira";2;0;0;0;0;0;0;0;0;0;2;0;0;0;0
"31/08/2019";"12:14:00";"72";"com vítima";"310.79";"BR-050/GO";"Sul";"Colisão Frontal";1;0;1;0;0;0;0;0;0;0;1;0;0;0;1
"31/08/2019";"09:36:00";"176";"com vítima";"56";"BR-050/MG";"Norte";"Capotamento";0;0;1;0;0;0;0;0;0;0;0;0;0;0;1
"02/09/2019";"10:52:00";"181";"sem vítima";"123.8";"BR-050/MG";"Norte";"Choque - Elemento de Drenagem";1;0;0;0;0;0;0;0;0;0;2;0;0;0;0
"05/09/2019";"06:27:00";"25";"com vítima";"184.34";"BR-050/GO";"Sul";"Capotamento";1;0;0;0;0;0;0;0;0;0;0;0;0;1;0
"05/09/2019";"02:08:00";"107";"sem vítima";"283";"BR-050/GO";"Norte";"Colisão Transversal";0;0;1;0;0;0;0;0;0;1;2;0;0;0;0
"05/09/2019";"07:47:00";"173";"sem vítima";"132";"BR-050/MG";"Norte";"Colisão Traseira";1;0;1;0;0;0;0;0;0;0;2;0;0;0;0