data;horario;n_da_ocorrencia;tipo_de_ocorrencia;km;trecho;sentido;tipo_de_acidente;automovel;bicicleta;caminhao;moto;onibus;outros;tracao_animal;transporte_de_cargas_especiais;trator_maquinas;utilitarios;ilesos;levemente_feridos;moderadamente_feridos;gravemente_feridos;mortos
"06/04/2020";"06:06:00";"180";"sem vítima";"248.97";"BR-050/GO";"Norte";"Choque - Obstáculo Fixo";0;0;0;0;0;0;0;0;0;1;1;0;0;0;0
"07/04/2020";"12:47:00";"61";"sem vítima";"20.75";"CT-UDI-MG";"Sul";"Choque - Defensa, barreira ou meio fio";1;0;0;0;0;0;0;0;0;0;2;0;0;0;0
"08/04/2020";"11:45:00";"65";"sem vítima";"281";"BR-050/GO";"Sul";"Colisão Transversal";1;0;1;0;0;0;0;0;0;0;2;0;0;0;0
"08/04/2020";"08:00:00";"126";"com vítima";"0.2";"BR-050/MG";"Sul";"Atropelamento - Sem Informação";0;0;2;0;0;0;0;0;0;0;1;0;0;1;0
"08/04/2020";"08:23:00";"131";"sem vítima";"272.3";"BR-050/GO";"Sul";"Atropelamento de Animal";0;0;1;0;0;0;0;0;0;0;1;0;0;0;0
"09/04/2020";"08:59:00";"37";"com vítima";"96";"BR-050/GO";"Sul";"Colisão Transversal";2;0;0;0;0;0;0;0;0;0;1;1;0;0;0
"09/04/2020";"04:09:00";"123";"com vítima";"176.6";"BR-050/MG";"Norte";"Colisão Traseira";0;0;1;0;0;0;0;0;0;0;0;0;1;0;0
"10/04/2020";"02:08:00";"5";"com vítima";"13.3";"CT-UDI-MG";"Sul";"Choque - Barranco";1;0;0;0;0;0;0;0;0;0;1;1;0;0;0
"10/04/2020";"08:09:00";"23";"com vítima";"180.2";"BR-050/MG";"Sul";"Choque - Talude";1;0;0;0;0;0;0;0;0;0;0;1;0;0;0
"11/04/2020";"01:13:00";"2";"sem vítima";"172";"BR-050/MG";"Sul";"Saida de Pista";1;0;0;0;0;0;0;0;0;0;1;0;0;0;0
"11/04/2020";"05:11:00";"8";"com vítima";"118.6";"BR-050/MG";"Sul";"Tombamento";0;0;1;0;0;0;0;0;0;0;0;1;2;0;0
"11/04/2020";"07:49:00";"108";"com vítima";"268";"BR-050/GO";"Sul";"Colisão Traseira";0;0;0;2;0;0;0;0;0;0;0;2;0;0;0
"12/04/2020";"04:20:00";"63";"com vítima";"62.54";"BR-050/MG";"Sul";"Choque - Elemento de Drenagem";1;0;0;0;0;0;0;0;0;0;0;1;0;0;0
"12/04/2020";"05:40:00";"71";"sem vítima";"119.76";"BR-050/GO";"Norte";"Saida de Pista";1;0;0;0;0;0;0;0;0;0;2;0;0;0;0
"13/04/2020";"01:08:00";"80";"com vítima";"192";"BR-050/MG";"Norte";"Choque - Defensa metálica";1;0;0;0;0;0;0;0;0;0;0;1;0;0;0
"13/04/2020";"01:42:00";"84";"com vítima";"206.5";"BR-050/MG";"Norte";"Choque - New jersey";0;0;1;0;0;0;0;0;0;0;0;1;0;0;0
"13/04/2020";"03:47:00";"113";"com vítima";"162.84";"BR-050/MG";"Sul";"Capotamento";1;0;0;0;0;0;0;0;0;0;0;0;0;0;1
"14/04/2020";"12:06:00";"65";"com vítima";"168.24";"BR-050/GO";"Sul";"Capotamento";1;0;0;0;0;0;0;0;0;0;0;0;0;0;1
"14/04/2020";"01:28:00";"76";"sem vítima";"55.55";"BR-050/MG";"Sul";"Choque - New jersey";0;0;0;0;0;0;0;0;0;1;2;0;0;0;0
"14/04/2020";"03:14:00";"88";"sem vítima";"260.2";"BR-050/GO";"Norte";"Saida de Pista";1;0;0;0;0;0;0;0;0;0;3;0;0;0;0
"14/04/2020";"05:47:00";"110";"sem vítima";"106";"BR-050/MG";"Sul";"Capotamento";0;0;0;0;0;0;0;0;0;1;1;0;0;0;0
"15/04/2020";"12:06:00";"63";"sem vítima";"54.84";"BR-050/MG";"Sul";"Choque - Defensa metálica";0;0;1;0;0;0;0;0;0;0;1;0;0;0;0
"15/04/2020";"01:53:00";"75";"com vítima";"190.5";"BR-050/MG";"Norte";"Tombamento";0;0;1;0;0;0;0;0;0;0;0;1;0;0;0
"15/04/2020";"04:07:00";"87";"sem vítima";"234.68";"BR-050/GO";"Sul";"Choque - Defensa metálica";0;0;0;0;0;0;0;0;0;1;1;0;0;0;0
"15/04/2020";"05:02:00";"91";"com vítima";"175";"BR-050/MG";"Sul";"Atropelamento - Ciclista";0;1;0;1;0;0;0;0;0;0;1;1;0;0;0
"15/04/2020";"05:17:00";"92";"sem vítima";"195.5";"BR-050/GO";"Sul";"Choque - Outros";1;0;0;0;0;0;0;0;0;0;2;0;0;0;0
"16/04/2020";"04:00:00";"92";"sem vítima";"55.17";"BR-050/MG";"Norte";"Choque - Elemento de Drenagem";1;0;0;0;0;0;0;0;0;0;1;0;0;0;0
"17/04/2020";"03:22:00";"14";"com vítima";"118";"BR-050/MG";"Norte";"Colisão Traseira";0;0;2;0;0;0;0;0;0;0;2;0;0;0;1
"17/04/2020";"10:27:00";"154";"com vítima";"179";"BR-050/MG";"Norte";"Choque - Elemento de Drenagem";1;0;0;0;0;0;0;0;0;0;0;2;0;0;0
"18/04/2020";"05:15:00";"12";"sem vítima";"297.8";"BR-050/GO";"Sul";"Tombamento";0;0;1;0;0;0;0;0;0;0;1;0;0;0;0
"18/04/2020";"12:22:00";"75";"com vítima";"169.12";"BR-050/GO";"Norte";"Capotamento";1;0;0;0;0;0;0;0;0;0;0;0;1;0;1
"19/04/2020";"12:21:00";"41";"com vítima";"209.62";"BR-050/GO";"Sul";"Choque - Defensa metálica";1;0;0;0;0;0;0;0;0;0;0;1;0;1;1
"20/04/2020";"05:35:00";"16";"com vítima";"186.17";"BR-050/GO";"Sul";"Choque - Arvore";0;0;1;0;0;0;0;0;0;0;0;1;0;0;0
"20/04/2020";"02:05:00";"56";"sem vítima";"136.6";"BR-050/MG";"Sul";"Saida de Pista";0;0;1;0;0;0;0;0;0;0;1;0;0;0;0
"20/04/2020";"10:08:00";"106";"sem vítima";"131";"BR-050/MG";"Sul";"Choque - Elemento de Drenagem";1;0;0;0;0;0;0;0;0;0;3;0;0;0;0
"20/04/2020";"11:59:00";"117";"com vítima";"180.2";"BR-050/GO";"Norte";"Capotamento";1;0;0;0;0;0;0;0;0;0;0;1;2;0;0
"21/04/2020";"12:20:00";"1";"sem vítima";"145.8";"BR-050/MG";"Norte";"Tombamento";0;0;1;0;0;0;0;0;0;0;1;0;0;0;0
"21/04/2020";"06:13:00";"89";"sem vítima";"169.45";"BR-050/GO";"Sul";"Choque - Meio fio";1;0;0;0;0;0;0;0;0;0;5;0;0;0;0
"23/04/2020";"04:01:00";"115";"com vítima";"169.5";"BR-050/MG";"Sul";"Colisão Traseira";1;0;0;1;0;0;0;0;0;0;1;1;0;0;0
"24/04/2020";"07:57:00";"147";"com vítima";"78.8";"BR-050/MG";"Sul";"Capotamento";1;0;0;0;0;0;0;0;0;0;0;1;0;0;0
"25/04/2020";"09:30:00";"48";"sem vítima";"115";"BR-050/GO";"Norte";"Saida de Pista";1;0;0;0;0;0;0;0;0;0;3;0;0;0;0
"25/04/2020";"02:58:00";"90";"sem vítima";"43.1";"BR-050/MG";"Norte";"Choque - Meio fio";1;0;0;0;0;0;0;0;0;0;1;0;0;0;0
"26/04/2020";"02:38:00";"82";"com vítima";"35.1";"BR-050/MG";"Norte";"Queda de Moto";0;0;0;1;0;0;0;0;0;0;0;1;0;0;0
"26/04/2020";"05:02:00";"102";"com vítima";"250.3";"BR-050/GO";"Sul";"Queda de Moto";0;0;0;1;0;0;0;0;0;0;0;2;0;0;0
"26/04/2020";"08:25:00";"126";"com vítima";"164.77";"BR-050/MG";"Sul";"Colisão Traseira";2;0;0;0;0;0;0;0;0;0;0;1;2;0;0
"27/04/2020";"05:42:00";"10";"sem vítima";"179";"BR-050/MG";"Sul";"Atropelamento de Animal";0;0;0;0;1;0;0;0;0;0;1;0;0;0;0
"27/04/2020";"01:55:00";"61";"com vítima";"154.5";"BR-050/MG";"Sul";"Choque - Elemento de Drenagem";1;0;0;0;0;0;0;0;0;0;0;1;0;0;0
"27/04/2020";"02:12:00";"65";"sem vítima";"52.65";"BR-050/MG";"Sul";"Tombamento";0;0;1;0;0;0;0;0;0;0;1;0;0;0;0
"29/04/2020";"01:44:00";"112";"sem vítima";"296.4";"BR-050/GO";"Norte";"Saida de Pista";0;0;1;0;0;0;0;0;0;0;1;0;0;0;0
"29/04/2020";"02:07:00";"118";"sem vítima";"172";"BR-050/GO";"Norte";"Saida de Pista";0;0;1;0;0;0;0;0;0;0;1;0;0;0;0
"29/04/2020";"07:30:00";"167";"sem vítima";"25.84";"BR-050/MG";"Norte";"Saida de Pista";1;0;0;0;0;0;0;0;0;0;2;0;0;0;0
"30/04/2020";"06:52:00";"143";"sem vítima";"295.95";"BR-050/GO";"Norte";"Saida de Pista";1;0;0;0;0;0;0;0;0;0;3;0;0;0;0
"30/04/2020";"07:32:00";"152";"sem vítima";"15";"CT-UDI-MG";"Sul";"Choque - Sinalização";0;0;0;0;0;0;0;0;0;1;2;0;0;0;0
"01/05/2020";"02:58:00";"14";"sem vítima";"279.7";"BR-050/GO";"Norte";"Saida de Pista";1;0;0;0;0;0;0;0;0;0;1;0;0;0;0
"01/05/2020";"10:34:00";"53";"com vítima";"274.3";"BR-050/GO";"Sul";"Queda de Moto";0;0;0;1;0;0;0;0;0;0;0;0;1;0;0
"01/05/2020";"12:22:00";"63";"com vítima";"7.5";"BR-050/MG";"Norte";"Choque - Elemento de Drenagem";1;0;0;0;0;0;0;0;0;1;2;2;0;0;0
"01/05/2020";"02:48:00";"77";"com vítima";"9.2";"CT-UDI-MG";"Sul";"Queda de Moto";0;0;0;1;0;0;0;0;0;0;0;2;0;0;0
"02/05/2020";"02:43:00";"13";"com vítima";"179.7";"BR-050/GO";"Norte";"Capotamento";1;0;0;0;0;0;0;0;0;0;0;0;1;0;0
"02/05/2020";"06:16:00";"92";"sem vítima";"27";"BR-050/MG";"Sul";"Saida de Pista";1;0;0;0;0;0;0;0;0;0;4;0;0;0;0
"02/05/2020";"07:40:00";"105";"com vítima";"280.4";"BR-050/GO";"Norte";"Colisão lateral no sentido contrário";1;0;0;1;0;0;0;0;0;0;1;0;1;0;0
"02/05/2020";"10:22:00";"118";"sem vítima";"62.1";"BR-050/MG";"Sul";"Choque - Meio fio";1;0;0;0;0;0;0;0;0;0;4;0;0;0;0
"03/05/2020";"06:09:00";"9";"sem vítima";"181.4";"BR-050/MG";"Sul";"Capotamento";0;0;0;0;0;1;0;0;0;1;1;0;0;0;0
"03/05/2020";"11:19:00";"39";"com vítima";"252.18";"BR-050/GO";"Sul";"Choque - Arvore";0;0;1;0;0;0;0;0;0;0;0;1;0;0;0
"04/05/2020";"08:16:00";"142";"com vítima";"19.02";"CT-UDI-MG";"Norte";"Atropelamento - Sem Informação";0;0;0;0;0;0;0;0;0;0;0;0;0;0;1
"06/05/2020";"02:28:00";"100";"sem vítima";"280.6";"BR-050/GO";"Sul";"Colisão Transversal";2;0;0;0;0;0;0;0;0;0;5;0;0;0;0
"06/05/2020";"04:52:00";"125";"sem vítima";"176.15";"BR-050/MG";"Sul";"Choque - New jersey";0;0;0;0;0;0;0;0;0;1;2;0;0;0;0
"06/05/2020";"11:53:00";"167";"sem vítima";"281.3";"BR-050/GO";"Norte";"Colisão Traseira";0;0;2;0;0;0;0;0;0;0;2;0;0;0;0
"07/05/2020";"10:36:00";"181";"sem vítima";"53.55";"BR-050/MG";"Sul";"Choque - Sinalização";1;0;0;0;0;0;0;0;0;0;1;0;0;0;0
"08/05/2020";"07:05:00";"22";"sem vítima";"172.4";"BR-050/MG";"Sul";"Colisão Traseira";1;0;1;0;0;0;0;0;0;0;3;0;0;0;0
"09/05/2020";"12:53:00";"2";"com vítima";"118.8";"BR-050/MG";"Sul";"Choque - Arvore";1;0;0;0;0;0;0;0;0;0;0;1;0;0;0
"09/05/2020";"09:48:00";"28";"sem vítima";"49.9";"BR-050/MG";"Sul";"Capotamento";1;0;0;0;0;0;0;0;0;0;1;0;0;0;0
"09/05/2020";"11:04:00";"36";"com vítima";"64.5";"BR-050/MG";"Sul";"Queda de Moto";0;0;0;1;0;0;0;0;0;0;0;2;0;0;0
"09/05/2020";"12:08:00";"42";"sem vítima";"201.18";"BR-050/GO";"Sul";"Saida de Pista";0;0;1;0;0;0;0;0;0;0;1;0;0;0;0
"09/05/2020";"04:44:00";"85";"sem vítima";"175";"BR-050/MG";"Sul";"Colisão Traseira";1;0;1;0;0;0;0;0;0;0;2;0;0;0;0
"09/05/2020";"06:14:00";"100";"com vítima";"176";"BR-050/MG";"Norte";"Colisão lateral no mesmo sentido";1;0;0;0;0;1;0;0;0;0;0;1;0;0;0
"09/05/2020";"06:52:00";"103";"com vítima";"178.715";"BR-050/MG";"Norte";"Capotamento";1;0;0;0;0;0;0;0;0;0;0;0;1;0;0
"11/05/2020";"12:23:00";"3";"sem vítima";"112";"BR-050/MG";"Sul";"Colisão Traseira";0;0;1;0;0;1;0;0;0;0;1;0;0;0;0
"11/05/2020";"10:32:00";"63";"sem vítima";"163.9";"BR-050/MG";"Sul";"Capotamento";1;0;0;0;0;0;0;0;0;0;2;0;0;0;0
"11/05/2020";"02:42:00";"99";"com vítima";"296.5";"BR-050/GO";"Sul";"Capotamento";1;0;0;0;0;0;0;0;0;0;0;2;0;0;0
"11/05/2020";"09:29:00";"161";"com vítima";"198.4";"BR-050/GO";"Sul";"Capotamento";0;0;1;0;0;0;0;0;0;0;0;0;1;0;0
"11/05/2020";"09:40:00";"163";"com vítima";"16.98";"BR-050/MG";"Norte";"Tombamento";0;0;1;0;0;0;0;0;0;0;0;0;0;0;1
"12/05/2020";"06:35:00";"26";"com vítima";"178.6";"BR-050/MG";"Norte";"Queda de Moto";0;0;0;1;0;0;0;0;0;0;0;1;0;0;0
"12/05/2020";"08:29:00";"146";"com vítima";"50.8";"BR-050/MG";"Norte";"Choque - Elemento de Drenagem";0;0;0;1;0;0;0;0;0;0;0;1;0;0;0
"12/05/2020";"11:00:00";"157";"com vítima";"107";"BR-050/GO";"Norte";"Tombamento";0;0;1;0;0;0;0;0;0;0;0;0;1;0;0
"13/05/2020";"03:32:00";"10";"sem vítima";"27.8";"BR-050/MG";"Sul";"Choque - Meio fio";0;0;1;0;0;0;0;0;0;0;1;0;0;0;0
"13/05/2020";"06:08:00";"13";"sem vítima";"104.5";"BR-050/GO";"Norte";"Tombamento";0;0;1;0;0;0;0;0;0;0;1;0;0;0;0
"13/05/2020";"07:34:00";"20";"com vítima";"80.6";"BR-050/MG";"Sul";"Choque - Meio fio";0;0;0;1;0;0;0;0;0;0;0;0;1;0;0
"13/05/2020";"09:35:00";"38";"sem vítima";"101";"BR-050/GO";"Norte";"Colisão lateral no sentido contrário";0;0;1;0;0;1;0;0;0;0;1;0;0;0;0
"13/05/2020";"06:28:00";"116";"sem vítima";"97.25";"BR-050/GO";"Sul";"Colisão Transversal";0;0;0;0;0;0;0;0;0;2;3;0;0;0;0
"13/05/2020";"09:19:00";"135";"sem vítima";"172";"BR-050/MG";"Sul";"Queda de Moto";0;0;0;1;0;0;0;0;0;0;0;0;0;0;0
"14/05/2020";"06:32:00";"17";"sem vítima";"77.68";"BR-050/MG";"Norte";"Choque - Meio fio";1;0;0;0;0;0;0;0;0;0;1;0;0;0;0
"14/05/2020";"05:47:00";"107";"sem vítima";"27";"BR-050/MG";"Norte";"Tombamento";0;0;1;0;0;0;0;0;0;0;2;0;0;0;0
"14/05/2020";"11:12:00";"137";"sem vítima";"111.3";"BR-050/MG";"Sul";"Choque - Elemento de Drenagem";1;0;0;0;0;0;0;0;0;0;1;0;0;0;0
"15/05/2020";"08:59:00";"147";"com vítima";"115";"BR-050/MG";"Norte";"Tombamento";0;0;1;0;0;0;0;0;0;0;0;1;0;0;0
"15/05/2020";"09:53:00";"154";"com vítima";"147";"BR-050/MG";"Norte";"Colisão Traseira";0;0;2;0;0;0;0;0;0;0;1;0;1;0;0
"16/05/2020";"10:48:00";"54";"com vítima";"171.7";"BR-050/MG";"Sul";"Choque - Meio fio";1;0;0;0;0;0;0;0;0;0;1;2;0;0;0
"16/05/2020";"02:03:00";"82";"com vítima";"301";"BR-050/GO";"Sul";"Saida de Pista";0;0;0;0;0;0;0;0;0;1;0;2;0;0;0
"16/05/2020";"07:41:00";"124";"com vítima";"279";"BR-050/GO";"Sul";"Colisão lateral no sentido contrário";0;0;0;1;0;1;0;0;0;0;0;1;0;0;0
"17/05/2020";"01:28:00";"10";"com vítima";"55.6";"BR-050/MG";"Norte";"Tombamento";0;0;1;0;0;0;0;0;0;0;0;1;0;0;0
"17/05/2020";"01:46:00";"11";"sem vítima";"260";"BR-050/GO";"Sul";"Capotamento";0;0;0;0;0;0;0;0;0;1;1;0;0;0;0
"17/05/2020";"09:34:00";"34";"com vítima";"248.301";"BR-050/GO";"Sul";"Queda de Moto";0;0;0;1;0;0;0;0;0;0;0;0;1;0;0
"17/05/2020";"04:52:00";"73";"com vítima";"26.7";"BR-050/MG";"Sul";"Queda de Moto";0;0;0;1;0;0;0;0;0;0;0;2;0;0;0
"17/05/2020";"06:20:00";"84";"sem vítima";"174.85";"BR-050/MG";"Norte";"Capotamento";1;0;0;0;0;0;0;0;0;0;0;0;0;0;0
"17/05/2020";"06:47:00";"86";"sem vítima";"27.95";"BR-050/MG";"Sul";"Choque - Defensa metálica";1;0;0;0;0;0;0;0;0;0;1;0;0;0;0
"17/05/2020";"07:55:00";"95";"sem vítima";"60.8";"BR-050/MG";"Sul";"Choque - Elemento de Drenagem";1;0;0;0;0;0;0;0;0;0;1;0;0;0;0
"18/05/2020";"08:44:00";"36";"com vítima";"181.05";"BR-050/MG";"Norte";"Choque - New jersey";0;0;1;0;0;0;0;0;0;0;0;1;0;0;0
"18/05/2020";"06:29:00";"122";"com vítima";"176.2";"BR-050/MG";"Sul";"Atropelamento - Andarilho";0;0;0;0;0;0;0;0;0;1;2;0;0;0;1
"19/05/2020";"08:40:00";"36";"com vítima";"273.2";"BR-050/GO";"Norte";"Tombamento";0;0;1;0;0;0;0;0;0;0;0;2;0;0;0
"19/05/2020";"12:12:00";"70";"com vítima";"112.99";"BR-050/GO";"Norte";"Capotamento";0;0;0;0;0;0;0;0;0;1;0;1;0;0;0
"19/05/2020";"04:08:00";"115";"sem vítima";"172";"BR-050/MG";"Sul";"Choque - New jersey";1;0;0;0;0;0;0;0;0;0;1;0;0;0;0
"19/05/2020";"06:32:00";"143";"sem vítima";"178";"BR-050/MG";"Norte";"Colisão lateral no mesmo sentido";1;0;1;0;0;1;0;0;0;0;2;0;0;0;0
"20/05/2020";"08:47:00";"34";"com vítima";"55.1";"BR-050/MG";"Norte";"Colisão Traseira";0;0;1;0;0;0;0;0;0;1;2;0;1;0;0
"20/05/2020";"10:56:00";"56";"com vítima";"154.4";"BR-050/MG";"Sul";"Choque - Elemento de Drenagem";0;0;0;0;0;0;0;0;0;1;0;0;1;0;0
"21/05/2020";"06:28:00";"134";"com vítima";"115.2";"BR-050/GO";"Sul";"Colisão Transversal";0;0;1;0;0;0;0;0;0;1;1;0;2;0;1
"21/05/2020";"09:13:00";"145";"com vítima";"278";"BR-050/GO";"Sul";"Colisão Transversal";1;0;0;1;0;0;0;0;0;0;1;1;0;0;0
"22/05/2020";"04:22:00";"11";"sem vítima";"56.1";"BR-050/MG";"Sul";"Choque - Elemento de Drenagem";0;0;1;0;0;0;0;0;0;0;2;0;0;0;0
"22/05/2020";"09:24:00";"43";"sem vítima";"79.9";"BR-050/MG";"Sul";"Colisão lateral no mesmo sentido";0;0;1;0;0;1;0;0;0;1;2;0;0;0;0
"22/05/2020";"01:10:00";"74";"sem vítima";"97.2";"BR-050/GO";"Norte";"Colisão Transversal";1;0;1;0;0;0;0;0;0;0;4;0;0;0;0
"22/05/2020";"01:53:00";"79";"sem vítima";"3.9";"CT-UDI-MG";"Norte";"Capotamento";1;0;0;0;0;0;0;0;0;0;1;0;0;0;0
"22/05/2020";"04:14:00";"96";"com vítima";"287";"BR-050/GO";"Sul";"Colisão Transversal";2;0;0;0;0;0;0;0;0;0;2;0;1;0;0
"22/05/2020";"11:26:00";"159";"com vítima";"173.9";"BR-050/MG";"Norte";"Colisão Traseira";0;1;0;0;0;1;0;0;0;0;0;1;0;0;0
"23/05/2020";"06:11:00";"21";"sem vítima";"41.26";"BR-050/MG";"Norte";"Tombamento";0;0;0;0;0;0;0;0;0;1;1;0;0;0;0
"23/05/2020";"06:31:00";"22";"com vítima";"41.1";"BR-050/MG";"Norte";"Choque - Veiculo parado no acostamento";0;0;0;1;0;1;0;0;0;0;0;0;1;0;0
"23/05/2020";"07:34:00";"30";"com vítima";"107";"BR-050/MG";"Sul";"Saida de Pista";0;0;1;0;0;0;0;0;0;0;0;1;0;0;0
"23/05/2020";"08:20:00";"34";"sem vítima";"106";"BR-050/MG";"Norte";"Saida de Pista";1;0;0;0;0;0;0;0;0;0;2;0;0;0;0
"23/05/2020";"11:08:00";"63";"com vítima";"30.05";"BR-050/MG";"Norte";"Queda de Moto";0;0;0;1;0;0;0;0;0;0;0;1;0;0;0
"23/05/2020";"06:00:00";"110";"sem vítima";"119.1";"BR-050/GO";"Norte";"Choque - Defensa metálica";1;0;0;0;0;0;0;0;0;0;2;0;0;0;0
"23/05/2020";"10:26:00";"143";"sem vítima";"177.5";"BR-050/MG";"Sul";"Capotamento";1;0;0;0;0;0;0;0;0;0;1;0;0;0;0
"24/05/2020";"04:24:00";"12";"sem vítima";"33.5";"BR-050/MG";"Sul";"Choque - Elemento de Drenagem";1;0;0;0;0;0;0;0;0;0;2;0;0;0;0
"24/05/2020";"05:56:00";"20";"sem vítima";"58";"BR-050/MG";"Norte";"Choque - Meio fio";0;0;0;0;0;0;0;0;0;1;2;0;0;0;0
"24/05/2020";"08:40:00";"34";"com vítima";"154.9";"BR-050/MG";"Sul";"Capotamento";1;0;0;0;0;0;0;0;0;0;0;2;0;0;0
"24/05/2020";"03:53:00";"81";"sem vítima";"31";"BR-050/MG";"Norte";"Choque - Outros";1;0;0;0;0;0;0;0;0;0;1;0;0;0;0
"25/05/2020";"06:05:00";"109";"com vítima";"270";"BR-050/GO";"Sul";"Queda de Moto";0;0;0;1;0;0;0;0;0;0;0;1;0;0;0
"25/05/2020";"06:18:00";"113";"sem vítima";"105";"BR-050/MG";"Sul";"Colisão Traseira";0;0;2;0;0;0;0;0;0;0;3;0;0;0;0
"26/05/2020";"02:37:00";"8";"sem vítima";"194";"BR-050/MG";"Norte";"Choque - Defensa metálica";0;0;1;0;0;0;0;0;0;0;1;0;0;0;0
"26/05/2020";"04:54:00";"114";"sem vítima";"167";"BR-050/MG";"Sul";"Colisão Frontal";2;0;0;0;0;0;0;0;0;0;3;0;0;0;0
"26/05/2020";"07:36:00";"133";"sem vítima";"60.5";"BR-050/MG";"Sul";"Choque - Elemento de Drenagem";1;0;0;0;0;0;0;0;0;0;3;0;0;0;0
"26/05/2020";"11:50:00";"155";"sem vítima";"172";"BR-050/GO";"Sul";"Choque - Sinalização";0;0;1;0;0;0;0;0;0;0;1;0;0;0;0
"27/05/2020";"03:26:00";"9";"com vítima";"193";"BR-050/MG";"Norte";"Tombamento";0;0;1;0;0;0;0;0;0;0;0;0;1;0;0
"27/05/2020";"04:37:00";"11";"sem vítima";"300.5";"BR-050/GO";"Norte";"Colisão lateral no mesmo sentido";1;0;1;0;0;0;0;0;0;0;3;0;0;0;0
"27/05/2020";"09:31:00";"35";"com vítima";"21";"BR-050/MG";"Norte";"Atropelamento - Sem Informação";0;0;1;0;0;0;0;0;0;0;1;1;0;0;0
"28/05/2020";"07:45:00";"142";"com vítima";"93";"BR-050/MG";"Sul";"Tombamento";0;0;1;0;0;0;0;0;0;0;0;1;0;0;0
"29/05/2020";"12:05:00";"1";"com vítima";"151";"BR-050/MG";"Sul";"Colisão Traseira";0;0;2;0;0;0;0;0;0;0;0;2;0;0;0
"29/05/2020";"02:15:00";"70";"sem vítima";"185";"BR-050/GO";"Sul";"Colisão Traseira";0;0;1;0;0;0;0;0;0;1;3;0;0;0;0
"29/05/2020";"03:30:00";"82";"com vítima";"21.1";"CT-UDI-MG";"Norte";"Queda de Moto";0;0;0;1;0;0;0;0;0;0;0;1;0;0;0
"29/05/2020";"05:06:00";"99";"com vítima";"177.5";"BR-050/MG";"Sul";"Engavetamento";1;0;2;0;0;0;0;0;0;2;5;1;0;0;0
"29/05/2020";"08:09:00";"109";"sem vítima";"173.8";"BR-050/MG";"Sul";"Colisão Traseira";1;0;0;0;0;0;0;0;0;1;1;0;0;0;0
"30/05/2020";"07:21:00";"108";"sem vítima";"172.2";"BR-050/MG";"Sul";"Atropelamento de Animal";0;0;1;0;0;0;0;0;0;0;1;0;0;0;0
"30/05/2020";"07:25:00";"109";"com vítima";"172";"BR-050/MG";"Norte";"Atropelamento de Animal";1;0;0;0;0;0;0;0;0;0;1;1;0;0;0
"02/06/2020";"12:07:00";"1";"sem vítima";"179.9";"BR-050/MG";"Sul";"Choque - Outros";1;0;0;0;0;1;0;0;0;0;1;0;0;0;0
"02/06/2020";"01:08:00";"5";"sem vítima";"246.4";"BR-050/GO";"Sul";"Atropelamento de Animal";0;0;1;0;0;0;0;0;0;0;1;0;0;0;0
"02/06/2020";"05:19:00";"12";"sem vítima";"127";"BR-050/MG";"Sul";"Choque - Meio fio";0;0;0;0;0;0;0;0;0;1;0;0;0;0;0
"02/06/2020";"07:35:00";"117";"sem vítima";"2";"CT-UDI-MG";"Sul";"Capotamento";1;0;0;0;0;0;0;0;0;0;1;0;0;0;0
"03/06/2020";"04:26:00";"8";"sem vítima";"273.6";"BR-050/GO";"Sul";"Choque - Meio fio";0;0;0;0;0;0;0;0;0;1;1;0;0;0;0
"03/06/2020";"05:02:00";"10";"com vítima";"149.9";"BR-050/MG";"Norte";"Capotamento";1;0;0;0;0;0;0;0;0;0;0;1;0;0;0
"03/06/2020";"03:36:00";"102";"sem vítima";"126";"BR-050/MG";"Sul";"Choque - Defensa metálica";0;0;1;0;0;0;0;0;0;0;1;0;0;0;0
"04/06/2020";"01:38:00";"96";"sem vítima";"139.75";"BR-050/MG";"Norte";"Choque - Sinalização";0;0;0;0;0;0;0;0;0;1;1;0;0;0;0
"04/06/2020";"01:38:00";"102";"com vítima";"139.78";"BR-050/MG";"Sul";"Capotamento";1;0;0;0;0;0;0;0;0;0;0;2;0;0;0
"05/06/2020";"02:56:00";"97";"com vítima";"118.6";"BR-050/MG";"Norte";"Colisão Traseira";0;0;0;1;0;1;0;0;0;0;0;1;1;0;0
"06/06/2020";"01:24:00";"3";"com vítima";"187.7";"BR-050/MG";"Norte";"Capotamento";1;0;0;0;0;0;0;0;0;0;0;0;2;0;0
"06/06/2020";"01:40:00";"4";"sem vítima";"177.5";"BR-050/MG";"Norte";"Colisão Traseira";1;0;0;0;0;1;0;0;0;0;2;0;0;0;0
"06/06/2020";"05:41:00";"11";"sem vítima";"218.3";"BR-050/GO";"Norte";"Choque - Elemento de Drenagem";0;0;1;0;0;0;0;0;0;0;3;0;0;0;0
"06/06/2020";"11:31:00";"48";"com vítima";"55.415";"BR-050/MG";"Norte";"Colisão lateral no mesmo sentido";0;0;0;1;0;1;0;0;0;0;1;1;1;0;0
"06/06/2020";"10:49:00";"125";"com vítima";"98.5";"BR-050/GO";"Norte";"Colisão Transversal";1;0;0;0;0;0;0;0;0;1;1;0;0;1;1