data;horario;n_da_ocorrencia;tipo_de_ocorrencia;km;trecho;sentido;tipo_de_acidente;automovel;bicicleta;caminhao;moto;onibus;outros;tracao_animal;transporte_de_cargas_especiais;trator_maquinas;utilitarios;ilesos;levemente_feridos;moderadamente_feridos;gravemente_feridos;mortos
"22/07/2020";"06:27:00";"159";"sem vítima";"176.4";"BR-050/MG";"Norte";"Engavetamento";1;0;0;0;0;1;0;0;0;3;6;0;0;0;0
"22/07/2020";"06:52:00";"167";"sem vítima";"176.2";"BR-050/MG";"Norte";"Colisão Traseira";1;0;0;0;0;0;0;0;0;1;2;0;0;0;0
"22/07/2020";"09:30:00";"192";"sem vítima";"196.85";"BR-050/GO";"Sul";"Tombamento";0;0;1;0;0;0;0;0;0;0;1;0;0;0;0
"23/07/2020";"02:34:00";"112";"sem vítima";"301.5";"BR-050/GO";"Norte";"Saida de Pista";0;0;2;0;0;0;0;0;0;0;3;0;0;0;0
"23/07/2020";"03:13:00";"125";"com vítima";"171.7";"BR-050/GO";"Sul";"Capotamento";1;0;0;0;0;0;0;0;0;0;2;0;1;0;0
"23/07/2020";"04:06:00";"135";"sem vítima";"27.8";"BR-050/MG";"Sul";"Choque - Defensa metálica";0;0;1;0;0;0;0;0;0;0;1;0;0;0;0
"23/07/2020";"04:25:00";"140";"sem vítima";"147";"BR-050/GO";"Norte";"Tombamento";0;0;1;0;0;0;0;0;0;0;1;0;0;0;0
"23/07/2020";"05:04:00";"147";"sem vítima";"26.7";"BR-050/MG";"Sul";"Choque - Meio fio";1;0;0;0;0;0;0;0;0;0;1;0;0;0;0
"24/07/2020";"08:44:00";"48";"sem vítima";"20.62";"CT-UDI-MG";"Norte";"Colisão Traseira";1;0;0;0;0;1;0;0;0;0;1;0;0;0;0
"24/07/2020";"08:07:00";"169";"sem vítima";"118.7";"BR-050/MG";"Sul";"Colisão Traseira";1;0;0;0;0;0;0;0;0;0;1;0;0;0;0
"24/07/2020";"11:18:00";"188";"com vítima";"21";"CT-UDI-MG";"Sul";"Colisão lateral no mesmo sentido";1;0;0;0;0;1;0;0;0;0;0;1;0;0;0
"25/07/2020";"04:57:00";"20";"com vítima";"84.6";"BR-050/MG";"Norte";"Capotamento";1;0;1;0;0;0;0;0;0;0;0;2;0;0;0
"25/07/2020";"10:14:00";"68";"sem vítima";"280.3";"BR-050/GO";"Norte";"Colisão Transversal";1;0;0;0;0;1;0;0;0;0;2;0;0;0;0
"25/07/2020";"12:37:00";"85";"sem vítima";"52.91";"BR-050/MG";"Norte";"Colisão lateral no mesmo sentido";2;0;0;0;0;0;0;0;0;0;5;0;0;0;0
"25/07/2020";"03:05:00";"105";"sem vítima";"311.75";"BR-050/GO";"Sul";"Choque - Meio fio";1;0;0;0;0;0;0;0;0;0;1;0;0;0;0
"26/07/2020";"01:57:00";"55";"sem vítima";"193.7";"BR-050/MG";"Norte";"Colisão Traseira";0;0;2;0;0;0;0;0;0;0;2;0;0;0;0
"26/07/2020";"04:19:00";"69";"com vítima";"252.1";"BR-050/GO";"Norte";"Capotamento";1;0;0;0;0;0;0;0;0;0;0;1;0;0;0
"26/07/2020";"04:46:00";"73";"com vítima";"44";"BR-050/MG";"Sul";"Queda de Moto";0;0;0;1;0;0;0;0;0;0;0;1;0;0;0
"26/07/2020";"06:20:00";"85";"com vítima";"195.8";"BR-050/MG";"Norte";"Colisão Traseira";1;0;0;1;0;0;0;0;0;0;2;2;0;0;0
"27/07/2020";"07:13:00";"22";"com vítima";"174";"BR-050/MG";"Norte";"Queda de Moto";0;0;0;1;0;0;0;0;0;0;0;1;0;0;0
"27/07/2020";"08:58:00";"35";"sem vítima";"271.95";"BR-050/GO";"Sul";"Atropelamento de Animal";1;0;0;0;0;0;0;0;0;0;1;0;0;0;0
"27/07/2020";"07:20:00";"137";"com vítima";"96";"BR-050/MG";"Norte";"Colisão Traseira";0;0;2;0;0;0;0;0;0;0;1;1;0;0;0
"28/07/2020";"12:50:00";"13";"sem vítima";"201.8";"BR-050/GO";"Sul";"Choque - Barranco";1;0;0;0;0;0;0;0;0;0;1;0;0;0;0
"28/07/2020";"11:08:00";"67";"com vítima";"280.5";"BR-050/GO";"Sul";"Colisão Transversal";0;0;0;1;0;0;0;0;0;1;1;0;1;0;0
"28/07/2020";"08:39:00";"161";"sem vítima";"230.4";"BR-050/GO";"Sul";"Choque - Elemento de Drenagem";1;0;0;0;0;0;0;0;0;0;1;0;0;0;0
"29/07/2020";"08:51:00";"51";"sem vítima";"98.9";"BR-050/GO";"Sul";"Colisão Transversal";1;0;0;1;0;0;0;0;0;0;2;0;0;0;0
"29/07/2020";"07:57:00";"143";"sem vítima";"99.1";"BR-050/GO";"Sul";"Colisão Traseira";0;0;2;0;0;0;0;0;0;0;2;0;0;0;0
"30/07/2020";"01:33:00";"102";"com vítima";"135";"BR-050/MG";"Sul";"Engavetamento";0;0;3;0;0;2;0;0;0;0;1;2;1;1;0
"31/07/2020";"07:20:00";"27";"com vítima";"173.5";"BR-050/MG";"Norte";"Queda de Ciclista";0;1;0;0;0;0;0;0;0;0;0;0;1;0;0
"31/07/2020";"07:49:00";"157";"com vítima";"16.8";"CT-UDI-MG";"Sul";"Atropelamento de Animal";1;0;0;0;0;0;0;0;0;0;0;2;0;0;0
"01/08/2020";"09:45:00";"49";"ac03 - Aci";"3.18";"BR-050/MG";"Sul";"Choque - Sinalização";1;0;0;0;0;0;0;0;0;0;2;0;0;0;0
"02/08/2020";"04:06:00";"14";"ac03 - Aci";"133.1";"BR-050/MG";"Sul";"Choque - Elemento de Drenagem";0;0;0;0;0;0;0;0;0;1;1;0;0;0;0
"02/08/2020";"04:24:00";"72";"ac03 - Aci";"193";"BR-050/MG";"Sul";"Colisão Traseira";0;0;1;0;0;1;0;0;0;0;1;0;0;0;0
"02/08/2020";"06:13:00";"89";"ac03 - Aci";"287.46";"BR-050/GO";"Norte";"Choque - Meio fio";1;0;0;0;0;0;0;0;0;0;2;0;0;0;0
"02/08/2020";"09:01:00";"114";"ac03 - Aci";"186.95";"BR-050/GO";"Sul";"Tombamento";1;0;0;0;0;0;0;0;0;0;2;0;0;0;0
"02/08/2020";"10:04:00";"120";"ac02 - Aci";"143.3";"BR-050/MG";"Sul";"Choque - Elemento de Drenagem";0;0;1;0;0;0;0;0;0;0;0;1;0;0;0
"03/08/2020";"12:26:00";"2";"ac03 - Aci";"180.5";"BR-050/MG";"Norte";"Colisão Traseira";2;0;0;0;0;0;0;0;0;0;2;0;0;0;0
"03/08/2020";"07:20:00";"21";"ac02 - Aci";"32";"BR-050/MG";"Norte";"Colisão lateral no mesmo sentido";1;0;0;0;0;1;0;0;0;0;0;3;0;0;0
"03/08/2020";"01:30:00";"76";"ac02 - Aci";"86.7";"BR-050/MG";"Norte";"Colisão Traseira";1;0;1;0;0;0;0;0;0;0;0;4;0;0;0
"03/08/2020";"08:51:00";"127";"ac02 - Aci";"195.08";"BR-050/GO";"Sul";"Capotamento";1;0;0;0;0;0;0;0;0;0;2;2;0;0;0
"04/08/2020";"02:35:00";"102";"ac03 - Aci";"100";"BR-050/MG";"Norte";"Choque - Veiculo parado no acostamento";0;0;1;0;0;1;0;0;0;0;2;0;0;0;0
"04/08/2020";"06:14:00";"137";"ac03 - Aci";"189.4";"BR-050/MG";"Norte";"Colisão lateral no mesmo sentido";1;0;1;0;0;0;0;0;0;0;5;0;0;0;0
"06/08/2020";"08:58:00";"46";"ac02 - Aci";"21.3";"CT-UDI-MG";"Norte";"Colisão lateral no sentido contrário";0;0;1;1;0;0;0;0;0;0;1;1;0;0;0
"06/08/2020";"09:31:00";"48";"ac03 - Aci";"105.445";"BR-050/GO";"Norte";"Tombamento";0;0;1;0;0;0;0;0;0;0;1;0;0;0;0
"07/08/2020";"06:56:00";"22";"ac02 - Aci";"280.7";"BR-050/GO";"Sul";"Colisão Transversal";1;0;0;1;0;0;0;0;0;0;1;1;0;0;0
"07/08/2020";"08:04:00";"35";"ac03 - Aci";"47";"BR-050/MG";"Sul";"Colisão Traseira";0;0;1;0;0;1;0;0;0;0;3;0;0;0;0
"07/08/2020";"05:03:00";"145";"ac03 - Aci";"112.6";"BR-050/MG";"Sul";"Saida de Pista";1;0;0;0;0;0;0;0;0;0;2;0;0;0;0
"07/08/2020";"06:18:00";"158";"ac03 - Aci";"93.64";"BR-050/MG";"Sul";"Saida de Pista";1;0;0;0;0;0;0;0;0;0;1;0;0;0;0
"07/08/2020";"07:18:00";"169";"ac02 - Aci";"46.7";"BR-050/MG";"Norte";"Colisão Traseira";1;0;0;1;0;0;0;0;0;0;1;0;1;0;0
"08/08/2020";"05:28:00";"16";"ac03 - Aci";"53.8";"BR-050/MG";"Norte";"Saida de Pista";1;0;0;0;0;0;0;0;0;0;1;0;0;0;0
"08/08/2020";"05:33:00";"18";"ac03 - Aci";"59.95";"BR-050/MG";"Sul";"Saida de Pista";0;0;0;0;0;0;0;0;0;1;1;0;0;0;0
"08/08/2020";"12:11:00";"68";"ac02 - Aci";"138.95";"BR-050/MG";"Norte";"Choque - Barranco";1;0;0;0;0;0;0;0;0;0;1;1;0;0;0
"08/08/2020";"07:54:00";"138";"ac02 - Aci";"151.5";"BR-050/MG";"Norte";"Tombamento";0;0;0;0;0;0;0;0;0;1;4;1;0;0;0
"09/08/2020";"05:29:00";"80";"ac03 - Aci";"1.5";"BR-050/MG";"Sul";"Choque - Talude";0;0;0;0;0;0;0;0;0;1;1;0;0;0;0
"09/08/2020";"05:36:00";"81";"ac01 - Aci";"31.25";"BR-050/MG";"Norte";"Choque - Elemento de Drenagem";0;0;0;1;0;0;0;0;0;0;0;0;0;0;1
"09/08/2020";"07:24:00";"95";"ac03 - Aci";"56.05";"BR-050/MG";"Norte";"Tombamento";0;0;1;0;0;0;0;0;0;0;1;0;0;0;0
"09/08/2020";"10:57:00";"109";"ac02 - Aci";"13";"CT-UDI-MG";"Norte";"Queda de Moto";0;0;0;1;0;0;0;0;0;0;0;1;0;0;0
"09/08/2020";"11:52:00";"118";"ac03 - Aci";"53.1";"BR-050/MG";"Norte";"Colisão Traseira";1;0;1;0;0;0;0;0;0;0;2;0;0;0;0
"10/08/2020";"12:08:00";"76";"ac02 - Aci";"203.4";"BR-050/MG";"Sul";"Choque - Talude";0;0;0;0;0;0;0;0;0;1;0;1;0;0;0
"10/08/2020";"01:24:00";"87";"ac02 - Aci";"40.75";"BR-050/MG";"Sul";"Choque - Arvore";1;0;0;0;0;0;0;0;0;0;2;1;0;0;0
"11/08/2020";"01:13:00";"74";"ac03 - Aci";"175";"BR-050/MG";"Sul";"Colisão lateral no mesmo sentido";1;0;1;0;0;0;0;0;0;0;2;0;0;0;0
"11/08/2020";"09:57:00";"153";"ac03 - Aci";"279";"BR-050/GO";"Norte";"Colisão lateral no mesmo sentido";1;0;0;0;0;0;0;0;0;1;2;0;0;0;0
"12/08/2020";"09:08:00";"58";"ac02 - Aci";"162.3";"BR-050/MG";"Norte";"Queda de Moto";0;0;0;1;0;0;0;0;0;0;0;1;0;0;0
"13/08/2020";"04:38:00";"24";"ac03 - Aci";"134";"BR-050/GO";"Norte";"Capotamento";1;0;0;0;0;0;0;0;0;0;1;0;0;0;0
"13/08/2020";"01:47:00";"108";"ac02 - Aci";"104.355";"BR-050/GO";"Norte";"Queda de Moto";0;0;0;1;0;0;0;0;0;0;0;2;0;0;0
"13/08/2020";"05:04:00";"138";"ac03 - Aci";"118.8";"BR-050/MG";"Sul";"Colisão lateral no mesmo sentido";0;0;1;0;0;0;0;0;0;1;7;0;0;0;0
"14/08/2020";"03:41:00";"14";"ac03 - Aci";"151.4";"BR-050/GO";"Norte";"Choque - Defensa metálica";1;0;0;0;0;0;0;0;0;0;1;0;0;0;0
"14/08/2020";"04:38:00";"15";"ac03 - Aci";"191.07";"BR-050/MG";"Norte";"Choque - Talude";1;0;0;0;0;0;0;0;0;0;1;0;0;0;0
"14/08/2020";"05:06:00";"16";"ac03 - Aci";"273";"BR-050/GO";"Norte";"Choque - Meio fio";1;0;0;0;0;0;0;0;0;0;3;0;0;0;0
"14/08/2020";"01:48:00";"107";"ac03 - Aci";"290.8";"BR-050/GO";"Norte";"Choque - Barranco";1;0;0;0;0;0;0;0;0;0;2;0;0;0;0
"15/08/2020";"08:44:00";"30";"ac01 - Aci";"17";"BR-050/MG";"Norte";"Choque - Sinalização";0;0;1;0;0;0;0;0;0;0;0;0;0;1;1
"15/08/2020";"04:37:00";"120";"ac02 - Aci";"177.9";"BR-050/MG";"Norte";"Capotamento";0;0;1;0;0;0;0;0;0;0;0;1;0;0;0
"15/08/2020";"07:00:00";"147";"ac03 - Aci";"180";"BR-050/GO";"Norte";"Choque - New jersey";0;0;1;0;1;0;0;0;0;0;1;0;0;0;0
"15/08/2020";"11:57:00";"184";"ac02 - Aci";"61";"BR-050/MG";"Norte";"Capotamento";2;0;0;0;0;0;0;0;0;0;1;1;0;0;0
"16/08/2020";"06:39:00";"19";"ac02 - Aci";"28.8";"BR-050/MG";"Sul";"Queda de Ciclista";0;1;0;0;0;0;0;0;0;0;0;1;0;0;0
"16/08/2020";"10:12:00";"39";"ac02 - Aci";"176.2";"BR-050/MG";"Norte";"Colisão lateral no mesmo sentido";1;0;1;0;0;0;0;0;0;0;2;1;0;0;0
"16/08/2020";"03:10:00";"103";"ac02 - Aci";"33.9";"BR-050/MG";"Sul";"Capotamento";1;0;0;0;0;0;0;0;0;0;0;1;0;0;0
"16/08/2020";"06:29:00";"154";"ac02 - Aci";"177.2";"BR-050/MG";"Norte";"Queda de Moto";0;0;0;1;0;0;0;0;0;0;0;1;0;0;0
"17/08/2020";"09:44:00";"43";"ac02 - Aci";"275.8";"BR-050/GO";"Sul";"Colisão lateral no mesmo sentido";2;0;0;0;0;0;0;0;0;0;2;1;0;0;0
"17/08/2020";"01:35:00";"83";"ac03 - Aci";"40.3";"BR-050/MG";"Norte";"Choque - Defensa metálica";1;0;0;0;0;0;0;0;0;0;1;0;0;0;0
"17/08/2020";"02:17:00";"92";"ac03 - Aci";"17.6";"BR-050/MG";"Norte";"Choque - Meio fio";1;0;0;0;0;0;0;0;0;0;1;0;0;0;0
"17/08/2020";"05:49:00";"129";"ac02 - Aci";"6.5";"BR-050/MG";"Norte";"Queda de Ciclista";0;1;0;0;0;0;0;0;0;0;0;1;0;0;0
"17/08/2020";"10:56:00";"165";"ac02 - Aci";"80.55";"BR-050/MG";"Norte";"Colisão lateral no mesmo sentido";0;0;2;0;0;0;0;0;0;0;1;1;0;0;0
"18/08/2020";"04:11:00";"19";"ac02 - Aci";"61.5";"BR-050/MG";"Sul";"Colisão Traseira";0;0;2;0;0;0;0;0;0;0;1;0;1;0;0
"18/08/2020";"08:06:00";"38";"ac03 - Aci";"180.07";"BR-050/MG";"Sul";"Colisão Transversal";1;0;0;1;0;0;0;0;0;0;2;0;0;0;0
"18/08/2020";"08:52:00";"44";"ac02 - Aci";"179.04";"BR-050/MG";"Sul";"Colisão lateral no mesmo sentido";1;0;0;1;0;0;0;0;0;0;1;1;0;0;0
"18/08/2020";"02:56:00";"111";"ac03 - Aci";"106.2";"BR-050/MG";"Norte";"Colisão Traseira";2;0;0;0;0;0;0;0;0;0;3;0;0;0;0
"18/08/2020";"03:32:00";"114";"ac02 - Aci";"280.58";"BR-050/GO";"Sul";"Colisão Transversal";1;0;0;0;0;0;0;0;0;1;3;2;0;0;0
"18/08/2020";"08:30:00";"171";"ac02 - Aci";"280.12";"BR-050/GO";"Norte";"Capotamento";1;0;0;0;0;0;0;0;0;0;0;0;1;0;0
"19/08/2020";"02:50:00";"16";"ac02 - Aci";"140.9";"BR-050/MG";"Norte";"Tombamento";0;0;1;0;0;0;0;0;0;0;0;1;0;0;0
"19/08/2020";"06:37:00";"29";"ac02 - Aci";"130";"BR-050/MG";"Norte";"Capotamento";1;0;0;0;0;0;0;0;0;0;0;1;0;0;0
"19/08/2020";"10:50:00";"70";"ac02 - Aci";"1.9";"CT-UDI-MG";"Sul";"Capotamento";1;0;0;0;0;1;0;0;0;0;0;1;0;0;0
"19/08/2020";"12:57:00";"91";"ac02 - Aci";"177.3";"BR-050/MG";"Sul";"Colisão Traseira";1;0;0;0;0;0;0;0;0;1;3;2;0;0;0
"19/08/2020";"05:38:00";"168";"ac02 - Aci";"91.95";"BR-050/MG";"Sul";"Tombamento";0;0;1;0;0;0;0;0;0;0;0;1;0;0;0
"19/08/2020";"07:49:00";"191";"ac03 - Aci";"180.3";"BR-050/MG";"Norte";"Atropelamento de Animal";1;0;0;0;0;0;0;0;0;0;1;0;0;0;0
"20/08/2020";"08:48:00";"59";"ac03 - Aci";"82.05";"BR-050/MG";"Norte";"Colisão lateral no mesmo sentido";1;0;1;0;0;0;0;0;0;0;2;0;0;0;0
"20/08/2020";"11:19:00";"174";"ac03 - Aci";"274.3";"BR-050/GO";"Sul";"Choque - Elemento de Drenagem";1;0;0;0;0;0;0;0;0;0;1;0;0;0;0
"21/08/2020";"12:31:00";"5";"ac02 - Aci";"150";"BR-050/GO";"Sul";"Choque - Objeto sobre a pista";1;0;0;0;0;0;0;0;0;0;3;0;1;0;0
"21/08/2020";"09:21:00";"59";"ac02 - Aci";"49.15";"BR-050/MG";"Sul";"Tombamento";0;0;1;0;0;0;0;0;0;0;0;1;0;0;0
"21/08/2020";"10:58:00";"85";"ac03 - Aci";"100.4";"BR-050/MG";"Sul";"Choque - Elemento de Drenagem";1;0;0;0;0;0;0;0;0;0;1;0;0;0;0
"21/08/2020";"03:20:00";"128";"ac02 - Aci";"270.6";"BR-050/GO";"Sul";"Capotamento";1;0;0;0;0;0;0;0;0;0;0;0;1;0;0
"21/08/2020";"06:34:00";"154";"ac03 - Aci";"280.6";"BR-050/GO";"Sul";"Colisão Transversal";2;0;0;0;0;0;0;0;0;0;2;0;0;0;0
"21/08/2020";"06:47:00";"158";"ac01 - Aci";"146";"BR-050/MG";"Norte";"Atropelamento - Pedestre";1;0;1;0;0;0;0;0;0;0;3;0;0;0;1
"22/08/2020";"05:17:00";"16";"ac03 - Aci";"254.7";"BR-050/GO";"Norte";"Colisão Traseira";1;0;0;0;0;0;0;0;0;1;2;0;0;0;0
"22/08/2020";"04:00:00";"77";"ac03 - Aci";"181.95";"BR-050/MG";"Sul";"Choque - Elemento de Drenagem";1;0;0;0;0;0;0;0;0;0;4;0;0;0;0
"22/08/2020";"06:11:00";"93";"ac02 - Aci";"60.9";"BR-050/MG";"Norte";"Choque - Sinalização";1;0;0;0;0;0;0;0;0;0;3;1;0;0;0
"24/08/2020";"01:34:00";"15";"ac03 - Aci";"23.42";"BR-050/MG";"Sul";"Choque - Elemento de Drenagem";1;0;0;0;0;0;0;0;0;0;1;0;0;0;0
"24/08/2020";"03:58:00";"119";"ac02 - Aci";"247";"BR-050/GO";"Sul";"Capotamento";1;0;0;0;0;0;0;0;0;0;2;0;1;0;0
"24/08/2020";"07:14:00";"151";"ac02 - Aci";"168.05";"BR-050/MG";"Sul";"Colisão Traseira";0;0;0;0;0;0;0;0;0;2;1;5;0;0;0
"25/08/2020";"08:47:00";"48";"ac03 - Aci";"56.9";"BR-050/MG";"Sul";"Colisão Traseira";2;0;1;0;0;0;0;0;0;0;2;0;0;0;0
"25/08/2020";"05:57:00";"141";"ac02 - Aci";"119.1";"BR-050/GO";"Sul";"Queda de Moto";0;0;0;1;0;0;0;0;0;0;0;0;2;0;0
"25/08/2020";"08:30:00";"157";"ac03 - Aci";"244.1";"BR-050/GO";"Sul";"Tombamento";0;0;1;0;0;0;0;0;0;0;1;0;0;0;0
"26/08/2020";"09:04:00";"40";"ac02 - Aci";"190.4";"BR-050/MG";"Sul";"Choque - New jersey";1;0;1;0;0;0;0;0;0;0;1;1;0;0;0
"26/08/2020";"03:03:00";"92";"ac03 - Aci";"228.75";"BR-050/GO";"Norte";"Tombamento";0;0;1;0;0;0;0;0;0;0;1;0;0;0;0
"26/08/2020";"03:28:00";"98";"ac03 - Aci";"13";"BR-050/MG";"Sul";"Saida de Pista";1;0;0;0;0;0;0;0;0;0;1;0;0;0;0
"26/08/2020";"03:39:00";"99";"ac02 - Aci";"196";"BR-050/MG";"Norte";"Queda de Moto";0;0;0;1;0;0;0;0;0;0;0;2;0;0;0
"26/08/2020";"07:23:00";"139";"ac02 - Aci";"171.6";"BR-050/MG";"Sul";"Choque - New jersey";0;0;1;0;0;0;0;0;0;0;0;1;0;0;0
"26/08/2020";"10:24:00";"167";"ac02 - Aci";"138.08";"BR-050/MG";"Sul";"Capotamento";0;0;1;0;0;0;0;0;0;0;0;1;0;0;0
"27/08/2020";"01:35:00";"9";"ac03 - Aci";"81";"BR-050/MG";"Norte";"Saida de Pista";1;0;0;0;0;0;0;0;0;0;1;0;0;0;0
"27/08/2020";"10:35:00";"68";"ac03 - Aci";"18";"CT-UDI-MG";"Norte";"Choque - Meio fio";1;0;0;0;0;0;0;0;0;0;1;0;0;0;0
"27/08/2020";"11:35:00";"80";"ac02 - Aci";"247";"BR-050/GO";"Norte";"Saida de Pista";0;0;0;0;0;0;0;0;0;1;0;1;0;0;0
"27/08/2020";"10:16:00";"182";"ac03 - Aci";"102.86";"BR-050/MG";"Sul";"Choque - Defensa metálica";0;0;0;0;0;0;0;0;0;1;1;0;0;0;0
"28/08/2020";"03:58:00";"116";"ac02 - Aci";"299.5";"BR-050/GO";"Sul";"Colisão Traseira";1;0;1;0;0;0;0;0;0;0;3;0;2;0;0
"28/08/2020";"06:00:00";"136";"ac02 - Aci";"174";"BR-050/MG";"Sul";"Colisão Frontal";0;0;0;0;0;1;0;0;0;0;0;1;0;0;0
"28/08/2020";"09:26:00";"183";"ac03 - Aci";"191.4";"BR-050/MG";"Sul";"Capotamento";1;0;0;0;0;0;0;0;0;1;2;0;0;0;0
"29/08/2020";"08:28:00";"27";"ac02 - Aci";"164.4";"BR-050/MG";"Sul";"Tombamento";0;0;1;0;0;0;0;0;0;0;0;2;0;0;0
"29/08/2020";"11:09:00";"55";"ac02 - Aci";"132.1";"BR-050/MG";"Sul";"Colisão lateral no mesmo sentido";1;0;1;0;0;0;0;0;0;0;0;4;0;0;0
"29/08/2020";"05:40:00";"119";"ac02 - Aci";"119.9";"BR-050/MG";"Norte";"Capotamento";1;0;0;0;0;0;0;0;0;0;0;0;1;0;0
"29/08/2020";"06:28:00";"128";"ac02 - Aci";"203.7";"BR-050/MG";"Sul";"Choque - New jersey";1;0;0;0;0;0;0;0;0;0;0;1;2;0;0
"30/08/2020";"04:24:00";"20";"ac02 - Aci";"21";"CT-UDI-MG";"Norte";"Choque - New jersey";0;0;0;0;0;0;0;0;0;1;0;1;1;0;0
"30/08/2020";"10:01:00";"47";"ac03 - Aci";"238.1";"BR-050/GO";"Norte";"Colisão Traseira";1;0;0;0;0;1;0;0;0;0;1;0;0;0;0
"30/08/2020";"04:39:00";"113";"ac02 - Aci";"202.599";"BR-050/GO";"Norte";"Choque - Meio fio";1;0;0;0;0;0;0;0;0;0;0;0;2;0;0
"30/08/2020";"08:27:00";"166";"ac02 - Aci";"280";"BR-050/GO";"Norte";"Colisão Transversal";2;0;0;0;0;0;0;0;0;0;0;3;0;0;0
"30/08/2020";"11:15:00";"185";"ac03 - Aci";"3.543";"CT-UDI-MG";"Sul";"Atropelamento de Animal";0;0;1;0;0;0;0;0;0;0;1;0;0;0;0
"30/08/2020";"11:50:00";"191";"ac02 - Aci";"127";"BR-050/MG";"Norte";"Colisão Traseira";0;0;2;0;0;0;0;0;0;0;0;2;0;0;0
"31/08/2020";"04:18:00";"102";"ac03 - Aci";"195";"BR-050/MG";"Sul";"Saida de Pista";1;0;0;0;0;0;0;0;0;0;5;0;0;0;0
"31/08/2020";"06:06:00";"123";"ac03 - Aci";"188.2";"BR-050/MG";"Norte";"Choque - New jersey";1;0;0;0;0;0;0;0;0;0;2;0;0;0;0
"01/09/2020";"01:17:00";"7";"ac02 - Aci";"58.5";"BR-050/MG";"Sul";"Capotamento";0;0;0;0;0;0;0;0;0;1;0;2;0;0;0
"01/09/2020";"01:04:00";"100";"ac03 - Aci";"188.5";"BR-050/GO";"Norte";"Choque - Outros";0;0;1;0;0;0;0;0;0;0;1;0;0;0;0
"01/09/2020";"06:21:00";"181";"ac02 - Aci";"99";"BR-050/GO";"Norte";"Tombamento";0;0;1;0;0;0;0;0;0;0;0;1;0;0;0
"02/09/2020";"09:31:00";"112";"ac02 - Aci";"182.65";"BR-050/MG";"Sul";"Tombamento";0;0;1;0;0;0;0;0;0;0;0;1;0;0;0
"03/09/2020";"07:20:00";"45";"ac02 - Aci";"21.07";"CT-UDI-MG";"Norte";"Engavetamento";0;1;0;1;0;1;0;0;0;0;0;2;0;0;0
"03/09/2020";"09:35:00";"88";"ac03 - Aci";"46.8";"BR-050/MG";"Norte";"Choque - Sinalização";1;0;0;0;0;0;0;0;0;0;1;0;0;0;0
"03/09/2020";"03:01:00";"169";"ac03 - Aci";"304.95";"BR-050/GO";"Norte";"Colisão Traseira";0;0;1;0;0;2;0;0;0;0;1;0;0;0;0
"03/09/2020";"08:13:00";"248";"ac03 - Aci";"226.3";"BR-050/GO";"Sul";"Colisão Traseira";0;0;2;0;0;0;0;0;0;0;2;0;0;0;0
"03/09/2020";"09:11:00";"263";"ac02 - Aci";"96.5";"BR-050/MG";"Sul";"Colisão Traseira";0;0;2;0;0;0;0;0;0;0;2;1;0;0;0
"04/09/2020";"08:33:00";"62";"ac02 - Aci";"97.7";"BR-050/GO";"Norte";"Colisão Transversal";0;0;0;1;0;1;0;0;0;0;0;1;0;0;0
"04/09/2020";"12:36:00";"156";"ac02 - Aci";"131.5";"BR-050/MG";"Norte";"Capotamento";1;0;0;0;0;0;0;0;0;0;0;1;0;0;0
"04/09/2020";"07:36:00";"291";"ac03 - Aci";"308.53";"BR-050/GO";"Sul";"Colisão lateral no mesmo sentido";0;0;1;0;0;0;0;0;0;1;1;0;0;0;0
"04/09/2020";"07:43:00";"294";"ac03 - Aci";"308.7";"BR-050/GO";"Sul";"Saida de Pista";1;0;1;0;0;0;0;0;0;0;3;0;0;0;0
"05/09/2020";"04:58:00";"31";"ac02 - Aci";"188.4";"BR-050/MG";"Norte";"Colisão Traseira";0;0;2;0;0;0;0;0;0;0;1;1;0;0;0
"05/09/2020";"07:15:00";"44";"ac03 - Aci";"15";"CT-UDI-MG";"Norte";"Choque - Sinalização";1;0;0;0;0;0;0;0;0;0;1;0;0;0;0
"05/09/2020";"08:28:00";"64";"ac03 - Aci";"269.1";"BR-050/GO";"Sul";"Queda de Moto";0;0;0;1;0;0;0;0;0;0;1;0;0;0;0
"05/09/2020";"05:07:00";"199";"ac03 - Aci";"51.2";"BR-050/MG";"Sul";"Colisão Traseira";1;0;1;0;0;0;0;0;0;0;2;0;0;0;0
"05/09/2020";"06:26:00";"223";"ac02 - Aci";"18.88";"CT-UDI-MG";"Sul";"Choque - New jersey";0;0;0;1;0;0;0;0;0;0;0;0;0;1;0
"05/09/2020";"08:27:00";"263";"ac03 - Aci";"83.8";"BR-050/MG";"Norte";"Tombamento";1;0;0;0;0;0;0;0;0;0;1;0;0;0;0
"05/09/2020";"08:37:00";"264";"ac03 - Aci";"178.4";"BR-050/MG";"Sul";"Choque - Sinalização";1;0;0;0;0;0;0;0;0;0;2;0;0;0;0
"05/09/2020";"10:30:00";"283";"ac02 - Aci";"178.15";"BR-050/MG";"Sul";"Queda de Moto";0;0;0;1;0;0;0;0;0;0;0;0;1;0;0
"06/09/2020";"12:58:00";"6";"ac03 - Aci";"113.5";"BR-050/GO";"Sul";"Saida de Pista";1;0;0;0;0;0;0;0;0;0;2;0;0;0;0
"06/09/2020";"01:31:00";"8";"ac02 - Aci";"54.32";"BR-050/MG";"Sul";"Tombamento";0;0;1;0;0;0;0;0;0;0;0;0;2;0;0
"06/09/2020";"06:27:00";"32";"ac02 - Aci";"180";"BR-050/MG";"Norte";"Queda de Moto";0;0;0;1;0;0;0;0;0;0;0;1;0;0;0
"06/09/2020";"09:45:00";"73";"ac02 - Aci";"181.55";"BR-050/GO";"Sul";"Capotamento";1;0;0;0;0;0;0;0;0;0;0;0;1;0;0
"06/09/2020";"10:46:00";"91";"ac02 - Aci";"9.9";"BR-050/MG";"Norte";"Queda de Moto";0;0;0;1;0;0;0;0;0;0;1;1;0;0;0
"06/09/2020";"06:54:00";"163";"ac02 - Aci";"277.5";"BR-050/GO";"Norte";"Colisão lateral no mesmo sentido";0;0;1;1;0;0;0;0;0;0;1;0;1;0;0