data;horario;n_da_ocorrencia;tipo_de_ocorrencia;km;trecho;sentido;tipo_de_acidente;automovel;bicicleta;caminhao;moto;onibus;outros;tracao_animal;transporte_de_cargas_especiais;trator_maquinas;utilitarios;ilesos;levemente_feridos;moderadamente_feridos;gravemente_feridos;mortos
"03/02/2021";"01:36:00";"8";"ac03 - Aci";"127.5";"BR-050/MG";"Norte";"Colisão Traseira";0;0;0;0;0;1;0;0;0;1;1;0;0;0;0
"03/02/2021";"08:16:00";"50";"ac03 - Aci";"176.1";"BR-050/MG";"Norte";"Engavetamento";2;0;2;0;0;1;0;0;0;0;5;0;0;0;0
"03/02/2021";"08:50:00";"60";"ac02 - Aci";"177.3";"BR-050/MG";"Norte";"Colisão Traseira";0;0;0;1;0;0;0;0;0;1;1;1;0;0;0
"03/02/2021";"07:01:00";"258";"ac02 - Aci";"19.2";"CT-UDI-MG";"Sul";"Colisão Traseira";1;1;0;0;0;0;0;0;0;0;0;0;0;1;0
"05/02/2021";"12:40:00";"6";"ac02 - Aci";"98.4";"BR-050/MG";"Norte";"Choque - Elemento de Drenagem";1;0;0;0;0;0;0;0;0;0;0;4;0;0;0
"05/02/2021";"03:48:00";"33";"ac02 - Aci";"63.3";"BR-050/MG";"Sul";"Choque - Elemento de Drenagem";0;0;0;0;0;0;0;0;0;1;0;1;0;0;0
"05/02/2021";"07:59:00";"77";"ac02 - Aci";"37.65";"BR-050/MG";"Norte";"Colisão lateral no mesmo sentido";1;0;0;2;0;0;0;0;0;0;2;0;2;0;0
"05/02/2021";"10:43:00";"122";"ac02 - Aci";"96.1";"BR-050/GO";"Norte";"Colisão Transversal";0;0;1;0;0;0;0;0;0;1;1;1;0;0;0
"05/02/2021";"12:22:00";"154";"ac02 - Aci";"45.1";"BR-050/MG";"Sul";"Choque - Defensa metálica";0;0;1;0;0;0;0;0;0;0;0;1;0;0;0
"05/02/2021";"01:49:00";"176";"ac02 - Aci";"39.4";"BR-050/MG";"Norte";"Choque - New jersey";1;0;0;0;0;0;0;0;0;0;1;1;0;0;0
"06/02/2021";"06:56:00";"37";"ac03 - Aci";"260.12";"BR-050/GO";"Norte";"Choque - Defensa metálica";1;0;0;0;0;0;0;0;0;0;1;0;0;0;0
"06/02/2021";"10:33:00";"89";"ac03 - Aci";"52";"BR-050/MG";"Sul";"Choque - Defensa metálica";1;0;0;0;0;0;0;0;0;0;1;0;0;0;0
"06/02/2021";"01:43:00";"140";"ac02 - Aci";"148.4";"BR-050/MG";"Sul";"Capotamento";1;0;1;0;0;0;0;0;0;0;1;1;0;0;0
"06/02/2021";"01:47:00";"143";"ac02 - Aci";"6.6";"CT-UDI-MG";"Norte";"Capotamento";1;0;0;0;0;0;0;0;0;0;0;1;0;0;0
"06/02/2021";"02:55:00";"158";"ac03 - Aci";"49.8";"BR-050/MG";"Sul";"Choque - Meio fio";1;0;0;0;0;0;0;0;0;0;3;0;0;0;0
"06/02/2021";"04:45:00";"192";"ac03 - Aci";"198";"BR-050/MG";"Sul";"Engavetamento";3;0;1;0;0;0;0;0;0;1;8;0;0;0;0
"06/02/2021";"04:51:00";"194";"ac03 - Aci";"37.8";"BR-050/MG";"Sul";"Capotamento";0;0;0;0;0;0;0;0;0;1;1;0;0;0;0
"06/02/2021";"05:45:00";"209";"ac02 - Aci";"17";"BR-050/MG";"Norte";"Choque - Elemento de Drenagem";1;0;0;0;0;0;0;0;0;0;0;1;0;0;0
"06/02/2021";"07:04:00";"231";"ac02 - Aci";"46.97";"BR-050/MG";"Sul";"Capotamento";1;0;0;0;0;0;0;0;0;0;0;0;2;0;0
"07/02/2021";"05:06:00";"20";"ac03 - Aci";"154.5";"BR-050/MG";"Norte";"Choque - Outros";1;0;0;0;0;0;0;0;0;0;1;0;0;0;0
"07/02/2021";"12:21:00";"123";"ac03 - Aci";"93.15";"BR-050/MG";"Sul";"Choque - Sinalização";1;0;0;0;0;0;0;0;0;0;4;0;0;0;0
"07/02/2021";"03:52:00";"172";"ac02 - Aci";"1";"BR-050/MG";"Sul";"Choque - Elemento de Drenagem";1;0;0;0;0;0;0;0;0;0;0;1;0;0;0
"07/02/2021";"04:28:00";"180";"ac03 - Aci";"244";"BR-050/GO";"Norte";"Choque - Meio fio";1;0;0;0;0;0;0;0;0;0;1;0;0;0;0
"07/02/2021";"04:35:00";"182";"ac03 - Aci";"221.025";"BR-050/GO";"Norte";"Choque - Sinalização";0;0;1;0;0;0;0;0;0;0;1;0;0;0;0
"07/02/2021";"04:57:00";"187";"ac03 - Aci";"20";"BR-050/MG";"Norte";"Choque - Meio fio";1;0;0;0;0;0;0;0;0;0;2;0;0;0;0
"07/02/2021";"05:07:00";"191";"ac03 - Aci";"235.34";"BR-050/GO";"Norte";"Choque - Outros";1;0;0;0;0;0;0;0;0;0;5;0;0;0;0
"07/02/2021";"06:39:00";"211";"ac03 - Aci";"98";"BR-050/GO";"Norte";"Choque - Sinalização";0;0;0;0;0;0;0;0;0;1;2;0;0;0;0
"07/02/2021";"07:45:00";"226";"ac03 - Aci";"201.28";"BR-050/GO";"Sul";"Capotamento";1;0;0;0;0;0;0;0;0;0;5;0;0;0;0
"07/02/2021";"08:52:00";"237";"ac01 - Aci";"50.3";"BR-050/MG";"Sul";"Atropelamento - Pedestre";0;0;1;0;0;0;0;0;0;0;0;0;0;0;1
"08/02/2021";"11:46:00";"115";"ac02 - Aci";"192.25";"BR-050/MG";"Sul";"Engavetamento";0;0;1;0;1;0;0;0;1;2;4;0;1;0;0
"08/02/2021";"04:33:00";"164";"ac02 - Aci";"174";"BR-050/MG";"Norte";"Choque - New jersey";0;0;1;0;0;0;0;0;0;0;0;1;1;0;0
"08/02/2021";"05:30:00";"181";"ac03 - Aci";"177";"BR-050/MG";"Sul";"Colisão Traseira";1;0;0;0;0;1;0;0;0;0;2;0;0;0;0
"08/02/2021";"09:35:00";"241";"ac02 - Aci";"21.5";"CT-UDI-MG";"Sul";"Choque - New jersey";1;0;0;0;0;0;0;0;0;0;0;0;1;0;0
"09/02/2021";"12:45:00";"151";"ac02 - Aci";"190.2";"BR-050/MG";"Sul";"Colisão Traseira";2;0;0;0;0;0;0;0;0;0;1;1;0;0;0
"09/02/2021";"01:36:00";"160";"ac02 - Aci";"55.6";"BR-050/MG";"Norte";"Choque - New jersey";0;0;1;0;0;0;0;0;0;0;0;1;0;0;0
"09/02/2021";"05:48:00";"218";"ac03 - Aci";"147.1";"BR-050/MG";"Norte";"Choque - Defensa metálica";0;0;1;0;0;0;0;0;0;0;1;0;0;0;0
"09/02/2021";"06:00:00";"222";"ac02 - Aci";"189";"BR-050/MG";"Norte";"Queda de Moto";0;0;0;1;0;0;0;0;0;0;0;2;0;0;0
"09/02/2021";"06:02:00";"223";"ac02 - Aci";"147.75";"BR-050/MG";"Sul";"Choque - Elemento de Drenagem";0;0;1;0;0;0;0;0;0;0;1;0;1;0;0
"09/02/2021";"08:44:00";"256";"ac02 - Aci";"310";"BR-050/GO";"Norte";"Colisão lateral no sentido contrário";0;0;1;0;0;0;0;0;0;1;1;0;0;1;0
"10/02/2021";"06:38:00";"235";"ac03 - Aci";"190.6";"BR-050/MG";"Sul";"Colisão Traseira";0;0;0;0;1;0;0;0;0;1;1;0;0;0;0
"11/02/2021";"02:42:00";"22";"ac03 - Aci";"177";"BR-050/MG";"Norte";"Choque - Sinalização";1;0;0;0;0;0;0;0;0;0;1;0;0;0;0
"11/02/2021";"07:23:00";"54";"ac03 - Aci";"145.1";"BR-050/MG";"Sul";"Choque - Talude ou Barranco";1;0;0;0;0;0;0;0;0;0;1;0;0;0;0
"11/02/2021";"08:42:00";"83";"ac02 - Aci";"192.95";"BR-050/MG";"Sul";"Colisão Traseira";1;0;0;0;0;0;0;0;0;1;2;0;1;0;0
"11/02/2021";"09:29:00";"102";"ac02 - Aci";"301.3";"BR-050/GO";"Norte";"Colisão Traseira";0;0;2;0;0;0;0;0;0;0;2;0;2;0;0
"11/02/2021";"10:09:00";"117";"ac02 - Aci";"227.04";"BR-050/GO";"Norte";"Choque - Defensa metálica";0;0;0;0;0;0;0;0;0;1;0;0;1;0;0
"11/02/2021";"01:26:00";"176";"ac03 - Aci";"6.5";"BR-050/MG";"Norte";"Choque - Veiculo parado no acostamento";0;0;2;0;0;0;0;0;0;0;2;0;0;0;0
"11/02/2021";"03:54:00";"209";"ac03 - Aci";"46.5";"BR-050/MG";"Sul";"Colisão Traseira";0;0;0;0;0;0;0;0;0;2;2;0;0;0;0
"11/02/2021";"04:32:00";"216";"ac03 - Aci";"34.7";"BR-050/MG";"Sul";"Choque - Veiculo parado no acostamento";0;0;1;0;0;1;0;0;0;0;2;0;0;0;0
"11/02/2021";"04:52:00";"225";"ac03 - Aci";"245.1";"BR-050/GO";"Sul";"Choque - Talude ou Barranco";1;0;0;0;0;0;0;0;0;0;1;0;0;0;0
"11/02/2021";"06:35:00";"250";"ac03 - Aci";"61";"BR-050/MG";"Norte";"Colisão lateral no mesmo sentido";1;0;0;0;0;0;0;0;0;1;2;0;0;0;0
"12/02/2021";"04:19:00";"31";"ac03 - Aci";"181.2";"BR-050/MG";"Sul";"Atropelamento de Animal";0;0;1;0;0;0;0;0;0;0;1;0;0;0;0
"12/02/2021";"04:55:00";"39";"ac03 - Aci";"201.28";"BR-050/GO";"Sul";"Queda de Moto";0;0;0;1;0;0;0;0;0;0;1;0;0;0;0
"12/02/2021";"07:37:00";"64";"ac03 - Aci";"42";"BR-050/MG";"Norte";"Engavetamento";0;0;2;0;0;1;0;0;0;0;3;0;0;0;0
"12/02/2021";"08:32:00";"82";"ac03 - Aci";"196.6";"BR-050/GO";"Sul";"Choque - Defensa metálica";1;0;0;0;0;0;0;0;0;0;2;0;0;0;0
"12/02/2021";"10:04:00";"106";"ac02 - Aci";"198.17";"BR-050/MG";"Norte";"Atropelamento - Funcionário";0;0;0;0;0;1;0;0;0;0;0;1;0;0;0
"12/02/2021";"01:56:00";"178";"ac02 - Aci";"30.4";"BR-050/MG";"Norte";"Choque - Defensa metálica";0;0;1;0;0;0;0;0;0;0;0;1;1;0;0
"13/02/2021";"02:52:00";"24";"ac02 - Aci";"179.15";"BR-050/MG";"Sul";"Queda de Moto";0;0;0;1;0;0;0;0;0;0;0;1;0;0;0
"13/02/2021";"12:17:00";"140";"ac03 - Aci";"204.5";"BR-050/MG";"Sul";"Choque - Talude ou Barranco";1;0;0;0;0;0;0;0;0;0;5;0;0;0;0
"13/02/2021";"01:06:00";"154";"ac03 - Aci";"281";"BR-050/GO";"Norte";"Queda de Moto";0;0;0;1;0;0;0;0;0;0;2;0;0;0;0
"13/02/2021";"03:47:00";"185";"ac02 - Aci";"234.04";"BR-050/GO";"Sul";"Choque - Defensa metálica";1;0;0;0;0;0;0;0;0;0;0;1;0;0;0
"13/02/2021";"03:59:00";"191";"ac03 - Aci";"235.25";"BR-050/GO";"Sul";"Choque - Defensa metálica";1;0;0;0;0;0;0;0;0;0;3;0;0;0;0
"13/02/2021";"05:11:00";"198";"ac03 - Aci";"216.32";"BR-050/GO";"Sul";"Choque - Outros";1;0;0;0;0;0;0;0;0;0;1;0;0;0;0
"13/02/2021";"06:12:00";"214";"ac02 - Aci";"182.5";"BR-050/GO";"Sul";"Capotamento";1;0;0;0;0;0;0;0;0;0;0;0;1;0;0
"13/02/2021";"06:20:00";"216";"ac03 - Aci";"196.45";"BR-050/GO";"Sul";"Choque - Defensa metálica";0;0;0;0;0;0;0;0;0;1;3;0;0;0;0
"13/02/2021";"08:17:00";"245";"ac03 - Aci";"136";"BR-050/MG";"Sul";"Choque - Outros";1;0;1;0;0;0;0;0;0;0;2;0;0;0;0
"13/02/2021";"11:35:00";"275";"ac02 - Aci";"275.5";"BR-050/GO";"Norte";"Choque - Sinalização";0;0;0;1;0;0;0;0;0;0;0;1;0;0;0
"14/02/2021";"10:50:00";"80";"ac01 - Aci";"17.12";"BR-050/MG";"Sul";"Choque - Defensa metálica";0;0;0;1;0;0;0;0;0;0;0;0;0;0;1
"14/02/2021";"04:19:00";"152";"ac03 - Aci";"27.35";"BR-050/MG";"Sul";"Choque - Elemento de Drenagem";1;0;0;0;0;0;0;0;0;0;1;0;0;0;0
"14/02/2021";"05:54:00";"179";"ac02 - Aci";"295.4";"BR-050/GO";"Sul";"Queda de Moto";0;0;0;1;0;0;0;0;0;0;0;1;1;0;0
"14/02/2021";"05:59:00";"180";"ac03 - Aci";"259.18";"BR-050/GO";"Norte";"Choque - Elemento de Drenagem";0;0;0;0;0;0;0;0;0;1;3;0;0;0;0
"14/02/2021";"07:46:00";"203";"ac03 - Aci";"180";"BR-050/MG";"Norte";"Choque - Elemento de Drenagem";1;0;0;0;0;0;0;0;0;0;3;0;0;0;0
"14/02/2021";"09:24:00";"225";"ac03 - Aci";"126.8";"BR-050/MG";"Sul";"Choque - Meio fio";1;0;0;0;0;0;0;0;0;0;1;0;0;0;0
"15/02/2021";"12:08:00";"3";"ac03 - Aci";"123.8";"BR-050/MG";"Sul";"Choque - Elemento de Drenagem";1;0;0;0;0;0;0;0;0;0;1;0;0;0;0
"15/02/2021";"07:54:00";"41";"ac02 - Aci";"179.2";"BR-050/MG";"Sul";"Choque - New jersey";1;0;0;0;0;0;0;0;0;0;0;1;0;0;0
"15/02/2021";"04:22:00";"241";"ac02 - Aci";"19.7";"CT-UDI-MG";"Norte";"Choque - New jersey";1;0;0;0;0;0;0;0;0;0;1;2;0;0;0
"15/02/2021";"05:03:00";"261";"ac03 - Aci";"19.95";"BR-050/MG";"Sul";"Choque - Talude ou Barranco";0;0;0;0;0;0;0;0;0;1;2;0;0;0;0
"15/02/2021";"05:17:00";"268";"ac03 - Aci";"58.2";"BR-050/MG";"Norte";"Choque - Sinalização";1;0;0;0;0;0;0;0;0;0;5;0;0;0;0
"15/02/2021";"09:28:00";"314";"ac03 - Aci";"3.75";"BR-050/MG";"Sul";"Choque - Elemento de Drenagem";1;0;0;0;0;0;0;0;0;0;1;0;0;0;0
"16/02/2021";"11:39:00";"165";"ac03 - Aci";"176";"BR-050/MG";"Sul";"Choque - Defensa metálica";0;0;1;0;0;0;0;0;0;0;2;0;0;0;0
"16/02/2021";"12:09:00";"176";"ac03 - Aci";"25.35";"BR-050/MG";"Norte";"Choque - Veiculo parado no acostamento";1;0;0;0;1;0;0;0;0;0;2;0;0;0;0
"16/02/2021";"05:36:00";"264";"ac03 - Aci";"179";"BR-050/MG";"Sul";"Colisão lateral no mesmo sentido";1;0;1;0;0;0;0;0;0;0;4;0;0;0;0
"16/02/2021";"06:24:00";"281";"ac02 - Aci";"82";"BR-050/MG";"Norte";"Colisão Traseira";1;0;1;0;0;0;0;0;0;0;1;2;0;0;0
"16/02/2021";"11:14:00";"335";"ac02 - Aci";"198";"BR-050/MG";"Sul";"Atropelamento - Funcionário";1;0;0;0;0;0;0;0;0;0;1;1;0;0;0
"17/02/2021";"01:40:00";"153";"ac03 - Aci";"29.9";"BR-050/MG";"Sul";"Choque - Defensa metálica";1;0;0;0;0;0;0;0;0;0;2;0;0;0;0
"17/02/2021";"03:08:00";"169";"ac03 - Aci";"253.24";"BR-050/GO";"Sul";"Choque - Sinalização";1;0;0;0;0;0;0;0;0;0;4;0;0;0;0
"17/02/2021";"03:37:00";"173";"ac02 - Aci";"86";"BR-050/MG";"Norte";"Capotamento";1;0;0;0;0;0;0;0;0;0;0;2;0;0;0
"18/02/2021";"03:10:00";"13";"ac03 - Aci";"226";"BR-050/GO";"Sul";"Choque - Defensa metálica";0;0;0;0;0;0;0;0;0;1;1;0;0;0;0
"18/02/2021";"05:51:00";"24";"ac02 - Aci";"17.42";"BR-050/MG";"Norte";"Choque - Veiculo parado no acostamento";1;0;1;0;0;0;0;0;0;0;1;0;0;1;0
"18/02/2021";"07:16:00";"45";"ac02 - Aci";"180";"BR-050/MG";"Sul";"Colisão lateral no mesmo sentido";1;0;0;0;0;1;0;0;0;0;0;1;0;0;0
"18/02/2021";"10:41:00";"106";"ac02 - Aci";"37.8";"BR-050/MG";"Sul";"Choque - Veiculo parado no acostamento";1;0;1;0;0;0;0;0;0;0;1;0;2;1;0
"18/02/2021";"01:12:00";"152";"ac03 - Aci";"198";"BR-050/MG";"Norte";"Choque - Veiculo parado na pista";0;0;2;0;0;0;0;0;0;0;1;0;0;0;0
"19/02/2021";"12:34:00";"144";"ac02 - Aci";"119.9";"BR-050/MG";"Norte";"Capotamento";1;0;0;0;0;0;0;0;0;0;0;1;0;0;0
"19/02/2021";"01:32:00";"156";"ac02 - Aci";"201.4";"BR-050/GO";"Sul";"Colisão lateral no mesmo sentido";0;0;1;0;0;0;0;0;0;1;1;1;0;0;0
"19/02/2021";"04:13:00";"212";"ac02 - Aci";"270";"BR-050/GO";"Norte";"Capotamento";0;0;0;0;0;0;0;0;0;1;0;0;3;2;0
"19/02/2021";"05:19:00";"236";"ac02 - Aci";"18";"CT-UDI-MG";"Sul";"Colisão lateral no mesmo sentido";1;0;1;0;0;0;0;0;0;0;1;2;0;0;0
"19/02/2021";"08:50:00";"297";"ac03 - Aci";"262";"BR-050/GO";"Norte";"Colisão Traseira";0;0;2;0;0;0;0;0;0;0;2;0;0;0;0
"20/02/2021";"08:57:00";"280";"ac02 - Aci";"9.3";"CT-UDI-MG";"Sul";"Capotamento";1;0;0;0;0;0;0;0;0;0;0;2;0;0;0
"20/02/2021";"11:33:00";"309";"ac02 - Aci";"116.4";"BR-050/GO";"Norte";"Capotamento";1;0;0;0;0;0;0;0;0;0;0;1;0;0;0
"21/02/2021";"01:59:00";"132";"ac02 - Aci";"46.7";"BR-050/MG";"Norte";"Colisão Transversal";0;0;1;0;0;0;0;0;0;2;4;0;1;0;0
"21/02/2021";"02:41:00";"140";"ac03 - Aci";"130.4";"BR-050/GO";"Sul";"Choque - Outros";1;0;0;0;0;0;0;0;0;0;4;0;0;0;0
"21/02/2021";"04:27:00";"166";"ac02 - Aci";"260.26";"BR-050/GO";"Norte";"Capotamento";1;0;0;0;0;0;0;0;0;0;0;3;0;0;0
"21/02/2021";"06:08:00";"187";"ac02 - Aci";"197";"BR-050/MG";"Norte";"Colisão Traseira";1;0;0;0;0;0;0;0;0;1;3;1;0;0;0
"21/02/2021";"07:02:00";"212";"ac03 - Aci";"62.1";"BR-050/MG";"Norte";"Choque - Elemento de Drenagem";1;0;0;0;0;0;0;0;0;0;1;0;0;0;0
"21/02/2021";"10:17:00";"250";"ac03 - Aci";"59.03";"BR-050/MG";"Sul";"Choque - Elemento de Drenagem";0;0;0;0;0;0;0;0;0;1;1;0;0;0;0
"22/02/2021";"07:01:00";"39";"ac03 - Aci";"13";"BR-050/MG";"Norte";"Colisão Traseira";0;0;1;1;0;0;0;0;0;0;2;0;0;0;0
"22/02/2021";"02:52:00";"149";"ac03 - Aci";"14.1";"BR-050/MG";"Norte";"Choque - Defensa metálica";0;0;1;0;0;0;0;0;0;0;1;0;0;0;0
"22/02/2021";"03:43:00";"162";"ac02 - Aci";"118.92";"BR-050/MG";"Sul";"Choque - Meio fio";0;0;0;0;0;0;0;0;0;1;1;1;0;0;0
"22/02/2021";"08:47:00";"233";"ac03 - Aci";"104.25";"BR-050/MG";"Sul";"Colisão Traseira";0;0;2;0;0;0;0;0;0;0;2;0;0;0;0
"23/02/2021";"10:23:00";"127";"ac02 - Aci";"204.88";"BR-050/MG";"Norte";"Atropelamento - Pedestre";0;0;1;0;0;0;0;0;0;0;1;0;1;0;0
"23/02/2021";"11:41:00";"164";"ac03 - Aci";"206.55";"BR-050/MG";"Sul";"Colisão Traseira";0;0;2;0;0;1;0;0;0;0;2;0;0;0;0
"24/02/2021";"03:52:00";"26";"ac02 - Aci";"60.2";"BR-050/MG";"Sul";"Choque - Elemento de Drenagem";0;0;0;0;0;1;0;0;0;1;0;1;0;0;0
"24/02/2021";"07:12:00";"43";"ac02 - Aci";"179.1";"BR-050/MG";"Norte";"Choque - Objeto sobre a pista";0;0;0;1;0;0;0;0;0;0;0;1;0;0;0
"24/02/2021";"10:25:00";"119";"ac03 - Aci";"259.6";"BR-050/GO";"Norte";"Capotamento";0;0;1;0;0;0;0;0;0;0;1;0;0;0;0
"24/02/2021";"05:48:00";"263";"ac03 - Aci";"214.6";"BR-050/GO";"Norte";"Choque - Outros";1;0;0;0;0;0;0;0;0;0;1;0;0;0;0
"25/02/2021";"02:25:00";"12";"ac03 - Aci";"133.5";"BR-050/GO";"Norte";"Tombamento";0;0;1;0;0;0;0;0;0;0;1;0;0;0;0
"25/02/2021";"12:49:00";"123";"ac02 - Aci";"178.6";"BR-050/MG";"Norte";"Choque - Meio fio";0;0;1;0;0;0;0;0;0;0;0;1;0;0;0
"25/02/2021";"03:07:00";"146";"ac03 - Aci";"193";"BR-050/MG";"Sul";"Colisão lateral no mesmo sentido";1;0;1;0;0;0;0;0;0;0;2;0;0;0;0
"25/02/2021";"04:08:00";"158";"ac03 - Aci";"108.64";"BR-050/GO";"Norte";"Choque - Talude ou Barranco";1;0;0;0;0;0;0;0;0;0;4;0;0;0;0
"25/02/2021";"05:13:00";"175";"ac03 - Aci";"39.7";"BR-050/MG";"Norte";"Choque - Defensa metálica";1;0;0;0;0;0;0;0;0;0;1;0;0;0;0
"25/02/2021";"05:15:00";"176";"ac03 - Aci";"79";"BR-050/MG";"Sul";"Colisão Traseira";0;0;2;0;0;0;0;0;0;1;3;0;0;0;0
"25/02/2021";"07:56:00";"219";"ac03 - Aci";"153.6";"BR-050/MG";"Sul";"Choque - Elemento de Drenagem";1;0;0;0;0;0;0;0;0;0;1;0;0;0;0
"25/02/2021";"09:40:00";"238";"ac03 - Aci";"150.36";"BR-050/GO";"Sul";"Choque - Outros";0;0;0;0;0;0;0;0;0;1;1;0;0;0;0
"25/02/2021";"10:21:00";"242";"ac02 - Aci";"112.05";"BR-050/GO";"Norte";"Colisão lateral no mesmo sentido";1;0;0;1;0;0;0;0;0;0;4;1;0;0;0
"26/02/2021";"04:11:00";"203";"ac02 - Aci";"293.65";"BR-050/GO";"Sul";"Queda de Moto";0;0;0;1;0;0;0;0;0;0;0;2;0;0;0
"26/02/2021";"04:14:00";"205";"ac03 - Aci";"189.1";"BR-050/MG";"Sul";"Colisão Traseira";1;0;1;0;1;0;0;0;0;0;33;0;0;0;0
"26/02/2021";"11:35:00";"287";"ac03 - Aci";"21.1";"BR-050/MG";"Sul";"Choque - Elemento de Drenagem";0;0;1;0;0;0;0;0;0;0;1;0;0;0;0
"27/02/2021";"06:11:00";"27";"ac03 - Aci";"213.8";"BR-050/GO";"Norte";"Choque - Outros";1;0;0;0;0;1;0;0;0;0;4;0;0;0;0
"27/02/2021";"01:05:00";"184";"ac03 - Aci";"52.9";"BR-050/MG";"Sul";"Choque - Sinalização";0;0;1;0;0;0;0;0;0;0;1;0;0;0;0
"27/02/2021";"03:08:00";"216";"ac03 - Aci";"1.54";"BR-050/MG";"Sul";"Tombamento";0;0;1;0;0;0;0;0;0;0;3;0;0;0;0
"27/02/2021";"03:32:00";"219";"ac03 - Aci";"149.3";"BR-050/GO";"Norte";"Choque - Arvore";1;0;0;0;0;0;0;0;0;0;1;0;0;0;0
"27/02/2021";"04:14:00";"231";"ac03 - Aci";"185";"BR-050/GO";"Norte";"Choque - Meio fio";1;0;0;0;0;0;0;0;0;0;1;0;0;0;0
"28/02/2021";"03:44:00";"187";"ac02 - Aci";"145";"BR-050/MG";"Sul";"Choque - Talude ou Barranco";0;0;0;0;0;0;0;0;0;1;0;1;0;0;0
"28/02/2021";"03:44:00";"186";"ac03 - Aci";"47";"BR-050/MG";"Norte";"Choque - Defensa metálica";0;0;0;0;0;0;0;0;0;1;1;0;0;0;0
"28/02/2021";"05:10:00";"203";"ac03 - Aci";"47.5";"BR-050/MG";"Norte";"Choque - Sinalização";1;0;0;0;0;0;0;0;0;0;1;0;0;0;0
"28/02/2021";"07:35:00";"252";"ac02 - Aci";"148";"BR-050/GO";"Norte";"Capotamento";1;0;0;0;0;0;0;0;0;0;0;1;0;0;0
"01/03/2021";"07:34:00";"217";"ac02 - Aci";"266";"BR-050/GO";"Norte";"Queda de Ciclista";0;1;0;0;0;0;0;0;0;0;0;1;0;0;0
"01/03/2021";"08:57:00";"229";"ac03 - Aci";"98";"BR-050/GO";"Sul";"Colisão Transversal";1;0;1;0;0;0;0;0;0;1;7;0;0;0;0
"01/03/2021";"10:54:00";"245";"ac03 - Aci";"179";"BR-050/MG";"Norte";"Choque - Defensa metálica";1;0;0;0;0;0;0;0;0;0;5;0;0;0;0
"02/03/2021";"11:51:00";"154";"ac02 - Aci";"167";"BR-050/MG";"Sul";"Colisão lateral no mesmo sentido";0;0;0;1;0;1;0;0;0;0;0;1;0;0;0
"02/03/2021";"01:53:00";"181";"ac02 - Aci";"279.6";"BR-050/GO";"Sul";"Colisão lateral no sentido contrário";0;0;0;1;0;0;0;0;0;1;1;2;0;0;0
"02/03/2021";"06:55:00";"250";"ac02 - Aci";"280.7";"BR-050/GO";"Sul";"Colisão lateral no sentido contrário";1;0;0;1;0;0;0;0;0;0;3;0;1;0;0
"02/03/2021";"07:54:00";"263";"ac02 - Aci";"175.3";"BR-050/MG";"Norte";"Colisão Traseira";2;0;0;0;0;0;0;0;0;0;2;1;0;0;0
"02/03/2021";"08:03:00";"268";"ac03 - Aci";"176";"BR-050/MG";"Norte";"Colisão lateral no mesmo sentido";1;0;1;0;0;0;0;0;0;0;3;0;0;0;0
"02/03/2021";"08:15:00";"281";"ac03 - Aci";"176.3";"BR-050/MG";"Norte";"Colisão Traseira";0;0;2;0;0;0;0;0;0;0;2;0;0;0;0
"02/03/2021";"09:47:00";"289";"ac02 - Aci";"60.84";"BR-050/MG";"Norte";"Colisão Traseira";1;0;1;0;0;0;0;0;0;0;4;1;0;0;0
"03/03/2021";"05:37:00";"21";"ac03 - Aci";"179";"BR-050/MG";"Norte";"Choque - Outros";0;0;1;0;0;0;0;0;0;0;1;0;0;0;0
"03/03/2021";"11:15:00";"342";"ac03 - Aci";"29.9";"BR-050/MG";"Norte";"Choque - Elemento de Drenagem";0;0;1;0;0;0;0;0;0;0;1;0;0;0;0
"04/03/2021";"04:38:00";"21";"ac02 - Aci";"82";"BR-050/MG";"Norte";"Colisão Traseira";0;0;1;0;0;0;0;0;0;1;1;1;0;0;0
"04/03/2021";"05:58:00";"24";"ac03 - Aci";"249.8";"BR-050/GO";"Sul";"Choque - Elemento de Drenagem";0;0;1;0;0;0;0;0;0;0;2;0;0;0;0
"04/03/2021";"09:29:00";"90";"ac03 - Aci";"244.1";"BR-050/GO";"Norte";"Tombamento";0;0;1;0;0;0;0;0;0;0;1;0;0;0;0
"04/03/2021";"10:57:00";"113";"ac03 - Aci";"129.78";"BR-050/MG";"Sul";"Choque - Objeto sobre a pista";0;0;0;0;0;0;0;0;0;1;1;0;0;0;0
"05/03/2021";"02:15:00";"180";"ac03 - Aci";"229.49";"BR-050/GO";"Sul";"Choque - Defensa metálica";1;0;0;0;0;0;0;0;0;0;4;0;0;0;0
"05/03/2021";"02:19:00";"182";"ac03 - Aci";"230";"BR-050/GO";"Norte";"Capotamento";0;0;0;0;0;0;0;0;0;1;2;0;0;0;0
"05/03/2021";"07:48:00";"275";"ac03 - Aci";"54.8";"BR-050/MG";"Norte";"Choque - Elemento de Drenagem";1;0;1;0;0;0;0;0;0;0;1;0;0;0;0
"06/03/2021";"04:06:00";"187";"ac02 - Aci";"27.6";"BR-050/MG";"Sul";"Choque - Defensa metálica";0;0;1;0;0;0;0;0;0;0;0;0;1;0;0
"06/03/2021";"06:16:00";"226";"ac02 - Aci";"17.075";"BR-050/MG";"Sul";"Capotamento";0;0;0;0;0;0;0;0;0;1;0;2;0;0;0
"06/03/2021";"06:24:00";"227";"ac03 - Aci";"209.9";"BR-050/GO";"Sul";"Choque - Talude ou Barranco";1;0;0;0;0;0;0;0;0;0;1;0;0;0;0
"06/03/2021";"11:11:00";"269";"ac03 - Aci";"6";"CT-UDI-MG";"Sul";"Atropelamento de Animal";1;0;0;0;0;0;0;0;0;0;2;0;0;0;0