data;horario;n_da_ocorrencia;tipo_de_ocorrencia;km;trecho;sentido;tipo_de_acidente;automovel;bicicleta;caminhao;moto;onibus;outros;tracao_animal;transporte_de_cargas_especiais;trator_maquinas;utilitarios;ilesos;levemente_feridos;moderadamente_feridos;gravemente_feridos;mortos
"07/05/2021";"03:00:00";"29";"ac03 - Aci";"126.45";"BR-050/MG";"Sul";"Choque - Talude ou Barranco";0;0;1;0;0;0;0;0;0;0;1;0;0;0;0
"07/05/2021";"08:18:00";"82";"ac02 - Aci";"16.86";"BR-050/MG";"Norte";"Colisão lateral no mesmo sentido";0;0;2;0;0;0;0;0;0;0;1;1;0;0;0
"07/05/2021";"12:22:00";"170";"ac02 - Aci";"277.3";"BR-050/GO";"Sul";"Choque - Veiculo parado no acostamento";0;0;1;0;0;0;0;0;0;1;1;1;0;0;0
"07/05/2021";"03:40:00";"239";"ac02 - Aci";"207";"BR-050/GO";"Sul";"Queda de Moto";0;0;0;1;0;0;0;0;0;0;1;1;0;0;0
"07/05/2021";"07:32:00";"320";"ac03 - Aci";"42.3";"BR-050/MG";"Norte";"Tombamento";0;0;1;0;0;0;0;0;0;0;2;0;0;0;0
"07/05/2021";"09:24:00";"341";"ac03 - Aci";"234";"BR-050/GO";"Norte";"Queda de Moto";0;0;0;1;0;0;0;0;0;0;0;0;0;0;0
"08/05/2021";"10:18:00";"122";"ac02 - Aci";"190.4";"BR-050/GO";"Sul";"Capotamento";1;0;0;0;0;0;0;0;0;0;0;1;0;0;0
"08/05/2021";"03:53:00";"252";"ac03 - Aci";"95.7";"BR-050/GO";"Sul";"Choque - New jersey";1;0;0;0;0;0;0;0;0;0;1;0;0;0;0
"08/05/2021";"06:05:00";"290";"ac03 - Aci";"51.6";"BR-050/MG";"Norte";"Colisão Traseira";2;0;0;0;0;0;0;0;0;0;9;0;0;0;0
"08/05/2021";"11:43:00";"374";"ac03 - Aci";"13.1";"BR-050/MG";"Norte";"Choque - Meio fio";1;0;0;0;0;0;0;0;0;0;1;0;0;0;0
"09/05/2021";"07:31:00";"35";"ac03 - Aci";"279.89";"BR-050/GO";"Norte";"Colisão Transversal";0;0;0;1;0;1;0;0;0;1;2;0;0;0;0
"09/05/2021";"09:09:00";"67";"ac02 - Aci";"136.58";"BR-050/MG";"Norte";"Queda de Ciclista";0;1;0;0;0;0;0;0;0;0;0;0;1;0;0
"09/05/2021";"02:20:00";"160";"ac03 - Aci";"151.9";"BR-050/MG";"Sul";"Choque - Outros";1;0;0;0;0;0;0;0;0;0;1;0;0;0;0
"09/05/2021";"06:36:00";"241";"ac02 - Aci";"133.85";"BR-050/MG";"Norte";"Choque - Sinalização";0;0;1;0;0;0;0;0;0;0;0;0;1;0;0
"09/05/2021";"09:28:00";"298";"ac03 - Aci";"93.4";"BR-050/MG";"Sul";"Colisão lateral no mesmo sentido";1;0;1;0;0;0;0;0;0;0;2;0;0;0;0
"09/05/2021";"09:35:00";"299";"ac03 - Aci";"180.9";"BR-050/MG";"Norte";"Choque - Elemento de Drenagem";1;0;0;0;0;0;0;0;0;0;1;0;0;0;0
"09/05/2021";"10:34:00";"308";"ac03 - Aci";"202";"BR-050/MG";"Norte";"Tombamento";0;0;1;0;0;0;0;0;0;0;0;0;0;0;0
"10/05/2021";"07:45:00";"56";"ac03 - Aci";"206";"BR-050/MG";"Sul";"Colisão Traseira";0;0;2;0;0;0;0;0;0;1;3;0;0;0;0
"10/05/2021";"08:01:00";"60";"ac03 - Aci";"206";"BR-050/MG";"Norte";"Colisão lateral no mesmo sentido";0;0;0;0;0;2;0;0;0;0;0;0;0;0;0
"10/05/2021";"06:29:00";"312";"ac02 - Aci";"36";"BR-050/MG";"Sul";"Colisão Traseira";2;0;0;0;0;0;0;0;0;0;4;1;0;0;0
"11/05/2021";"12:32:00";"7";"ac03 - Aci";"306.45";"BR-050/GO";"Norte";"Colisão Traseira";0;0;2;0;0;0;0;0;0;0;2;0;0;0;0
"11/05/2021";"07:10:00";"46";"ac02 - Aci";"136";"BR-050/MG";"Sul";"Choque - Elemento de Drenagem";1;0;0;0;0;0;0;0;0;0;0;1;0;0;0
"11/05/2021";"07:15:00";"48";"ac03 - Aci";"281";"BR-050/GO";"Norte";"Colisão Transversal";1;0;0;0;0;1;0;0;0;0;1;0;0;0;0
"11/05/2021";"01:12:00";"199";"ac03 - Aci";"281.5";"BR-050/GO";"Norte";"Colisão lateral no sentido contrário";1;0;1;0;0;0;0;0;0;0;2;0;0;0;0
"11/05/2021";"08:33:00";"350";"ac03 - Aci";"50";"BR-050/MG";"Sul";"Colisão Traseira";1;0;1;0;0;0;0;0;0;0;3;0;0;0;0
"12/05/2021";"01:43:00";"215";"ac02 - Aci";"33.74";"BR-050/MG";"Sul";"Colisão Traseira";2;0;0;0;0;0;0;0;0;0;4;1;0;0;0
"12/05/2021";"04:05:00";"281";"ac03 - Aci";"165.02";"BR-050/GO";"Norte";"Choque - Elemento de Drenagem";0;0;0;0;0;0;0;0;0;1;1;0;0;0;0
"13/05/2021";"03:49:00";"28";"ac03 - Aci";"153.35";"BR-050/MG";"Norte";"Choque - Talude ou Barranco";0;0;1;0;0;0;0;0;0;0;1;0;0;0;0
"14/05/2021";"08:35:00";"77";"ac02 - Aci";"104.9";"BR-050/MG";"Norte";"Choque - Veiculo parado na pista";1;0;0;1;0;0;0;0;0;0;3;1;0;0;0
"14/05/2021";"10:44:00";"361";"ac03 - Aci";"122";"BR-050/GO";"Sul";"Tombamento";0;0;1;0;0;0;0;0;0;0;1;0;0;0;0
"15/05/2021";"04:04:00";"25";"ac03 - Aci";"133.2";"BR-050/GO";"Sul";"Choque - Elemento de Drenagem";0;0;1;0;0;0;0;0;0;0;1;0;0;0;0
"15/05/2021";"06:09:00";"38";"ac03 - Aci";"22";"BR-050/MG";"Sul";"Choque - Meio fio";1;0;0;0;0;0;0;0;0;0;3;0;0;0;0
"15/05/2021";"07:08:00";"53";"ac02 - Aci";"174.07";"BR-050/MG";"Norte";"Queda de Moto";0;0;0;1;0;0;0;0;0;0;0;1;0;0;0
"15/05/2021";"09:46:00";"101";"ac03 - Aci";"310.9";"BR-050/GO";"Sul";"Colisão Traseira";1;0;1;0;0;0;0;0;0;0;4;0;0;0;0
"15/05/2021";"11:40:00";"147";"ac03 - Aci";"24.76";"BR-050/MG";"Sul";"Choque - Elemento de Drenagem";0;0;0;0;0;0;0;0;0;2;2;0;0;0;0
"15/05/2021";"03:24:00";"205";"ac02 - Aci";"105";"BR-050/MG";"Sul";"Choque - Sinalização";0;0;1;0;0;0;0;0;0;0;0;1;0;0;0
"16/05/2021";"12:49:00";"4";"ac02 - Aci";"36.6";"BR-050/MG";"Norte";"Engavetamento";1;0;0;0;0;0;0;0;0;2;5;0;2;0;0
"16/05/2021";"01:32:00";"8";"ac03 - Aci";"111.5";"BR-050/MG";"Sul";"Colisão Traseira";0;0;1;0;0;0;0;0;0;1;1;0;0;0;0
"16/05/2021";"06:43:00";"24";"ac03 - Aci";"293.54";"BR-050/GO";"Norte";"Choque - Defensa metálica";1;0;0;0;0;0;0;0;0;0;2;0;0;0;0
"16/05/2021";"06:48:00";"237";"ac03 - Aci";"96.1";"BR-050/GO";"Norte";"Colisão Traseira";2;0;0;0;0;0;0;0;0;0;3;0;0;0;0
"16/05/2021";"08:19:00";"261";"ac03 - Aci";"183";"BR-050/MG";"Norte";"Queda de Moto";0;0;0;1;0;0;0;0;0;0;1;0;0;0;0
"17/05/2021";"03:21:00";"241";"ac02 - Aci";"48.28";"BR-050/MG";"Norte";"Queda de Moto";0;0;0;1;0;0;0;0;0;0;0;2;0;0;0
"17/05/2021";"04:09:00";"255";"ac03 - Aci";"57.25";"BR-050/MG";"Sul";"Colisão lateral no mesmo sentido";1;0;1;0;0;0;0;0;0;0;5;0;0;0;0
"17/05/2021";"06:01:00";"286";"ac02 - Aci";"280.9";"BR-050/GO";"Sul";"Colisão lateral no mesmo sentido";1;0;1;0;0;0;0;0;0;0;1;1;0;0;0
"17/05/2021";"07:49:00";"319";"ac03 - Aci";"54.4";"BR-050/MG";"Sul";"Tombamento";0;0;1;0;0;0;0;0;0;0;1;0;0;0;0
"18/05/2021";"09:41:00";"328";"ac03 - Aci";"84";"BR-050/MG";"Sul";"Queda de Ciclista";0;0;0;1;0;0;0;0;0;0;0;0;0;0;0
"19/05/2021";"02:28:00";"243";"ac02 - Aci";"29.1";"BR-050/MG";"Norte";"Choque - Elemento de Drenagem";0;0;0;0;0;0;0;0;0;1;0;1;0;0;0
"19/05/2021";"05:19:00";"319";"ac03 - Aci";"186.3";"BR-050/MG";"Norte";"Colisão lateral no mesmo sentido";0;0;2;0;0;0;0;0;0;0;2;0;0;0;0
"19/05/2021";"06:44:00";"344";"ac03 - Aci";"280";"BR-050/GO";"Sul";"Colisão Transversal";1;0;1;0;0;0;0;0;0;0;2;0;0;0;0
"19/05/2021";"11:08:00";"401";"ac03 - Aci";"23.84";"BR-050/MG";"Sul";"Choque - Elemento de Drenagem";1;0;0;0;0;0;0;0;0;0;1;0;0;0;0
"20/05/2021";"12:41:00";"11";"ac02 - Aci";"173.1";"BR-050/GO";"Sul";"Tombamento";0;0;1;0;0;0;0;0;0;0;0;0;1;0;0
"20/05/2021";"07:34:00";"66";"ac03 - Aci";"98.8";"BR-050/GO";"Norte";"Queda de Moto";0;0;0;1;0;0;0;0;0;0;1;0;0;0;0
"20/05/2021";"06:30:00";"328";"ac03 - Aci";"280";"BR-050/GO";"Norte";"Colisão Traseira";1;0;0;1;0;0;0;0;0;0;0;0;0;0;0
"20/05/2021";"06:44:00";"332";"ac02 - Aci";"279.7";"BR-050/GO";"Norte";"Colisão Frontal";1;0;0;1;0;0;0;0;0;0;1;1;0;0;0
"21/05/2021";"02:50:00";"36";"ac02 - Aci";"80.9";"BR-050/MG";"Norte";"Choque - Defensa metálica";1;0;0;0;0;0;0;0;0;0;0;1;0;0;0
"21/05/2021";"12:30:00";"202";"ac03 - Aci";"15.1";"CT-UDI-MG";"Norte";"Choque - Sinalização";0;0;1;0;0;0;0;0;0;0;1;0;0;0;0
"21/05/2021";"06:35:00";"320";"ac03 - Aci";"21.25";"CT-UDI-MG";"Sul";"Choque - Defensa metálica";0;0;1;0;0;0;0;0;0;0;1;0;0;0;0
"21/05/2021";"06:43:00";"324";"ac02 - Aci";"97.5";"BR-050/GO";"Norte";"Colisão Transversal";1;0;0;1;0;0;0;0;0;0;3;0;1;0;0
"21/05/2021";"07:14:00";"335";"ac01 - Aci";"174";"BR-050/MG";"Norte";"Atropelamento - Pedestre";0;0;0;1;0;0;0;0;0;0;0;0;0;0;2
"21/05/2021";"08:06:00";"346";"ac03 - Aci";"15";"CT-UDI-MG";"Norte";"Choque - Outros";0;0;1;0;0;0;0;0;0;0;0;0;0;0;0
"21/05/2021";"09:07:00";"371";"ac02 - Aci";"27.9";"BR-050/MG";"Sul";"Tombamento";0;0;1;0;0;0;0;0;0;0;0;1;0;0;0
"21/05/2021";"10:27:00";"391";"ac03 - Aci";"177";"BR-050/MG";"Norte";"Choque - Meio fio";1;0;0;0;0;0;0;0;0;0;1;0;0;0;0
"22/05/2021";"01:32:00";"182";"ac03 - Aci";"20.6";"BR-050/MG";"Norte";"Choque - Defensa metálica";1;0;0;0;0;0;0;0;0;0;3;0;0;0;0
"22/05/2021";"03:03:00";"209";"ac03 - Aci";"41.4";"BR-050/MG";"Norte";"Choque - Sinalização";0;0;1;0;0;0;0;0;0;0;1;0;0;0;0
"22/05/2021";"06:26:00";"271";"ac03 - Aci";"174";"BR-050/MG";"Norte";"Choque - Outros";1;0;0;0;0;0;0;0;0;0;0;0;0;0;0
"22/05/2021";"06:52:00";"275";"ac02 - Aci";"275";"BR-050/GO";"Sul";"Queda de Moto";0;0;0;1;0;0;0;0;0;0;0;1;0;0;0
"22/05/2021";"06:59:00";"277";"ac02 - Aci";"275";"BR-050/GO";"Norte";"Queda de Moto";0;0;0;1;0;0;0;0;0;0;0;1;0;0;0
"22/05/2021";"07:40:00";"287";"ac03 - Aci";"36.8";"BR-050/MG";"Sul";"Choque - Elemento de Drenagem";1;0;0;0;0;0;0;0;0;0;2;0;0;0;0
"22/05/2021";"07:41:00";"288";"ac03 - Aci";"60.3";"BR-050/MG";"Norte";"Colisão Traseira";1;0;1;0;0;0;0;0;0;0;5;0;0;0;0
"23/05/2021";"11:30:00";"116";"ac02 - Aci";"311";"BR-050/GO";"Sul";"Queda de Moto";0;0;0;1;0;0;0;0;0;0;0;1;0;0;0
"23/05/2021";"11:59:00";"125";"ac02 - Aci";"3.8";"BR-050/MG";"Sul";"Choque - Meio fio";0;0;0;1;0;0;0;0;0;0;0;2;0;0;0
"23/05/2021";"03:49:00";"182";"ac01 - Aci";"93.85";"BR-050/MG";"Sul";"Capotamento";1;0;0;0;0;0;0;0;0;0;0;0;0;0;1
"23/05/2021";"03:50:00";"183";"ac03 - Aci";"180";"BR-050/MG";"Sul";"Capotamento";1;0;0;0;0;0;0;0;0;0;0;0;0;0;0
"23/05/2021";"07:14:00";"245";"ac02 - Aci";"21";"CT-UDI-MG";"Sul";"Colisão Traseira";0;0;1;0;0;0;0;0;0;1;3;2;0;0;0
"23/05/2021";"07:54:00";"258";"ac03 - Aci";"19";"CT-UDI-MG";"Sul";"Choque - Outros";1;0;0;0;0;0;0;0;0;0;0;0;0;0;0
"23/05/2021";"08:18:00";"264";"ac03 - Aci";"27.7";"BR-050/MG";"Sul";"Choque - Elemento de Drenagem";0;0;1;0;0;2;0;0;0;0;1;0;0;0;0
"23/05/2021";"11:27:00";"295";"ac03 - Aci";"115";"BR-050/MG";"Norte";"Choque - Sinalização";0;0;1;0;0;0;0;0;0;0;1;0;0;0;0
"24/05/2021";"05:29:00";"32";"ac03 - Aci";"118.9";"BR-050/MG";"Norte";"Tombamento";0;0;1;0;0;0;0;0;0;0;2;0;0;0;0
"24/05/2021";"08:28:00";"77";"ac02 - Aci";"79.1";"BR-050/MG";"Norte";"Capotamento";0;0;1;0;0;0;0;0;0;0;0;1;0;0;0
"24/05/2021";"11:05:00";"143";"ac03 - Aci";"54.2";"BR-050/MG";"Sul";"Choque - Elemento de Drenagem";1;0;0;0;0;0;0;0;0;0;1;0;0;0;0
"24/05/2021";"11:18:00";"148";"ac03 - Aci";"54.3";"BR-050/MG";"Sul";"Colisão lateral no mesmo sentido";1;0;1;0;0;0;0;0;0;0;2;0;0;0;0
"24/05/2021";"08:16:00";"335";"ac03 - Aci";"97";"BR-050/GO";"Norte";"Colisão Traseira";0;0;2;0;0;0;0;0;0;0;2;0;0;0;0
"24/05/2021";"09:02:00";"346";"ac02 - Aci";"106";"BR-050/MG";"Norte";"Colisão Traseira";0;0;2;0;0;0;0;0;0;0;0;2;0;0;0
"25/05/2021";"04:33:00";"30";"ac03 - Aci";"90.25";"BR-050/MG";"Norte";"Tombamento";0;0;1;0;0;0;0;0;0;0;1;0;0;0;0
"25/05/2021";"12:09:00";"171";"ac03 - Aci";"126.5";"BR-050/MG";"Sul";"Choque - Elemento de Drenagem";1;0;0;0;0;0;0;0;0;0;1;0;0;0;0
"25/05/2021";"05:02:00";"261";"ac02 - Aci";"176.2";"BR-050/MG";"Norte";"Queda de Moto";0;0;0;1;0;0;0;0;0;0;0;1;0;0;0
"25/05/2021";"05:49:00";"280";"ac03 - Aci";"176";"BR-050/MG";"Norte";"Engavetamento";3;0;0;0;0;0;0;0;0;0;6;0;0;0;0
"25/05/2021";"06:43:00";"297";"ac03 - Aci";"279";"BR-050/GO";"Norte";"Choque - Outros";1;0;1;0;0;0;0;0;0;0;0;0;0;0;0
"25/05/2021";"07:02:00";"304";"ac01 - Aci";"263.1";"BR-050/GO";"Norte";"Colisão Traseira";0;0;1;1;0;0;0;0;0;0;1;0;0;0;1
"26/05/2021";"05:18:00";"32";"ac02 - Aci";"85.2";"BR-050/MG";"Norte";"Capotamento";1;0;0;0;0;0;0;0;0;0;0;0;1;0;0
"26/05/2021";"02:01:00";"200";"ac03 - Aci";"115.4";"BR-050/MG";"Sul";"Tombamento";0;0;1;0;0;0;0;0;0;0;1;0;0;0;0
"26/05/2021";"06:37:00";"290";"ac03 - Aci";"113.4";"BR-050/GO";"Norte";"Colisão Traseira";1;0;1;0;0;0;0;0;0;0;3;0;0;0;0
"27/05/2021";"10:54:00";"175";"ac03 - Aci";"121.3";"BR-050/MG";"Sul";"Choque - Objeto sobre a pista";1;0;0;0;0;0;0;0;0;0;2;0;0;0;0
"27/05/2021";"01:46:00";"233";"ac03 - Aci";"140";"BR-050/MG";"Sul";"Queda de Carro";1;0;0;0;0;0;0;0;0;0;0;0;0;0;0
"27/05/2021";"05:42:00";"329";"ac02 - Aci";"59.1";"BR-050/MG";"Norte";"Queda de Moto";0;0;0;1;0;0;0;0;0;0;0;1;0;0;0
"27/05/2021";"06:59:00";"346";"ac03 - Aci";"170.3";"BR-050/MG";"Sul";"Colisão Traseira";1;0;0;1;0;0;0;0;0;0;3;0;0;0;0
"27/05/2021";"07:54:00";"362";"ac02 - Aci";"27.8";"BR-050/MG";"Sul";"Choque - Elemento de Drenagem";0;0;1;0;0;0;0;0;0;0;0;1;0;0;0
"29/05/2021";"11:11:00";"111";"ac02 - Aci";"155.08";"BR-050/MG";"Sul";"Choque - Defensa metálica";0;0;1;0;0;0;0;0;0;0;0;1;0;0;0
"29/05/2021";"04:28:00";"228";"ac03 - Aci";"154.4";"BR-050/MG";"Sul";"Choque - Sinalização";0;0;0;0;1;0;0;0;0;0;1;0;0;0;0
"30/05/2021";"08:33:00";"74";"ac03 - Aci";"13.7";"BR-050/MG";"Norte";"Colisão lateral no mesmo sentido";1;0;1;0;0;0;0;0;0;0;6;0;0;0;0
"30/05/2021";"10:27:00";"103";"ac03 - Aci";"155.075";"BR-050/MG";"Norte";"Colisão lateral no mesmo sentido";0;0;2;0;0;0;0;0;0;0;2;0;0;0;0
"30/05/2021";"04:04:00";"184";"ac02 - Aci";"22";"BR-050/MG";"Sul";"Colisão lateral no mesmo sentido";0;0;0;1;0;0;0;0;0;1;2;2;0;0;0
"30/05/2021";"04:15:00";"189";"ac03 - Aci";"16.85";"CT-UDI-MG";"Sul";"Choque - Defensa metálica";0;0;0;0;0;0;0;0;0;1;2;0;0;0;0
"30/05/2021";"04:48:00";"203";"ac03 - Aci";"174";"BR-050/MG";"Sul";"Choque - Outros";1;0;0;0;0;0;0;0;0;0;0;0;0;0;0
"30/05/2021";"09:15:00";"280";"ac02 - Aci";"155.48";"BR-050/MG";"Sul";"Choque - Outros";0;0;1;0;0;0;0;0;0;0;1;1;0;0;0
"31/05/2021";"06:52:00";"38";"ac03 - Aci";"177.1";"BR-050/MG";"Sul";"Choque - Outros";1;0;0;0;0;0;0;0;0;0;1;0;0;0;0
"31/05/2021";"10:10:00";"117";"ac03 - Aci";"156";"BR-050/MG";"Sul";"Choque - Outros";0;0;1;0;0;0;0;0;0;0;0;0;0;0;0
"31/05/2021";"02:11:00";"187";"ac03 - Aci";"167";"BR-050/MG";"Norte";"Choque - Talude ou Barranco";1;0;0;0;0;0;0;0;0;0;1;0;0;0;0
"31/05/2021";"04:53:00";"239";"ac03 - Aci";"198";"BR-050/MG";"Norte";"Colisão lateral no mesmo sentido";1;0;1;0;0;0;0;0;0;0;3;0;0;0;0
"01/06/2021";"06:21:00";"33";"ac02 - Aci";"56.8";"BR-050/MG";"Sul";"Capotamento";1;0;0;0;0;0;0;0;0;0;0;2;2;0;0
"01/06/2021";"06:23:00";"35";"ac03 - Aci";"125.5";"BR-050/MG";"Norte";"Colisão Traseira";0;0;2;0;0;0;0;0;0;0;2;0;0;0;0
"01/06/2021";"08:38:00";"62";"ac02 - Aci";"65";"BR-050/MG";"Norte";"Queda de Moto";0;0;0;1;0;0;0;0;0;0;0;1;0;0;0
"01/06/2021";"11:58:00";"136";"ac02 - Aci";"27.76";"BR-050/MG";"Norte";"Colisão Traseira";1;0;0;0;0;0;0;0;0;1;2;1;0;0;0
"01/06/2021";"04:13:00";"223";"ac02 - Aci";"46.4";"BR-050/MG";"Norte";"Choque - Meio fio";1;0;0;0;0;0;0;0;0;0;2;2;0;0;0
"02/06/2021";"02:14:00";"15";"ac03 - Aci";"134.4";"BR-050/GO";"Norte";"Colisão Traseira";0;0;1;0;0;0;0;0;0;1;2;0;0;0;0
"02/06/2021";"05:27:00";"249";"ac03 - Aci";"136.4";"BR-050/MG";"Norte";"Choque - Talude ou Barranco";0;0;1;0;0;0;0;0;0;0;1;0;0;0;0
"02/06/2021";"10:00:00";"325";"ac02 - Aci";"17.3";"BR-050/MG";"Sul";"Colisão Traseira";0;0;1;0;0;0;0;0;0;1;2;2;1;0;0
"02/06/2021";"10:24:00";"329";"ac03 - Aci";"42";"BR-050/MG";"Norte";"Choque - Outros";1;0;0;0;0;0;0;0;0;0;0;0;0;0;0
"03/06/2021";"01:11:00";"12";"ac03 - Aci";"78";"BR-050/MG";"Sul";"Tombamento";0;0;1;0;0;0;0;0;0;0;0;0;0;0;0
"03/06/2021";"09:06:00";"91";"ac02 - Aci";"45";"BR-050/MG";"Sul";"Colisão Traseira";1;0;1;0;0;0;0;0;0;0;3;0;1;0;0
"03/06/2021";"09:09:00";"93";"ac02 - Aci";"44.58";"BR-050/MG";"Sul";"Queda de Ciclista";0;1;0;0;0;0;0;0;0;0;0;0;1;0;0
"03/06/2021";"05:13:00";"256";"ac02 - Aci";"178.97";"BR-050/MG";"Norte";"Choque - Meio fio";0;0;0;1;0;0;0;0;0;0;0;1;0;0;0
"03/06/2021";"06:31:00";"272";"ac03 - Aci";"39.95";"BR-050/MG";"Sul";"Colisão lateral no mesmo sentido";2;0;0;0;0;0;0;0;0;0;6;0;0;0;0
"04/06/2021";"12:41:00";"9";"ac03 - Aci";"178.9";"BR-050/MG";"Sul";"Choque - Meio fio";1;0;0;0;0;0;0;0;0;0;1;0;0;0;0
"04/06/2021";"02:06:00";"186";"ac03 - Aci";"129";"BR-050/GO";"Norte";"Capotamento";0;0;0;0;0;0;0;0;0;1;0;0;0;0;0
"04/06/2021";"03:10:00";"211";"ac02 - Aci";"154.5";"BR-050/GO";"Norte";"Capotamento";1;0;0;0;0;0;0;0;0;0;0;1;0;0;0
"04/06/2021";"06:25:00";"263";"ac02 - Aci";"85.9";"BR-050/MG";"Norte";"Colisão Traseira";0;0;0;1;0;1;0;0;0;0;0;1;0;0;0
"04/06/2021";"07:57:00";"295";"ac02 - Aci";"80.1";"BR-050/MG";"Sul";"Choque - Arvore";1;0;0;0;0;0;0;0;0;0;2;1;0;0;0
"04/06/2021";"08:28:00";"302";"ac01 - Aci";"258.4";"BR-050/GO";"Sul";"Colisão Traseira";0;0;2;0;0;0;0;0;0;0;1;1;1;0;1
"04/06/2021";"10:38:00";"334";"ac03 - Aci";"44.6";"BR-050/MG";"Sul";"Colisão lateral no mesmo sentido";1;0;1;0;0;0;0;0;0;0;2;0;0;0;0
"05/06/2021";"12:45:00";"10";"ac01 - Aci";"18";"CT-UDI-MG";"Sul";"Atropelamento - Pedestre";0;0;0;0;0;1;0;0;0;0;0;0;0;0;1
"05/06/2021";"06:23:00";"50";"ac03 - Aci";"195.23";"BR-050/MG";"Sul";"Colisão lateral no mesmo sentido";1;0;1;0;0;0;0;0;0;0;2;0;0;0;0
"05/06/2021";"10:34:00";"131";"ac03 - Aci";"270.1";"BR-050/GO";"Norte";"Tombamento";0;0;1;0;0;0;0;0;0;0;1;0;0;0;0
"05/06/2021";"11:26:00";"151";"ac02 - Aci";"4.5";"CT-UDI-MG";"Sul";"Colisão Traseira";1;0;1;0;0;0;0;0;0;0;1;1;0;0;0
"06/06/2021";"12:52:00";"7";"ac03 - Aci";"53";"BR-050/MG";"Norte";"Choque - Outros";1;0;0;0;0;0;0;0;0;0;0;0;0;0;0
"06/06/2021";"02:44:00";"15";"ac03 - Aci";"81";"BR-050/MG";"Norte";"Choque - Defensa metálica";1;0;0;0;0;0;0;0;0;0;1;0;0;0;0
"06/06/2021";"04:55:00";"25";"ac03 - Aci";"167";"BR-050/MG";"Sul";"Colisão lateral no mesmo sentido";1;0;1;0;0;0;0;0;0;0;6;0;0;0;0
"06/06/2021";"01:30:00";"129";"ac02 - Aci";"180";"BR-050/MG";"Sul";"Colisão Traseira";0;0;0;1;0;0;0;0;0;1;1;1;0;0;0
"06/06/2021";"04:20:00";"183";"ac03 - Aci";"280.5";"BR-050/GO";"Sul";"Colisão Transversal";2;0;0;0;0;0;0;0;0;0;5;0;0;0;0
"07/06/2021";"09:22:00";"100";"ac02 - Aci";"105";"BR-050/MG";"Norte";"Colisão Traseira";1;0;0;0;0;0;0;0;0;1;3;1;0;0;0
"07/06/2021";"09:52:00";"118";"ac03 - Aci";"81";"BR-050/MG";"Sul";"Colisão Traseira";2;0;0;0;0;0;0;0;0;0;2;0;0;0;0
"07/06/2021";"12:01:00";"181";"ac03 - Aci";"309.62";"BR-050/GO";"Norte";"Choque - Talude ou Barranco";0;0;1;0;0;0;0;0;0;1;2;0;0;0;0
"07/06/2021";"12:03:00";"183";"ac02 - Aci";"12.5";"BR-050/MG";"Sul";"Choque - Elemento de Drenagem";1;0;0;0;0;0;0;0;0;0;0;0;1;0;0
"07/06/2021";"04:39:00";"263";"ac03 - Aci";"280";"BR-050/GO";"Sul";"Queda de Moto";0;0;0;1;0;0;0;0;0;0;0;0;0;0;0
"07/06/2021";"04:52:00";"271";"ac02 - Aci";"200.255";"BR-050/GO";"Norte";"Choque - Sinalização";0;0;0;0;0;0;0;0;0;1;0;2;1;0;0
"08/06/2021";"02:41:00";"186";"ac02 - Aci";"20.4";"CT-UDI-MG";"Norte";"Colisão Traseira";1;0;0;1;0;0;0;0;0;0;4;1;0;0;0
"08/06/2021";"04:37:00";"243";"ac03 - Aci";"206";"BR-050/MG";"Sul";"Choque - New jersey";1;0;0;0;0;1;0;0;0;0;1;0;0;0;0
"08/06/2021";"08:40:00";"313";"ac03 - Aci";"46.8";"BR-050/MG";"Sul";"Choque - Meio fio";1;0;0;0;0;0;0;0;0;0;2;0;0;0;0
"09/06/2021";"12:49:00";"4";"ac03 - Aci";"136.22";"BR-050/MG";"Sul";"Choque - Sinalização";0;0;0;0;1;0;0;0;0;0;11;0;0;0;0
"10/06/2021";"07:21:00";"38";"ac03 - Aci";"95.7";"BR-050/GO";"Sul";"Colisão Frontal";1;0;0;0;0;1;0;0;0;0;4;0;0;0;0
"10/06/2021";"07:54:00";"46";"ac03 - Aci";"29.5";"BR-050/MG";"Norte";"Choque - Talude ou Barranco";0;0;0;0;0;0;0;0;0;1;2;0;0;0;0
"10/06/2021";"09:11:00";"66";"ac02 - Aci";"82.5";"BR-050/MG";"Sul";"Colisão Traseira";0;0;2;0;0;0;0;0;0;0;1;1;0;0;0
"10/06/2021";"10:05:00";"82";"ac03 - Aci";"310.66";"BR-050/GO";"Sul";"Tombamento";0;0;1;0;0;0;0;0;0;0;1;0;0;0;0
"10/06/2021";"10:25:00";"91";"ac03 - Aci";"96.15";"BR-050/GO";"Norte";"Colisão lateral no sentido contrário";1;0;0;0;0;0;0;0;0;1;2;0;0;0;0
"10/06/2021";"12:56:00";"137";"ac02 - Aci";"39.05";"BR-050/MG";"Sul";"Colisão Traseira";0;0;0;1;0;0;0;0;0;1;2;0;1;0;0
"10/06/2021";"02:50:00";"168";"ac03 - Aci";"246.45";"BR-050/GO";"Sul";"Choque - Sinalização";1;0;0;0;0;0;0;0;0;0;4;0;0;0;0
"10/06/2021";"04:22:00";"195";"ac03 - Aci";"179.95";"BR-050/MG";"Sul";"Colisão lateral no mesmo sentido";0;0;1;0;0;0;0;0;0;1;3;0;0;0;0
"10/06/2021";"10:33:00";"281";"ac03 - Aci";"46.3";"BR-050/MG";"Sul";"Choque - Meio fio";1;0;0;0;0;0;0;0;0;0;2;0;0;0;0
"10/06/2021";"11:25:00";"290";"ac02 - Aci";"29.85";"BR-050/MG";"Sul";"Capotamento";0;0;0;0;0;0;0;0;0;1;0;1;0;0;0
"11/06/2021";"01:13:00";"10";"ac03 - Aci";"210";"BR-050/GO";"Sul";"Choque - Outros";0;0;1;0;0;0;0;0;0;0;0;0;0;0;0
"11/06/2021";"02:21:00";"20";"ac02 - Aci";"211";"BR-050/GO";"Norte";"Choque - Elemento de Drenagem";0;0;1;0;0;0;0;0;0;0;0;0;1;0;0