data;horario;n_da_ocorrencia;tipo_de_ocorrencia;km;trecho;sentido;tipo_de_acidente;automovel;bicicleta;caminhao;moto;onibus;outros;tracao_animal;transporte_de_cargas_especiais;trator_maquinas;utilitarios;ilesos;levemente_feridos;moderadamente_feridos;gravemente_feridos;mortos
"10/10/2021";"07:57:00";"78";"ac02 - Aci";"119.5";"BR-050/MG";"Sul";"Choque - Sinalização";0;0;0;0;0;0;0;0;0;1;0;1;0;0;0
"10/10/2021";"11:05:00";"131";"ac02 - Aci";"111.46";"BR-050/MG";"Norte";"Capotamento";1;0;0;0;0;0;0;0;0;0;0;0;1;0;0
"10/10/2021";"02:47:00";"176";"ac03 - Aci";"205.5";"BR-050/MG";"Norte";"Choque - New jersey";0;0;0;0;0;0;0;0;0;1;1;0;0;0;0
"10/10/2021";"04:00:00";"198";"ac03 - Aci";"29.8";"BR-050/MG";"Norte";"Choque - Defensa metálica";1;0;0;0;0;0;0;0;0;0;5;0;0;0;0
"10/10/2021";"04:25:00";"207";"ac03 - Aci";"47.7";"BR-050/MG";"Sul";"Choque - New jersey";1;0;0;0;0;0;0;0;0;0;2;0;0;0;0
"10/10/2021";"09:09:00";"296";"ac03 - Aci";"179.1";"BR-050/MG";"Sul";"Colisão lateral no mesmo sentido";0;0;2;0;0;0;0;0;0;0;2;0;0;0;0
"11/10/2021";"01:16:00";"17";"ac03 - Aci";"33.85";"BR-050/MG";"Norte";"Choque - Elemento de Drenagem";1;0;0;0;0;0;0;0;0;0;2;0;0;0;0
"11/10/2021";"05:27:00";"25";"ac03 - Aci";"31.3";"BR-050/MG";"Norte";"Capotamento";1;0;0;0;0;0;0;0;0;0;2;0;0;0;0
"11/10/2021";"09:02:00";"83";"ac03 - Aci";"177.65";"BR-050/MG";"Sul";"Colisão Traseira";2;0;0;0;0;0;0;0;0;0;2;0;0;0;0
"11/10/2021";"04:58:00";"251";"ac02 - Aci";"196.8";"BR-050/GO";"Sul";"Choque - Sinalização";1;0;0;0;0;0;0;0;0;0;0;1;0;0;0
"11/10/2021";"06:12:00";"263";"ac03 - Aci";"51.272";"BR-050/MG";"Sul";"Colisão Traseira";2;0;0;0;0;0;0;0;0;0;8;0;0;0;0
"11/10/2021";"11:28:00";"330";"ac02 - Aci";"17.9";"CT-UDI-MG";"Norte";"Colisão Traseira";0;1;0;1;0;0;0;0;0;0;2;0;0;1;0
"12/10/2021";"04:41:00";"21";"ac02 - Aci";"198";"BR-050/GO";"Sul";"Capotamento";1;0;0;0;0;0;0;0;0;0;0;2;0;0;0
"12/10/2021";"07:02:00";"41";"ac03 - Aci";"105";"BR-050/MG";"Sul";"Choque - Sinalização";0;0;1;0;0;0;0;0;0;0;1;0;0;0;0
"12/10/2021";"07:17:00";"47";"ac03 - Aci";"119.06";"BR-050/GO";"Norte";"Queda de veículo em ribanceira, ponte ou viaduto";1;0;0;0;0;0;0;0;0;0;0;0;0;0;0
"12/10/2021";"08:43:00";"71";"ac03 - Aci";"157.4";"BR-050/MG";"Sul";"Choque - Talude ou Barranco";0;0;0;0;0;1;0;0;0;0;0;0;0;0;0
"12/10/2021";"09:17:00";"83";"ac02 - Aci";"53.34";"BR-050/MG";"Norte";"Choque - Elemento de Drenagem";0;0;0;1;0;0;0;0;0;0;0;1;0;0;0
"12/10/2021";"02:26:00";"167";"ac03 - Aci";"5.8";"CT-UDI-MG";"Sul";"Choque - Elemento de Drenagem";1;0;0;0;0;0;0;0;0;0;4;0;0;0;0
"12/10/2021";"06:31:00";"245";"ac02 - Aci";"16.5";"CT-UDI-MG";"Sul";"Choque - New jersey";1;0;0;0;0;0;0;0;0;0;2;1;0;0;0
"13/10/2021";"01:02:00";"178";"ac03 - Aci";"175.15";"BR-050/MG";"Sul";"Choque - New jersey";1;0;0;0;0;0;0;0;0;0;1;0;0;0;0
"14/10/2021";"06:15:00";"27";"ac03 - Aci";"162";"BR-050/MG";"Norte";"Tombamento";0;0;1;0;0;0;0;0;0;0;1;0;0;0;0
"14/10/2021";"09:35:00";"101";"ac03 - Aci";"58.1";"BR-050/MG";"Norte";"Choque - Meio fio";0;0;0;0;0;0;0;0;0;1;3;0;0;0;0
"14/10/2021";"12:58:00";"156";"ac03 - Aci";"265";"BR-050/GO";"Norte";"Choque - Outros";1;0;0;0;0;0;0;0;0;0;1;0;0;0;0
"14/10/2021";"02:15:00";"170";"ac02 - Aci";"275.92";"BR-050/GO";"Sul";"Choque - Defensa metálica";0;0;0;1;0;0;0;0;0;0;0;1;0;0;0
"14/10/2021";"02:26:00";"172";"ac03 - Aci";"219.1";"BR-050/GO";"Norte";"Choque - Talude ou Barranco";0;0;1;0;0;0;0;0;0;0;1;0;0;0;0
"14/10/2021";"05:31:00";"219";"ac03 - Aci";"47.285";"BR-050/MG";"Sul";"Choque - New jersey";0;0;1;0;0;0;0;0;0;0;1;0;0;0;0
"15/10/2021";"09:48:00";"113";"ac03 - Aci";"119.8";"BR-050/MG";"Sul";"Atropelamento de Animal";0;0;0;0;0;0;0;0;0;1;1;0;0;0;0
"15/10/2021";"01:17:00";"198";"ac03 - Aci";"196";"BR-050/MG";"Sul";"Colisão Transversal";0;0;1;0;0;0;0;0;0;1;3;0;0;0;0
"15/10/2021";"02:22:00";"216";"ac03 - Aci";"27.82";"BR-050/MG";"Sul";"Choque - Meio fio";1;0;0;0;0;0;0;0;0;0;1;0;0;0;0
"15/10/2021";"07:31:00";"312";"ac02 - Aci";"207.001";"BR-050/MG";"Norte";"Colisão Traseira";1;0;0;0;0;0;0;0;0;1;0;4;1;0;0
"16/10/2021";"01:39:00";"12";"ac03 - Aci";"278.7";"BR-050/GO";"Sul";"Colisão Traseira";2;0;0;0;0;0;0;0;0;0;4;0;0;0;0
"16/10/2021";"06:06:00";"28";"ac03 - Aci";"272.1";"BR-050/GO";"Sul";"Choque - Meio fio";1;0;0;0;0;0;0;0;0;0;2;0;0;0;0
"16/10/2021";"07:37:00";"58";"ac02 - Aci";"2.41";"BR-050/MG";"Norte";"Colisão lateral no mesmo sentido";0;0;2;0;0;0;0;0;0;0;2;1;0;0;0
"16/10/2021";"10:51:00";"126";"ac02 - Aci";"78.95";"BR-050/MG";"Sul";"Choque - Defensa metálica";1;0;0;0;0;0;0;0;0;0;0;1;0;0;0
"16/10/2021";"01:14:00";"163";"ac02 - Aci";"16.92";"BR-050/MG";"Norte";"Tombamento";0;0;1;0;0;0;0;0;0;0;0;0;1;0;0
"16/10/2021";"03:56:00";"218";"ac02 - Aci";"180.95";"BR-050/MG";"Norte";"Engavetamento";2;0;0;0;0;0;0;0;0;1;10;0;2;0;0
"16/10/2021";"05:01:00";"237";"ac02 - Aci";"52.8";"BR-050/MG";"Sul";"Capotamento";1;0;0;0;0;0;0;0;0;0;2;1;0;0;0
"17/10/2021";"01:07:00";"1";"ac02 - Aci";"179";"BR-050/MG";"Sul";"Queda de Moto";0;0;0;1;0;0;0;0;0;0;0;0;1;0;0
"17/10/2021";"05:25:00";"34";"ac02 - Aci";"281";"BR-050/GO";"Sul";"Queda de Moto";0;0;0;0;0;1;0;0;0;0;0;0;1;0;0
"17/10/2021";"07:14:00";"40";"ac02 - Aci";"192.4";"BR-050/MG";"Sul";"Choque - Elemento de Drenagem";1;0;0;0;0;0;0;0;0;0;0;1;0;0;0
"17/10/2021";"04:16:00";"184";"ac03 - Aci";"18.85";"CT-UDI-MG";"Norte";"Choque - Arvore";1;0;0;0;0;0;0;0;0;0;1;0;0;0;0
"17/10/2021";"09:19:00";"255";"ac03 - Aci";"239.78";"BR-050/GO";"Norte";"Colisão lateral no mesmo sentido";1;0;1;0;0;0;0;0;0;0;3;0;0;0;0
"18/10/2021";"04:44:00";"25";"ac03 - Aci";"113.68";"BR-050/MG";"Norte";"Choque - Elemento de Drenagem";1;0;0;0;0;0;0;0;0;0;3;0;0;0;0
"18/10/2021";"06:08:00";"32";"ac02 - Aci";"189";"BR-050/MG";"Sul";"Capotamento";1;0;0;0;0;0;0;0;0;0;0;1;0;0;0
"18/10/2021";"07:54:00";"63";"ac03 - Aci";"180";"BR-050/MG";"Norte";"Colisão lateral no mesmo sentido";1;0;1;0;0;1;0;0;0;0;3;0;0;0;0
"18/10/2021";"08:06:00";"72";"ac03 - Aci";"241.64";"BR-050/GO";"Norte";"Capotamento";0;0;0;0;0;0;0;0;0;1;1;0;0;0;0
"18/10/2021";"03:14:00";"220";"ac03 - Aci";"35.7";"BR-050/MG";"Sul";"Capotamento";1;0;0;0;0;0;0;0;0;0;1;0;0;0;0
"19/10/2021";"12:38:00";"173";"ac03 - Aci";"175.6";"BR-050/MG";"Sul";"Choque - Sinalização";1;0;0;0;0;0;0;0;0;0;1;0;0;0;0
"19/10/2021";"03:27:00";"218";"ac03 - Aci";"79.05";"BR-050/MG";"Sul";"Choque - Sinalização";1;0;0;0;0;0;0;0;0;0;1;0;0;0;0
"19/10/2021";"05:12:00";"254";"ac03 - Aci";"47.74";"BR-050/MG";"Norte";"Choque - Defensa metálica";1;0;0;0;0;0;0;0;0;0;1;0;0;0;0
"20/10/2021";"12:41:00";"8";"ac02 - Aci";"128.7";"BR-050/MG";"Norte";"Colisão Traseira";0;0;2;0;0;0;0;0;0;0;1;1;0;0;0
"20/10/2021";"01:55:00";"11";"ac02 - Aci";"283";"BR-050/GO";"Sul";"Colisão Transversal";1;0;0;0;1;0;0;0;0;0;1;0;1;0;0
"20/10/2021";"07:28:00";"60";"ac03 - Aci";"81.5";"BR-050/MG";"Sul";"Colisão Transversal";2;0;0;0;0;0;0;0;0;0;2;0;0;0;0
"20/10/2021";"08:11:00";"65";"ac02 - Aci";"180";"BR-050/MG";"Sul";"Colisão lateral no mesmo sentido";0;0;0;1;0;1;0;0;0;0;0;2;0;0;0
"20/10/2021";"05:32:00";"282";"ac02 - Aci";"172.2";"BR-050/MG";"Sul";"Queda de Moto";0;0;0;1;0;0;0;0;0;0;0;2;0;0;0
"21/10/2021";"03:23:00";"22";"ac03 - Aci";"63.55";"BR-050/MG";"Sul";"Colisão Traseira";1;0;0;0;0;1;0;0;0;0;1;0;0;0;0
"21/10/2021";"07:13:00";"52";"ac02 - Aci";"178.3";"BR-050/MG";"Sul";"Queda de Moto";0;0;0;1;0;0;0;0;0;0;0;1;1;0;0
"22/10/2021";"12:10:00";"1";"ac02 - Aci";"149.3";"BR-050/MG";"Sul";"Choque - Arvore";0;0;1;0;0;0;0;0;0;0;1;1;0;0;0
"22/10/2021";"01:53:00";"19";"ac03 - Aci";"2.82";"BR-050/MG";"Sul";"Choque - Elemento de Drenagem";1;0;0;0;0;0;0;0;0;0;1;0;0;0;0
"22/10/2021";"07:35:00";"73";"ac03 - Aci";"272.26";"BR-050/GO";"Norte";"Choque - Outros";1;0;0;0;0;0;0;0;0;0;4;0;0;0;0
"22/10/2021";"10:25:00";"141";"ac03 - Aci";"0.5";"BR-050/MG";"Sul";"Choque - Defensa metálica";1;0;0;0;0;0;0;0;0;0;4;0;0;0;0
"22/10/2021";"03:15:00";"229";"ac03 - Aci";"31.94";"BR-050/MG";"Norte";"Choque - Meio fio";1;0;0;0;0;0;0;0;0;0;1;0;0;0;0
"22/10/2021";"05:58:00";"292";"ac02 - Aci";"107.3";"BR-050/MG";"Norte";"Capotamento";0;0;1;0;0;0;0;0;0;1;1;1;0;0;0
"22/10/2021";"07:56:00";"327";"ac02 - Aci";"44";"BR-050/MG";"Sul";"Engavetamento";1;0;0;1;0;1;0;0;0;0;1;2;0;0;0
"22/10/2021";"10:10:00";"359";"ac03 - Aci";"80";"BR-050/MG";"Norte";"Choque - Meio fio";1;0;0;0;0;0;0;0;0;0;1;0;0;0;0
"23/10/2021";"05:24:00";"33";"ac03 - Aci";"40";"BR-050/MG";"Sul";"Choque - New jersey";1;0;0;0;0;0;0;0;0;0;2;0;0;0;0
"23/10/2021";"10:38:00";"131";"ac02 - Aci";"11";"CT-UDI-MG";"Norte";"Objeto lançado contra veículo";0;1;0;0;0;0;0;0;0;0;0;1;0;0;0
"23/10/2021";"10:56:00";"141";"ac03 - Aci";"14.8";"CT-UDI-MG";"Sul";"Colisão Traseira";0;0;0;0;0;1;0;0;0;1;2;0;0;0;0
"23/10/2021";"01:07:00";"178";"ac02 - Aci";"220.1";"BR-050/GO";"Norte";"Capotamento";1;0;0;0;0;0;0;0;0;0;0;0;1;0;0
"23/10/2021";"02:57:00";"221";"ac03 - Aci";"179.9";"BR-050/MG";"Norte";"Tombamento";0;0;1;0;0;0;0;0;0;0;1;0;0;0;0
"24/10/2021";"02:09:00";"16";"ac03 - Aci";"20.1";"BR-050/MG";"Norte";"Choque - Elemento de Drenagem";1;0;0;0;0;0;0;0;0;0;2;0;0;0;0
"24/10/2021";"06:16:00";"42";"ac03 - Aci";"208.82";"BR-050/GO";"Norte";"Colisão lateral no mesmo sentido";1;0;0;0;0;1;0;0;0;0;1;0;0;0;0
"25/10/2021";"06:17:00";"34";"ac02 - Aci";"39";"BR-050/MG";"Sul";"Queda de Moto";0;0;0;1;0;0;0;0;0;0;0;1;0;0;0
"25/10/2021";"07:15:00";"48";"ac03 - Aci";"44.787";"BR-050/MG";"Norte";"Colisão Traseira";1;0;0;1;0;0;0;0;0;0;2;0;0;0;0
"25/10/2021";"11:28:00";"142";"ac03 - Aci";"54.9";"BR-050/MG";"Norte";"Objeto lançado contra veículo";1;0;0;0;0;0;0;0;0;0;1;0;0;0;0
"25/10/2021";"03:04:00";"208";"ac03 - Aci";"176.1";"BR-050/MG";"Norte";"Colisão lateral no mesmo sentido";0;0;1;0;0;0;0;0;0;1;4;0;0;0;0
"26/10/2021";"01:03:00";"162";"ac02 - Aci";"65";"BR-050/MG";"Norte";"Tombamento";0;0;1;0;0;0;0;0;0;0;0;1;0;0;0
"27/10/2021";"05:10:00";"19";"ac02 - Aci";"18.05";"CT-UDI-MG";"Norte";"Choque - Veiculo parado no acostamento";1;0;1;0;0;0;0;0;0;0;1;1;0;0;0
"27/10/2021";"11:03:00";"149";"ac02 - Aci";"177.8";"BR-050/MG";"Sul";"Colisão lateral no mesmo sentido";0;0;1;1;0;0;0;0;0;0;1;1;0;0;0
"27/10/2021";"02:54:00";"216";"ac02 - Aci";"170";"BR-050/MG";"Norte";"Colisão Traseira";0;0;2;0;0;0;0;0;0;1;2;5;0;0;0
"27/10/2021";"03:02:00";"220";"ac03 - Aci";"177";"BR-050/MG";"Norte";"Choque - New jersey";0;0;1;0;0;0;0;0;0;0;0;0;0;0;0
"27/10/2021";"04:58:00";"257";"ac02 - Aci";"141";"BR-050/MG";"Sul";"Queda de Moto";0;0;0;1;0;0;0;0;0;0;0;1;0;0;0
"27/10/2021";"06:15:00";"284";"ac03 - Aci";"114.8";"BR-050/GO";"Norte";"Choque - Talude ou Barranco";0;0;1;0;0;0;0;0;0;0;2;0;0;0;0
"27/10/2021";"10:33:00";"352";"ac02 - Aci";"15";"CT-UDI-MG";"Sul";"Choque - Defensa metálica";0;0;1;0;0;0;0;0;0;0;0;1;0;0;0
"28/10/2021";"07:07:00";"294";"ac03 - Aci";"54";"BR-050/MG";"Sul";"Choque - Talude ou Barranco";0;0;1;0;0;0;0;0;0;0;1;0;0;0;0
"29/10/2021";"03:02:00";"20";"ac03 - Aci";"204.5";"BR-050/GO";"Norte";"Choque - Outros";0;0;0;0;0;0;0;0;0;1;1;0;0;0;0
"29/10/2021";"08:38:00";"96";"ac03 - Aci";"157.41";"BR-050/GO";"Norte";"Choque - Sinalização";0;0;0;0;0;0;0;0;0;1;1;0;0;0;0
"29/10/2021";"10:00:00";"146";"ac03 - Aci";"122.5";"BR-050/MG";"Norte";"Choque - Elemento de Drenagem";0;0;1;0;0;0;0;0;0;0;1;0;0;0;0
"29/10/2021";"12:39:00";"204";"ac02 - Aci";"179.05";"BR-050/MG";"Sul";"Choque - Talude ou Barranco";0;0;0;1;0;0;0;0;0;0;0;0;1;0;0
"29/10/2021";"01:50:00";"222";"ac02 - Aci";"90.03";"BR-050/MG";"Norte";"Queda de Moto";0;0;0;1;0;0;0;0;0;0;0;1;0;0;0
"29/10/2021";"03:45:00";"270";"ac03 - Aci";"96.2";"BR-050/MG";"Norte";"Colisão Traseira";0;0;2;0;0;0;0;0;0;0;2;0;0;0;0
"29/10/2021";"06:14:00";"316";"ac02 - Aci";"280.6";"BR-050/GO";"Sul";"Colisão Transversal";2;0;0;0;0;0;0;0;0;0;4;1;0;0;0
"29/10/2021";"09:32:00";"390";"ac03 - Aci";"31.8";"BR-050/MG";"Sul";"Colisão Traseira";1;0;1;0;0;0;0;0;0;0;2;0;0;0;0
"29/10/2021";"11:38:00";"408";"ac03 - Aci";"167.6";"BR-050/MG";"Norte";"Choque - Meio fio";1;0;0;0;0;0;0;0;0;0;1;0;0;0;0
"29/10/2021";"11:56:00";"411";"ac03 - Aci";"55.8";"BR-050/MG";"Sul";"Choque - Meio fio";1;0;0;0;0;0;0;0;0;0;1;0;0;0;0
"30/10/2021";"02:23:00";"12";"ac03 - Aci";"106.1";"BR-050/GO";"Norte";"Choque - Meio fio";1;0;0;0;0;0;0;0;0;0;1;0;0;0;0
"30/10/2021";"03:59:00";"20";"ac03 - Aci";"177";"BR-050/MG";"Norte";"Choque - Objeto sobre a pista";1;0;0;0;0;0;0;0;0;0;1;0;0;0;0
"30/10/2021";"12:18:00";"173";"ac02 - Aci";"260.8";"BR-050/GO";"Sul";"Choque - Sinalização";0;0;0;1;0;0;0;0;0;0;0;0;0;1;0
"30/10/2021";"09:26:00";"304";"ac02 - Aci";"36";"BR-050/MG";"Norte";"Choque - New jersey";1;0;0;0;0;0;0;0;0;0;0;0;1;0;0
"31/10/2021";"01:38:00";"13";"ac03 - Aci";"239.12";"BR-050/GO";"Sul";"Atropelamento de Animal";1;0;0;0;0;0;0;0;0;0;5;0;0;0;0
"31/10/2021";"04:11:00";"23";"ac02 - Aci";"100.5";"BR-050/GO";"Norte";"Tombamento";1;0;1;0;0;0;0;0;0;0;1;2;0;0;0
"31/10/2021";"12:28:00";"138";"ac02 - Aci";"130.64";"BR-050/GO";"Sul";"Capotamento";1;0;0;0;0;0;0;0;0;0;0;0;4;0;0
"31/10/2021";"05:43:00";"230";"ac03 - Aci";"18.8";"BR-050/MG";"Sul";"Choque - Defensa metálica";0;0;0;0;0;0;0;0;0;1;2;0;0;0;0
"31/10/2021";"08:27:00";"253";"ac02 - Aci";"77.6";"BR-050/MG";"Sul";"Colisão Traseira";0;0;0;1;0;1;0;0;0;0;0;0;1;0;0
"31/10/2021";"09:42:00";"265";"ac03 - Aci";"109.1";"BR-050/MG";"Sul";"Colisão Traseira";2;0;0;0;0;0;0;0;0;0;3;0;0;0;0
"01/11/2021";"04:13:00";"17";"ac02 - Aci";"269";"BR-050/GO";"Norte";"Choque - Arvore";1;0;0;0;0;0;0;0;0;0;0;2;0;0;0
"01/11/2021";"08:27:00";"67";"ac03 - Aci";"13.73";"BR-050/MG";"Norte";"Colisão Traseira";0;0;1;0;0;0;0;0;0;1;3;0;0;0;0
"01/11/2021";"02:22:00";"161";"ac03 - Aci";"106.49";"BR-050/MG";"Sul";"Choque - Elemento de Drenagem";1;0;0;0;0;0;0;0;0;0;1;0;0;0;0
"01/11/2021";"05:48:00";"232";"ac03 - Aci";"179";"BR-050/MG";"Sul";"Capotamento";1;0;0;0;0;0;0;0;0;0;1;0;0;0;0
"02/11/2021";"06:58:00";"44";"ac03 - Aci";"56.76";"BR-050/MG";"Norte";"Choque - Elemento de Drenagem";1;0;0;0;0;0;0;0;0;0;2;0;0;0;0
"02/11/2021";"01:38:00";"151";"ac03 - Aci";"122.5";"BR-050/GO";"Sul";"Choque - Elemento de Drenagem";1;0;0;0;0;0;0;0;0;0;1;0;0;0;0
"02/11/2021";"07:03:00";"249";"ac03 - Aci";"127.38";"BR-050/MG";"Norte";"Atropelamento de Animal";0;0;0;0;0;0;0;0;0;1;1;0;0;0;0
"03/11/2021";"06:54:00";"26";"ac03 - Aci";"253.9";"BR-050/GO";"Norte";"Choque - Elemento de Drenagem";0;0;1;0;0;0;0;0;0;0;1;0;0;0;0
"03/11/2021";"04:23:00";"238";"ac03 - Aci";"62.44";"BR-050/MG";"Sul";"Choque - Meio fio";1;0;0;0;0;0;0;0;0;0;1;0;0;0;0
"03/11/2021";"05:25:00";"257";"ac03 - Aci";"98.5";"BR-050/GO";"Sul";"Colisão Transversal";0;0;0;0;0;0;0;0;0;2;3;0;0;0;0
"03/11/2021";"11:33:00";"318";"ac01 - Aci";"98.15";"BR-050/GO";"Sul";"Atropelamento - Pedestre";0;0;0;0;0;0;0;0;0;0;0;0;0;0;1
"04/11/2021";"07:54:00";"79";"ac02 - Aci";"177.76";"BR-050/MG";"Norte";"Queda de Moto";0;0;0;1;0;0;0;0;0;0;0;1;0;0;0
"04/11/2021";"08:35:00";"101";"ac02 - Aci";"177.76";"BR-050/MG";"Norte";"Queda de Moto";0;0;0;1;0;0;0;0;0;0;0;1;0;0;0
"04/11/2021";"08:55:00";"114";"ac03 - Aci";"15.8";"CT-UDI-MG";"Sul";"Choque - Defensa metálica";1;0;0;0;0;0;0;0;0;0;5;0;0;0;0
"04/11/2021";"11:16:00";"191";"ac03 - Aci";"99.12";"BR-050/MG";"Sul";"Tombamento";0;0;0;0;0;0;0;0;1;0;1;0;0;0;0
"04/11/2021";"03:40:00";"275";"ac03 - Aci";"40";"BR-050/MG";"Sul";"Colisão Traseira";1;0;0;0;0;1;0;0;0;0;1;0;0;0;0
"04/11/2021";"07:08:00";"319";"ac02 - Aci";"143";"BR-050/GO";"Norte";"Tombamento";0;0;1;0;0;0;0;0;0;0;0;0;1;0;0
"05/11/2021";"04:41:00";"28";"ac03 - Aci";"177.9";"BR-050/MG";"Sul";"Choque - Outros";1;0;0;0;0;0;0;0;0;0;1;0;0;0;0
"06/11/2021";"04:46:00";"21";"ac02 - Aci";"44.5";"BR-050/MG";"Sul";"Queda de Ciclista";0;1;0;0;0;0;0;0;0;0;0;1;0;0;0
"06/11/2021";"05:36:00";"25";"ac02 - Aci";"92.2";"BR-050/MG";"Norte";"Colisão Transversal";1;0;1;0;0;0;0;0;0;0;1;0;1;1;0
"06/11/2021";"09:57:00";"104";"ac03 - Aci";"236.85";"BR-050/GO";"Norte";"Choque - Outros";0;0;1;0;0;0;0;0;0;0;1;0;0;0;0
"06/11/2021";"01:00:00";"160";"ac03 - Aci";"281";"BR-050/GO";"Norte";"Colisão Transversal";1;0;0;0;0;1;0;0;0;0;3;0;0;0;0
"06/11/2021";"03:04:00";"188";"ac03 - Aci";"240";"BR-050/GO";"Sul";"Colisão Traseira";0;0;2;0;0;0;0;0;0;0;2;0;0;0;0
"06/11/2021";"05:52:00";"240";"ac03 - Aci";"275.5";"BR-050/GO";"Norte";"Colisão lateral no mesmo sentido";1;0;0;0;0;1;0;0;0;0;4;0;0;0;0
"07/11/2021";"12:49:00";"136";"ac03 - Aci";"79.9";"BR-050/MG";"Sul";"Choque - Defensa metálica";1;0;0;0;0;0;0;0;0;0;2;0;0;0;0
"07/11/2021";"10:01:00";"274";"ac02 - Aci";"81.1";"BR-050/MG";"Norte";"Choque - Meio fio";0;0;0;1;0;0;0;0;0;0;0;0;1;0;0
"07/11/2021";"11:06:00";"282";"ac03 - Aci";"100.15";"BR-050/GO";"Norte";"Atropelamento de Animal";1;0;0;0;0;0;0;0;0;0;1;0;0;0;0
"08/11/2021";"12:08:00";"1";"ac03 - Aci";"142.4";"BR-050/GO";"Sul";"Choque - Meio fio";1;0;0;0;0;0;0;0;0;0;1;0;0;0;0
"08/11/2021";"10:43:00";"144";"ac03 - Aci";"97.95";"BR-050/GO";"Norte";"Colisão Traseira";1;0;0;0;0;0;0;0;0;1;5;0;0;0;0
"08/11/2021";"03:21:00";"233";"ac03 - Aci";"280.5";"BR-050/GO";"Sul";"Colisão Traseira";1;0;0;0;0;0;0;0;0;1;3;0;0;0;0
"08/11/2021";"06:18:00";"289";"ac02 - Aci";"98";"BR-050/GO";"Sul";"Colisão Frontal";0;0;0;2;0;0;0;0;0;0;0;2;0;0;0
"10/11/2021";"10:54:00";"145";"ac03 - Aci";"19.68";"BR-050/MG";"Sul";"Tombamento";0;0;1;0;0;0;0;0;0;0;2;0;0;0;0
"10/11/2021";"11:47:00";"161";"ac02 - Aci";"149.95";"BR-050/MG";"Sul";"Choque - Elemento de Drenagem";1;0;0;0;0;0;0;0;0;0;0;0;1;0;0
"10/11/2021";"01:42:00";"189";"ac03 - Aci";"117.9";"BR-050/MG";"Sul";"Choque - Outros";1;0;0;0;0;0;0;0;0;0;1;0;0;0;0
"10/11/2021";"08:58:00";"300";"ac03 - Aci";"44.8";"BR-050/MG";"Sul";"Choque - Elemento de Drenagem";1;0;0;0;0;0;0;0;0;0;3;0;0;0;0
"11/11/2021";"12:55:00";"3";"ac03 - Aci";"192.5";"BR-050/MG";"Sul";"Colisão Traseira";0;0;1;0;1;0;0;0;0;0;48;0;0;0;0
"11/11/2021";"05:16:00";"14";"ac03 - Aci";"129";"BR-050/MG";"Sul";"Choque - Elemento de Drenagem";0;0;1;0;0;0;0;0;0;0;2;0;0;0;0
"11/11/2021";"07:41:00";"40";"ac03 - Aci";"4.53";"CT-UDI-MG";"Norte";"Choque - Elemento de Drenagem";1;0;0;0;0;0;0;0;0;0;3;0;0;0;0
"11/11/2021";"07:52:00";"46";"ac03 - Aci";"3.8";"CT-UDI-MG";"Norte";"Choque - Meio fio";1;0;0;0;0;0;0;0;0;0;1;0;0;0;0
"11/11/2021";"10:02:00";"87";"ac02 - Aci";"211";"BR-050/GO";"Norte";"Tombamento";0;0;1;0;0;0;0;0;0;0;0;1;0;0;0
"11/11/2021";"10:39:00";"105";"ac03 - Aci";"174.6";"BR-050/MG";"Sul";"Colisão Traseira";1;0;0;0;1;0;0;0;0;0;12;0;0;0;0
"11/11/2021";"04:30:00";"186";"ac02 - Aci";"49.26";"BR-050/MG";"Norte";"Choque - Elemento de Drenagem";0;0;1;0;0;0;0;0;0;0;0;1;0;0;0
"11/11/2021";"05:34:00";"203";"ac02 - Aci";"57.3";"BR-050/MG";"Norte";"Tombamento";0;0;1;0;0;0;0;0;0;0;0;1;0;0;0
"11/11/2021";"06:21:00";"211";"ac03 - Aci";"302.4";"BR-050/GO";"Norte";"Choque - Talude ou Barranco";1;0;0;0;0;0;0;0;0;0;2;0;0;0;0
"12/11/2021";"09:32:00";"129";"ac02 - Aci";"172";"BR-050/MG";"Sul";"Colisão Traseira";1;0;0;1;0;0;0;0;0;0;1;0;2;0;0
"12/11/2021";"01:01:00";"211";"ac03 - Aci";"232.61";"BR-050/GO";"Norte";"Choque - Sinalização";1;0;0;0;0;0;0;0;0;0;5;0;0;0;0
"12/11/2021";"02:23:00";"233";"ac03 - Aci";"162.5";"BR-050/MG";"Sul";"Choque - Meio fio";1;0;0;0;0;0;0;0;0;0;1;0;0;0;0
"12/11/2021";"03:13:00";"252";"ac03 - Aci";"60.1";"BR-050/MG";"Sul";"Colisão Traseira";1;0;0;0;0;0;0;0;0;1;2;0;0;0;0
"12/11/2021";"04:19:00";"271";"ac02 - Aci";"280.3";"BR-050/GO";"Norte";"Colisão Transversal";1;0;0;1;0;0;0;0;0;0;1;0;1;0;0
"12/11/2021";"09:50:00";"370";"ac03 - Aci";"204.8";"BR-050/GO";"Norte";"Atropelamento de Animal";0;0;0;0;0;0;0;0;0;1;2;0;0;0;0
"13/11/2021";"09:40:00";"99";"ac02 - Aci";"45.04";"BR-050/MG";"Sul";"Queda de Ciclista";0;1;0;0;0;0;0;0;0;0;0;0;1;0;0
"13/11/2021";"10:21:00";"117";"ac02 - Aci";"45.04";"BR-050/MG";"Sul";"Queda de Moto";0;0;0;1;0;0;0;0;0;0;0;0;1;0;0
"13/11/2021";"10:43:00";"127";"ac03 - Aci";"61";"BR-050/MG";"Norte";"Choque - Elemento de Drenagem";1;0;0;0;0;0;0;0;0;0;0;0;0;0;0
"13/11/2021";"02:02:00";"195";"ac02 - Aci";"102.58";"BR-050/MG";"Sul";"Choque - Sinalização";1;0;0;0;0;0;0;0;0;0;0;0;3;0;0
"14/11/2021";"04:50:00";"26";"ac02 - Aci";"164.82";"BR-050/GO";"Sul";"Atropelamento de Animal";0;0;0;1;0;0;0;0;0;0;0;0;1;0;0