data;horario;n_da_ocorrencia;tipo_de_ocorrencia;km;trecho;sentido;tipo_de_acidente;automovel;bicicleta;caminhao;moto;onibus;outros;tracao_animal;transporte_de_cargas_especiais;trator_maquinas;utilitarios;ilesos;levemente_feridos;moderadamente_feridos;gravemente_feridos;mortos
"14/11/2021";"01:36:00";"150";"ac03 - Aci";"264.55";"BR-050/GO";"Norte";"Choque - Talude ou Barranco";1;0;0;0;0;0;0;0;0;0;2;0;0;0;0
"14/11/2021";"01:44:00";"152";"ac03 - Aci";"64.1";"BR-050/MG";"Sul";"Choque - Elemento de Drenagem";1;0;0;0;0;0;0;0;0;0;1;0;0;0;0
"14/11/2021";"04:53:00";"207";"ac02 - Aci";"206.61";"BR-050/GO";"Norte";"Colisão lateral no mesmo sentido";0;0;0;1;0;1;0;0;0;0;0;0;1;0;0
"15/11/2021";"10:32:00";"94";"ac03 - Aci";"109.7";"BR-050/MG";"Norte";"Choque - Elemento de Drenagem";0;0;0;0;0;0;0;0;0;1;3;0;0;0;0
"16/11/2021";"12:42:00";"6";"ac02 - Aci";"149.75";"BR-050/MG";"Sul";"Capotamento";1;0;0;0;0;0;0;0;0;0;0;1;0;0;0
"16/11/2021";"07:30:00";"69";"ac02 - Aci";"193.1";"BR-050/MG";"Sul";"Colisão Traseira";0;0;2;0;0;0;0;0;0;0;1;2;0;0;0
"16/11/2021";"04:14:00";"263";"ac03 - Aci";"127.6";"BR-050/GO";"Norte";"Choque - New jersey";0;0;1;0;0;0;0;0;0;0;2;0;0;0;0
"16/11/2021";"09:28:00";"328";"ac03 - Aci";"111.8";"BR-050/GO";"Norte";"Atropelamento - Andarilho";0;0;1;0;0;0;0;0;0;0;1;0;0;0;0
"17/11/2021";"01:22:00";"11";"ac02 - Aci";"193";"BR-050/MG";"Sul";"Colisão Traseira";0;0;2;0;0;0;0;0;0;0;2;1;0;0;0
"17/11/2021";"09:53:00";"132";"ac03 - Aci";"169.95";"BR-050/MG";"Sul";"Colisão lateral no mesmo sentido";0;0;2;0;0;0;0;0;0;0;2;0;0;0;0
"17/11/2021";"03:39:00";"231";"ac03 - Aci";"105.9";"BR-050/GO";"Norte";"Tombamento";0;0;1;0;0;0;0;0;0;0;1;0;0;0;0
"17/11/2021";"05:09:00";"262";"ac03 - Aci";"201.27";"BR-050/GO";"Sul";"Capotamento";0;0;0;0;0;0;0;0;0;1;1;0;0;0;0
"17/11/2021";"06:11:00";"276";"ac03 - Aci";"175.15";"BR-050/MG";"Norte";"Colisão Traseira";2;0;0;0;0;0;0;0;0;0;4;0;0;0;0
"18/11/2021";"04:05:00";"15";"ac02 - Aci";"304";"BR-050/GO";"Norte";"Colisão lateral no mesmo sentido";0;0;1;0;0;0;0;0;0;1;1;1;0;0;0
"18/11/2021";"12:50:00";"157";"ac02 - Aci";"152.17";"BR-050/MG";"Sul";"Queda de Moto";0;0;0;1;0;0;0;0;0;0;0;1;0;0;0
"18/11/2021";"03:02:00";"196";"ac03 - Aci";"98";"BR-050/GO";"Sul";"Choque - Sinalização";0;0;1;0;0;0;0;0;0;0;1;0;0;0;0
"18/11/2021";"03:27:00";"208";"ac03 - Aci";"43.1";"BR-050/MG";"Sul";"Choque - Sinalização";0;0;1;0;0;0;0;0;0;0;1;0;0;0;0
"18/11/2021";"06:15:00";"249";"ac03 - Aci";"225.7";"BR-050/GO";"Norte";"Choque - New jersey";0;0;1;0;0;0;0;0;0;0;1;0;0;0;0
"19/11/2021";"06:13:00";"26";"ac03 - Aci";"29.88";"BR-050/MG";"Norte";"Choque - Defensa metálica";1;0;0;0;0;0;0;0;0;0;3;0;0;0;0
"19/11/2021";"12:42:00";"157";"ac03 - Aci";"242.65";"BR-050/GO";"Norte";"Choque - Meio fio";0;0;0;0;0;0;0;0;0;1;1;0;0;0;0
"19/11/2021";"05:53:00";"267";"ac03 - Aci";"174";"BR-050/MG";"Norte";"Engavetamento";2;0;1;0;0;0;0;0;0;0;4;0;0;0;0
"19/11/2021";"06:39:00";"283";"ac03 - Aci";"9.95";"CT-UDI-MG";"Norte";"Choque - Elemento de Drenagem";1;0;0;0;0;0;0;0;0;0;1;0;0;0;0
"19/11/2021";"10:04:00";"331";"ac03 - Aci";"154";"BR-050/MG";"Sul";"Choque - Elemento de Drenagem";0;0;1;0;0;0;0;0;0;0;1;0;0;0;0
"20/11/2021";"07:15:00";"52";"ac03 - Aci";"179";"BR-050/MG";"Norte";"Choque - Meio fio";0;0;1;0;0;0;0;0;0;0;2;0;0;0;0
"20/11/2021";"08:37:00";"72";"ac03 - Aci";"143.5";"BR-050/MG";"Sul";"Choque - Elemento de Drenagem";0;0;0;0;0;0;0;0;0;1;1;0;0;0;0
"20/11/2021";"11:19:00";"142";"ac03 - Aci";"114.5";"BR-050/MG";"Norte";"Choque - Elemento de Drenagem";1;0;0;0;0;0;0;0;0;0;3;0;0;0;0
"20/11/2021";"07:58:00";"289";"ac03 - Aci";"98";"BR-050/GO";"Norte";"Colisão Traseira";1;0;0;0;0;0;0;0;0;1;3;0;0;0;0
"20/11/2021";"08:35:00";"299";"ac02 - Aci";"275.1";"BR-050/GO";"Sul";"Queda de Moto";0;0;0;1;0;0;0;0;0;0;0;1;0;0;0
"20/11/2021";"09:08:00";"303";"ac03 - Aci";"179.8";"BR-050/MG";"Sul";"Colisão lateral no mesmo sentido";1;0;1;0;0;0;0;0;0;0;6;0;0;0;0
"20/11/2021";"11:41:00";"324";"ac02 - Aci";"95.9";"BR-050/GO";"Norte";"Colisão Frontal";1;0;0;0;0;0;0;0;0;1;1;1;0;0;0
"21/11/2021";"05:43:00";"33";"ac03 - Aci";"278.6";"BR-050/GO";"Sul";"Capotamento";1;0;0;0;0;0;0;0;0;0;0;0;0;0;0
"21/11/2021";"04:20:00";"206";"ac03 - Aci";"195.35";"BR-050/GO";"Sul";"Choque - Talude ou Barranco";1;0;0;0;0;0;0;0;0;0;2;0;0;0;0
"22/11/2021";"04:50:00";"22";"ac02 - Aci";"81.2";"BR-050/MG";"Norte";"Queda de veículo em ribanceira, ponte ou viaduto";1;0;0;0;0;0;0;0;0;0;0;2;0;0;0
"22/11/2021";"04:00:00";"250";"ac02 - Aci";"206";"BR-050/MG";"Norte";"Colisão Traseira";2;0;0;0;0;0;0;0;0;0;2;0;1;0;0
"23/11/2021";"01:51:00";"10";"ac03 - Aci";"133.4";"BR-050/GO";"Sul";"Choque - Elemento de Drenagem";1;0;0;0;0;0;0;0;0;0;2;0;0;0;0
"23/11/2021";"08:29:00";"70";"ac02 - Aci";"283";"BR-050/GO";"Sul";"Colisão Transversal";1;0;1;0;0;0;0;0;0;0;1;0;1;0;0
"23/11/2021";"05:52:00";"300";"ac03 - Aci";"156.3";"BR-050/GO";"Norte";"Choque - Arvore";0;0;0;0;0;0;0;0;0;1;1;0;0;0;0
"24/11/2021";"02:28:00";"16";"ac03 - Aci";"263";"BR-050/GO";"Sul";"Choque - Meio fio";1;0;0;0;0;0;0;0;0;0;2;0;0;0;0
"24/11/2021";"07:18:00";"70";"ac02 - Aci";"275";"BR-050/GO";"Norte";"Choque - Defensa metálica";0;0;0;0;0;0;0;0;0;1;1;1;0;0;0
"24/11/2021";"07:19:00";"71";"ac03 - Aci";"138";"BR-050/MG";"Norte";"Choque - Meio fio";1;0;0;0;0;0;0;0;0;0;1;0;0;0;0
"24/11/2021";"07:33:00";"74";"ac03 - Aci";"171";"BR-050/MG";"Norte";"Choque - New jersey";1;0;0;0;0;0;0;0;0;0;0;0;0;0;0
"24/11/2021";"12:18:00";"212";"ac03 - Aci";"278.95";"BR-050/GO";"Sul";"Colisão Traseira";0;0;1;0;1;0;0;0;0;0;2;0;0;0;0
"24/11/2021";"12:55:00";"223";"ac03 - Aci";"25.78";"BR-050/MG";"Norte";"Choque - Arvore";0;0;0;0;0;0;0;0;0;1;1;0;0;0;0
"24/11/2021";"01:11:00";"231";"ac03 - Aci";"26";"BR-050/MG";"Norte";"Choque - Veiculo parado na pista";0;0;2;0;0;0;0;0;0;0;2;0;0;0;0
"25/11/2021";"02:32:00";"24";"ac02 - Aci";"132.1";"BR-050/MG";"Norte";"Colisão Traseira";0;0;2;0;0;0;0;0;0;0;2;1;0;0;0
"25/11/2021";"05:34:00";"35";"ac03 - Aci";"106.05";"BR-050/GO";"Norte";"Choque - Defensa metálica";0;0;0;0;0;0;0;0;0;1;1;0;0;0;0
"25/11/2021";"09:25:00";"115";"ac03 - Aci";"187";"BR-050/GO";"Norte";"Queda de Carro";1;0;0;0;0;0;0;0;0;0;1;0;0;0;0
"25/11/2021";"10:43:00";"155";"ac03 - Aci";"81";"BR-050/MG";"Norte";"Choque - Defensa metálica";1;0;0;0;0;0;0;0;0;0;3;0;0;0;0
"25/11/2021";"01:21:00";"220";"ac02 - Aci";"98.4";"BR-050/GO";"Norte";"Colisão Traseira";1;0;0;1;0;0;0;0;0;0;2;1;0;0;0
"25/11/2021";"03:52:00";"288";"ac02 - Aci";"273.5";"BR-050/GO";"Sul";"Tombamento";0;0;1;0;0;0;0;0;0;0;0;1;0;0;0
"25/11/2021";"07:03:00";"343";"ac02 - Aci";"277";"BR-050/GO";"Sul";"Colisão Traseira";0;0;0;1;0;0;0;0;0;1;1;0;2;0;0
"26/11/2021";"05:56:00";"20";"ac03 - Aci";"124";"BR-050/MG";"Norte";"Choque - Outros";0;0;0;0;0;0;0;0;0;1;2;0;0;0;0
"26/11/2021";"11:11:00";"153";"ac02 - Aci";"163.9";"BR-050/MG";"Sul";"Capotamento";1;0;0;0;0;0;0;0;0;0;0;0;1;0;0
"26/11/2021";"05:17:00";"296";"ac03 - Aci";"20.5";"CT-UDI-MG";"Sul";"Colisão Traseira";1;0;0;0;0;0;0;0;0;1;4;0;0;0;0
"26/11/2021";"08:19:00";"342";"ac02 - Aci";"207";"BR-050/MG";"Sul";"Choque - New jersey";1;0;0;0;0;0;0;0;0;0;0;0;1;0;0
"26/11/2021";"11:09:00";"373";"ac03 - Aci";"126";"BR-050/MG";"Norte";"Choque - Elemento de Drenagem";0;0;1;0;0;0;0;0;0;0;1;0;0;0;0
"27/11/2021";"02:15:00";"15";"ac03 - Aci";"149.8";"BR-050/MG";"Sul";"Queda de veículo em ribanceira, ponte ou viaduto";0;0;1;0;0;0;0;0;0;0;1;0;0;0;0
"27/11/2021";"05:27:00";"32";"ac03 - Aci";"230";"BR-050/GO";"Sul";"Choque - Meio fio";0;0;0;0;0;0;0;0;0;1;5;0;0;0;0
"27/11/2021";"07:36:00";"55";"ac03 - Aci";"62.46";"BR-050/MG";"Norte";"Choque - Elemento de Drenagem";0;0;0;0;0;0;0;0;0;1;1;0;0;0;0
"27/11/2021";"07:43:00";"57";"ac03 - Aci";"29.86";"BR-050/MG";"Sul";"Choque - Defensa metálica";0;0;0;0;0;0;0;0;0;1;1;0;0;0;0
"27/11/2021";"08:39:00";"79";"ac02 - Aci";"18.9";"BR-050/MG";"Sul";"Colisão lateral no mesmo sentido";1;0;0;0;0;1;0;0;0;0;0;3;0;0;0
"27/11/2021";"09:59:00";"116";"ac02 - Aci";"273";"BR-050/GO";"Sul";"Choque - Veiculo parado no acostamento";0;0;1;0;0;0;0;0;0;1;1;1;0;1;0
"27/11/2021";"05:29:00";"254";"ac03 - Aci";"243.5";"BR-050/GO";"Norte";"Choque - Elemento de Drenagem";0;0;0;0;0;0;0;0;0;1;1;0;0;0;0
"29/11/2021";"02:05:00";"18";"ac03 - Aci";"130.3";"BR-050/MG";"Norte";"Choque - Elemento de Drenagem";1;0;0;0;0;0;0;0;0;0;1;0;0;0;0
"29/11/2021";"10:41:00";"144";"ac03 - Aci";"206.4";"BR-050/MG";"Sul";"Choque - Meio fio";1;0;0;0;0;0;0;0;0;0;3;0;0;0;0
"29/11/2021";"09:28:00";"326";"ac03 - Aci";"96.75";"BR-050/GO";"Sul";"Colisão Traseira";2;0;0;0;0;0;0;0;0;0;1;0;0;0;0
"30/11/2021";"01:09:00";"6";"ac03 - Aci";"20";"BR-050/MG";"Sul";"Colisão Traseira";0;0;2;0;0;0;0;0;0;0;2;0;0;0;0
"30/11/2021";"09:30:00";"108";"ac02 - Aci";"111.05";"BR-050/GO";"Norte";"Colisão Traseira";0;0;1;0;0;0;0;0;0;1;3;0;1;0;0
"30/11/2021";"02:27:00";"209";"ac03 - Aci";"148.5";"BR-050/MG";"Sul";"Tombamento";0;0;1;0;0;0;0;0;0;0;1;0;0;0;0
"30/11/2021";"05:41:00";"282";"ac02 - Aci";"25.12";"BR-050/MG";"Sul";"Choque - Elemento de Drenagem";2;0;0;0;0;0;0;0;0;0;0;1;3;0;0
"30/11/2021";"07:13:00";"309";"ac02 - Aci";"97.5";"BR-050/GO";"Sul";"Colisão lateral no mesmo sentido";1;0;0;1;0;0;0;0;0;0;1;0;1;0;0
"01/12/2021";"08:06:00";"45";"ac02 - Aci";"56";"BR-050/MG";"Norte";"Tombamento";0;0;1;0;0;0;0;0;0;0;0;0;0;1;0
"01/12/2021";"07:17:00";"294";"ac02 - Aci";"207";"BR-050/MG";"Sul";"Choque - Meio fio";0;0;0;1;0;0;0;0;0;0;0;0;1;0;0
"02/12/2021";"12:20:00";"7";"ac02 - Aci";"187";"BR-050/MG";"Sul";"Choque - Outros";0;0;0;1;0;0;0;0;0;0;0;1;0;0;0
"02/12/2021";"02:03:00";"18";"ac02 - Aci";"172.3";"BR-050/MG";"Norte";"Choque - Meio fio";0;0;1;0;0;0;0;0;0;0;0;1;0;0;0
"02/12/2021";"10:16:00";"151";"ac03 - Aci";"180";"BR-050/MG";"Sul";"Colisão lateral no mesmo sentido";1;0;0;0;0;1;0;0;0;0;1;0;0;0;0
"02/12/2021";"03:23:00";"262";"ac03 - Aci";"169.5";"BR-050/MG";"Norte";"Choque - New jersey";0;0;1;0;0;0;0;0;0;0;1;0;0;0;0
"02/12/2021";"09:30:00";"370";"ac02 - Aci";"175.05";"BR-050/MG";"Norte";"Colisão Frontal";1;0;0;1;0;0;0;0;0;0;1;1;1;0;0
"03/12/2021";"05:56:00";"29";"ac02 - Aci";"152.35";"BR-050/MG";"Norte";"Choque - Sinalização";0;0;0;0;0;0;0;0;0;1;0;2;0;0;0
"03/12/2021";"06:18:00";"275";"ac03 - Aci";"62.7";"BR-050/MG";"Sul";"Choque - Sinalização";1;0;0;0;0;0;0;0;0;0;1;0;0;0;0
"03/12/2021";"07:07:00";"288";"ac02 - Aci";"198.9";"BR-050/MG";"Norte";"Colisão Traseira";1;0;1;0;0;0;0;0;0;0;1;1;0;0;0
"04/12/2021";"01:55:00";"13";"ac02 - Aci";"236.57";"BR-050/GO";"Sul";"Choque - Elemento de Drenagem";0;0;0;0;0;0;0;0;0;1;0;0;2;0;0
"04/12/2021";"02:50:00";"17";"ac03 - Aci";"52.9";"BR-050/MG";"Norte";"Choque - Outros";1;0;0;0;0;0;0;0;0;0;1;0;0;0;0
"04/12/2021";"08:15:00";"70";"ac02 - Aci";"171.88";"BR-050/MG";"Sul";"Atropelamento - Andarilho";0;0;0;1;0;0;0;0;0;0;1;0;1;0;0
"04/12/2021";"09:00:00";"89";"ac03 - Aci";"160.8";"BR-050/MG";"Sul";"Choque - Defensa metálica";0;0;0;0;0;0;0;0;0;1;4;0;0;0;0
"04/12/2021";"12:23:00";"184";"ac02 - Aci";"176";"BR-050/MG";"Norte";"Queda de Moto";0;0;0;1;0;0;0;0;0;0;0;0;2;0;0
"04/12/2021";"03:16:00";"226";"ac03 - Aci";"243";"BR-050/GO";"Sul";"Choque - Talude ou Barranco";0;0;0;0;0;0;0;0;0;1;6;0;0;0;0
"04/12/2021";"05:39:00";"269";"ac03 - Aci";"44";"BR-050/MG";"Sul";"Choque - Elemento de Drenagem";1;0;0;0;0;0;0;0;0;0;1;0;0;0;0
"04/12/2021";"11:31:00";"322";"ac03 - Aci";"221.925";"BR-050/GO";"Sul";"Choque - Sinalização";1;0;0;0;0;0;0;0;0;0;1;0;0;0;0
"05/12/2021";"12:40:00";"9";"ac02 - Aci";"275";"BR-050/GO";"Norte";"Queda de Moto";0;0;0;1;0;0;0;0;0;0;0;1;0;0;0
"05/12/2021";"02:54:00";"24";"ac02 - Aci";"179";"BR-050/MG";"Sul";"Choque - New jersey";0;0;0;1;0;0;0;0;0;0;1;1;0;0;0
"05/12/2021";"04:49:00";"29";"ac03 - Aci";"95.7";"BR-050/GO";"Sul";"Choque - Meio fio";1;0;0;0;0;0;0;0;0;0;5;0;0;0;0
"05/12/2021";"02:14:00";"184";"ac03 - Aci";"139";"BR-050/GO";"Sul";"Choque - Talude ou Barranco";1;0;0;0;0;0;0;0;0;0;2;0;0;0;0
"05/12/2021";"06:19:00";"242";"ac02 - Aci";"156.3";"BR-050/MG";"Sul";"Choque - Sinalização";1;0;0;0;0;0;0;0;0;0;4;0;1;0;0
"05/12/2021";"09:30:00";"296";"ac02 - Aci";"185.95";"BR-050/MG";"Sul";"Colisão Traseira";0;0;0;1;0;0;0;0;0;1;1;0;1;0;0
"06/12/2021";"10:02:00";"131";"ac03 - Aci";"101.72";"BR-050/MG";"Sul";"Colisão Traseira";0;0;2;0;0;0;0;0;0;0;2;0;0;0;0
"06/12/2021";"11:21:00";"177";"ac02 - Aci";"230.04";"BR-050/GO";"Norte";"Choque - Elemento de Drenagem";0;0;0;0;0;0;0;0;0;1;0;2;0;0;0
"06/12/2021";"02:50:00";"239";"ac03 - Aci";"23.5";"BR-050/MG";"Sul";"Colisão Traseira";0;0;2;0;0;0;0;0;0;0;2;0;0;0;0
"06/12/2021";"10:31:00";"336";"ac02 - Aci";"20.24";"BR-050/MG";"Sul";"Colisão Traseira";0;0;2;0;0;0;0;0;0;0;1;0;0;1;0
"07/12/2021";"04:42:00";"27";"ac03 - Aci";"38";"BR-050/MG";"Norte";"Atropelamento de Animal";0;0;0;0;0;0;0;0;0;1;1;0;0;0;0
"07/12/2021";"07:38:00";"82";"ac03 - Aci";"133.19";"BR-050/GO";"Norte";"Choque - Elemento de Drenagem";1;0;0;0;0;0;0;0;0;0;3;0;0;0;0
"07/12/2021";"08:59:00";"87";"ac03 - Aci";"150.8";"BR-050/MG";"Norte";"Colisão lateral no mesmo sentido";1;0;0;0;0;1;0;0;0;0;1;0;0;0;0
"07/12/2021";"01:47:00";"213";"ac02 - Aci";"312.96";"BR-050/GO";"Sul";"Choque - New jersey";1;0;0;0;0;0;0;0;0;0;0;1;0;0;0
"07/12/2021";"02:08:00";"218";"ac02 - Aci";"181.68";"BR-050/GO";"Norte";"Choque - Defensa metálica";0;0;1;0;0;0;0;0;0;0;0;0;1;0;0
"07/12/2021";"04:48:00";"272";"ac03 - Aci";"174";"BR-050/MG";"Norte";"Colisão lateral no mesmo sentido";0;0;2;0;0;0;0;0;0;0;2;0;0;0;0
"07/12/2021";"05:08:00";"281";"ac02 - Aci";"282.8";"BR-050/GO";"Sul";"Colisão Transversal";0;0;1;0;1;0;0;0;0;0;1;0;1;0;0
"08/12/2021";"12:54:00";"7";"ac02 - Aci";"144.56";"BR-050/MG";"Norte";"Capotamento";1;0;0;0;0;0;0;0;0;0;0;2;0;0;0
"08/12/2021";"10:13:00";"144";"ac03 - Aci";"197";"BR-050/MG";"Sul";"Choque - Sinalização";1;0;0;0;0;0;0;0;0;0;2;0;0;0;0
"08/12/2021";"02:44:00";"228";"ac03 - Aci";"140.8";"BR-050/MG";"Sul";"Tombamento";0;0;1;0;0;0;0;0;0;0;1;0;0;0;0
"08/12/2021";"02:58:00";"233";"ac03 - Aci";"90.07";"BR-050/MG";"Sul";"Colisão Traseira";0;0;0;0;0;0;0;0;0;2;13;0;0;0;0
"08/12/2021";"06:22:00";"298";"ac01 - Aci";"275.9";"BR-050/GO";"Sul";"Colisão Frontal";2;0;1;1;0;0;0;0;0;0;3;1;0;0;1
"08/12/2021";"11:44:00";"364";"ac03 - Aci";"110.98";"BR-050/GO";"Sul";"Atropelamento de Animal";1;0;0;0;0;0;0;0;0;0;2;0;0;0;0
"09/12/2021";"06:26:00";"30";"ac03 - Aci";"102.42";"BR-050/MG";"Sul";"Choque - Talude ou Barranco";1;0;0;0;0;0;0;0;0;0;1;0;0;0;0
"09/12/2021";"02:16:00";"204";"ac02 - Aci";"53.45";"BR-050/MG";"Norte";"Choque - Talude ou Barranco";0;0;1;0;0;0;0;0;0;0;0;1;0;0;0
"09/12/2021";"07:48:00";"305";"ac02 - Aci";"206";"BR-050/MG";"Norte";"Colisão Traseira";0;0;0;1;0;1;0;0;0;0;0;1;0;0;0
"09/12/2021";"10:09:00";"339";"ac02 - Aci";"211.51";"BR-050/GO";"Sul";"Choque - Elemento de Drenagem";0;0;0;0;0;0;0;0;0;1;0;1;0;0;0
"09/12/2021";"10:21:00";"341";"ac02 - Aci";"2.52";"BR-050/MG";"Sul";"Colisão Traseira";0;0;2;0;0;0;0;0;0;0;1;1;0;0;0
"10/12/2021";"05:32:00";"43";"ac03 - Aci";"133.86";"BR-050/GO";"Norte";"Choque - Talude ou Barranco";0;0;0;0;0;0;0;0;0;1;1;0;0;0;0
"10/12/2021";"12:52:00";"198";"ac02 - Aci";"54.48";"BR-050/MG";"Sul";"Tombamento";0;0;1;0;0;0;0;0;0;0;0;0;0;1;0
"10/12/2021";"07:52:00";"327";"ac03 - Aci";"90";"BR-050/MG";"Sul";"Choque - Meio fio";0;0;0;0;0;0;0;0;0;1;1;0;0;0;0
"10/12/2021";"08:15:00";"331";"ac02 - Aci";"35.7";"BR-050/MG";"Norte";"Colisão Traseira";1;0;0;1;0;0;0;0;0;0;1;1;0;0;0
"11/12/2021";"10:39:00";"120";"ac03 - Aci";"303.7";"BR-050/GO";"Sul";"Choque - Defensa metálica";0;0;0;0;0;0;0;0;0;1;2;0;0;0;0
"11/12/2021";"02:16:00";"204";"ac03 - Aci";"300.26";"BR-050/GO";"Norte";"Choque - Defensa metálica";1;0;0;0;0;0;0;0;0;0;0;0;0;0;0
"11/12/2021";"08:21:00";"311";"ac02 - Aci";"200";"BR-050/MG";"Norte";"Choque - New jersey";1;0;0;0;0;1;0;0;0;0;0;2;0;0;0
"11/12/2021";"11:46:00";"353";"ac02 - Aci";"148.6";"BR-050/MG";"Sul";"Capotamento";0;0;0;0;0;0;0;0;0;1;0;2;0;0;0
"12/12/2021";"03:28:00";"20";"ac02 - Aci";"20";"BR-050/MG";"Sul";"Choque - Elemento de Drenagem";0;0;1;0;0;0;0;0;0;0;0;1;0;0;0
"12/12/2021";"04:57:00";"26";"ac03 - Aci";"112";"BR-050/GO";"Norte";"Choque - Sinalização";1;0;0;0;0;0;0;0;0;0;0;0;0;0;0
"12/12/2021";"02:10:00";"142";"ac03 - Aci";"38";"BR-050/MG";"Norte";"Choque - Poste";1;0;0;0;0;0;0;0;0;0;0;0;0;0;0
"12/12/2021";"07:22:00";"231";"ac03 - Aci";"50";"BR-050/MG";"Norte";"Colisão Transversal";2;0;0;0;0;0;0;0;0;0;2;0;0;0;0
"13/12/2021";"12:47:00";"8";"ac03 - Aci";"111.45";"BR-050/GO";"Sul";"Choque - Defensa metálica";1;0;0;0;0;0;0;0;0;0;4;0;0;0;0
"13/12/2021";"01:17:00";"11";"ac03 - Aci";"133";"BR-050/GO";"Sul";"Choque - Outros";0;0;1;0;0;0;0;0;0;0;1;0;0;0;0
"13/12/2021";"07:32:00";"46";"ac03 - Aci";"272.85";"BR-050/GO";"Norte";"Choque - Talude ou Barranco";1;0;0;0;0;0;0;0;0;0;1;0;0;0;0
"13/12/2021";"09:14:00";"73";"ac03 - Aci";"16.98";"BR-050/MG";"Norte";"Choque - Sinalização";1;0;0;0;0;0;0;0;0;0;2;0;0;0;0
"13/12/2021";"03:55:00";"195";"ac03 - Aci";"86.61";"BR-050/MG";"Sul";"Colisão lateral no mesmo sentido";1;0;1;0;0;0;0;0;0;0;5;0;0;0;0
"13/12/2021";"04:14:00";"201";"ac02 - Aci";"124.3";"BR-050/MG";"Sul";"Capotamento";0;0;0;0;0;0;0;0;0;1;0;0;1;0;0
"13/12/2021";"05:16:00";"216";"ac02 - Aci";"96.1";"BR-050/GO";"Norte";"Colisão Transversal";0;0;1;0;0;0;0;0;0;1;1;1;0;0;0
"14/12/2021";"07:22:00";"48";"ac03 - Aci";"8.8";"CT-UDI-MG";"Sul";"Atropelamento de Animal";0;0;0;0;0;0;0;0;0;1;1;0;0;0;0
"14/12/2021";"11:34:00";"145";"ac02 - Aci";"38.7";"BR-050/MG";"Sul";"Choque - Veiculo parado no acostamento";1;0;1;0;0;0;0;0;0;0;2;0;1;0;0
"15/12/2021";"08:48:00";"82";"ac02 - Aci";"51";"BR-050/MG";"Sul";"Colisão Traseira";1;0;1;0;0;0;0;0;0;0;4;2;0;0;0
"15/12/2021";"03:36:00";"224";"ac03 - Aci";"149.7";"BR-050/GO";"Sul";"Choque - Talude ou Barranco";1;0;0;0;0;0;0;0;0;0;2;0;0;0;0
"15/12/2021";"07:15:00";"294";"ac02 - Aci";"169.8";"BR-050/MG";"Sul";"Choque - New jersey";2;0;0;0;0;0;0;0;0;1;3;2;1;0;0
"16/12/2021";"12:34:00";"7";"ac03 - Aci";"141.8";"BR-050/MG";"Sul";"Choque - Defensa metálica";0;0;1;0;0;0;0;0;0;0;2;0;0;0;0
"16/12/2021";"12:42:00";"11";"ac03 - Aci";"101";"BR-050/MG";"Sul";"Choque - Defensa metálica";1;0;0;0;0;0;0;0;0;0;2;0;0;0;0
"16/12/2021";"02:16:00";"25";"ac03 - Aci";"78.5";"BR-050/MG";"Norte";"Colisão Traseira";0;0;2;0;0;0;0;0;0;0;2;0;0;0;0
"16/12/2021";"09:37:00";"123";"ac03 - Aci";"29.82";"BR-050/MG";"Norte";"Tombamento";1;0;0;0;0;0;0;0;0;0;1;0;0;0;0
"16/12/2021";"01:25:00";"202";"ac03 - Aci";"132.3";"BR-050/MG";"Norte";"Colisão Traseira";0;0;2;0;0;0;0;0;0;0;5;0;0;0;0
"16/12/2021";"02:21:00";"220";"ac03 - Aci";"115";"BR-050/GO";"Norte";"Choque - Talude ou Barranco";1;0;0;0;0;0;0;0;0;0;1;0;0;0;0
"16/12/2021";"03:02:00";"233";"ac03 - Aci";"116";"BR-050/GO";"Sul";"Choque - Elemento de Drenagem";1;0;0;0;0;0;0;0;0;0;2;0;0;0;0
"17/12/2021";"08:36:00";"75";"ac02 - Aci";"110.48";"BR-050/MG";"Norte";"Choque - Talude ou Barranco";0;0;0;0;0;0;0;0;0;1;0;0;1;0;0
"17/12/2021";"11:25:00";"130";"ac02 - Aci";"53.5";"BR-050/MG";"Sul";"Choque - Sinalização";0;0;1;0;0;0;0;0;0;0;0;1;0;0;0
"17/12/2021";"04:53:00";"236";"ac03 - Aci";"136";"BR-050/MG";"Sul";"Colisão Traseira";1;0;1;0;0;0;0;0;0;0;4;0;0;0;0
"17/12/2021";"05:06:00";"242";"ac03 - Aci";"294.9";"BR-050/GO";"Norte";"Choque - Defensa metálica";1;0;0;0;0;0;0;0;0;0;5;0;0;0;0
"17/12/2021";"06:00:00";"262";"ac03 - Aci";"135";"BR-050/MG";"Sul";"Choque - Elemento de Drenagem";0;0;0;0;0;0;0;0;0;1;1;0;0;0;0
"17/12/2021";"06:11:00";"268";"ac03 - Aci";"134.5";"BR-050/MG";"Sul";"Engavetamento";2;0;1;0;0;1;0;0;0;2;6;0;0;0;0
"18/12/2021";"12:14:00";"1";"ac03 - Aci";"171";"BR-050/MG";"Norte";"Queda de Moto";0;0;0;1;0;0;0;0;0;0;0;0;0;0;0
"18/12/2021";"02:23:00";"23";"ac03 - Aci";"297.41";"BR-050/GO";"Norte";"Choque - Elemento de Drenagem";0;0;1;0;0;0;0;0;0;0;1;0;0;0;0
"18/12/2021";"05:56:00";"44";"ac02 - Aci";"81.9";"BR-050/MG";"Norte";"Choque - Veiculo parado no acostamento";1;0;1;0;0;0;0;0;0;0;3;1;0;0;0
"18/12/2021";"08:10:00";"86";"ac03 - Aci";"198";"BR-050/MG";"Sul";"Colisão Traseira";1;0;0;0;0;0;0;0;0;1;4;0;0;0;0
"18/12/2021";"12:20:00";"202";"ac03 - Aci";"172.04";"BR-050/GO";"Sul";"Choque - Sinalização";1;0;0;0;0;0;0;0;0;0;1;0;0;0;0