data;horario;n_da_ocorrencia;tipo_de_ocorrencia;km;trecho;sentido;tipo_de_acidente;automovel;bicicleta;caminhao;moto;onibus;outros;tracao_animal;transporte_de_cargas_especiais;trator_maquinas;utilitarios;ilesos;levemente_feridos;moderadamente_feridos;gravemente_feridos;mortos
"18/12/2021";"02:54:00";"242";"ac03 - Aci";"173.5";"BR-050/MG";"Sul";"Colisão lateral no mesmo sentido";1;0;0;0;0;1;0;0;0;0;2;0;0;0;0
"18/12/2021";"05:51:00";"302";"ac03 - Aci";"152.9";"BR-050/MG";"Sul";"Choque - Sinalização";0;0;0;0;0;0;0;0;0;1;2;0;0;0;0
"18/12/2021";"08:33:00";"345";"ac02 - Aci";"105.9";"BR-050/GO";"Norte";"Capotamento";0;0;0;0;0;0;0;0;0;1;3;1;0;0;0
"18/12/2021";"08:41:00";"347";"ac03 - Aci";"273";"BR-050/GO";"Norte";"Queda de Moto";0;0;0;1;0;0;0;0;0;0;2;0;0;0;0
"18/12/2021";"09:09:00";"353";"ac03 - Aci";"172";"BR-050/MG";"Norte";"Choque - Meio fio";1;0;0;0;0;0;0;0;0;0;4;0;0;0;0
"19/12/2021";"12:02:00";"1";"ac03 - Aci";"59.5";"BR-050/MG";"Norte";"Choque - Arvore";1;0;0;0;0;0;0;0;0;0;1;0;0;0;0
"19/12/2021";"07:53:00";"69";"ac03 - Aci";"175";"BR-050/MG";"Sul";"Choque - Meio fio";1;0;0;0;0;0;0;0;0;0;1;0;0;0;0
"19/12/2021";"12:34:00";"158";"ac02 - Aci";"196.6";"BR-050/GO";"Sul";"Choque - Sinalização";1;0;0;0;0;0;0;0;0;0;0;2;0;0;0
"19/12/2021";"05:39:00";"244";"ac02 - Aci";"134.9";"BR-050/MG";"Sul";"Capotamento";1;0;0;0;0;0;0;0;0;0;0;2;2;0;0
"19/12/2021";"05:42:00";"245";"ac03 - Aci";"136";"BR-050/GO";"Sul";"Choque - Talude ou Barranco";1;0;0;0;0;0;0;0;0;0;5;0;0;0;0
"19/12/2021";"09:11:00";"294";"ac03 - Aci";"56.9";"BR-050/MG";"Sul";"Choque - Elemento de Drenagem";1;0;0;0;0;0;0;0;0;0;3;0;0;0;0
"19/12/2021";"10:56:00";"318";"ac03 - Aci";"174";"BR-050/MG";"Sul";"Choque - Meio fio";1;0;0;0;0;0;0;0;0;0;1;0;0;0;0
"20/12/2021";"08:29:00";"88";"ac03 - Aci";"165.9";"BR-050/GO";"Sul";"Tombamento";0;0;1;0;0;0;0;0;0;0;1;0;0;0;0
"20/12/2021";"08:51:00";"96";"ac03 - Aci";"21.04";"BR-050/MG";"Sul";"Choque - Meio fio";0;0;0;0;0;0;0;0;0;1;1;0;0;0;0
"20/12/2021";"10:58:00";"154";"ac02 - Aci";"95.8";"BR-050/MG";"Norte";"Colisão Traseira";1;0;2;0;0;0;0;0;0;0;2;2;1;0;0
"20/12/2021";"12:35:00";"193";"ac03 - Aci";"40.9";"BR-050/MG";"Sul";"Choque - Meio fio";1;0;0;0;0;0;0;0;0;0;3;0;0;0;0
"20/12/2021";"01:25:00";"205";"ac02 - Aci";"280.4";"BR-050/GO";"Norte";"Colisão Transversal";0;0;0;1;1;0;0;0;0;0;5;0;1;0;0
"20/12/2021";"04:03:00";"258";"ac03 - Aci";"58.12";"BR-050/MG";"Norte";"Choque - Talude ou Barranco";1;0;0;0;0;0;0;0;0;0;1;0;0;0;0
"20/12/2021";"05:11:00";"277";"ac02 - Aci";"165.5";"BR-050/GO";"Sul";"Choque - New jersey";0;0;0;0;0;0;0;0;0;1;0;1;0;0;0
"20/12/2021";"07:42:00";"312";"ac02 - Aci";"184";"BR-050/MG";"Norte";"Colisão lateral no mesmo sentido";1;0;1;0;0;0;0;0;0;1;3;2;0;0;0
"20/12/2021";"10:38:00";"344";"ac02 - Aci";"111.3";"BR-050/GO";"Norte";"Tombamento";0;0;1;0;0;0;0;0;0;0;0;0;0;1;0
"21/12/2021";"01:14:00";"178";"ac02 - Aci";"197.75";"BR-050/MG";"Sul";"Choque - Sinalização";1;0;0;0;1;0;0;0;0;0;28;1;1;0;0
"21/12/2021";"02:31:00";"206";"ac02 - Aci";"255";"BR-050/GO";"Sul";"Engavetamento";0;0;1;0;0;0;0;0;0;2;5;1;1;0;0
"21/12/2021";"05:33:00";"253";"ac03 - Aci";"28.82";"BR-050/MG";"Sul";"Colisão Traseira";0;0;1;0;0;0;0;0;0;1;6;0;0;0;0
"21/12/2021";"11:44:00";"324";"ac02 - Aci";"118.9";"BR-050/MG";"Norte";"Colisão Traseira";0;0;1;0;1;0;0;0;0;0;22;1;1;0;0
"22/12/2021";"12:18:00";"2";"ac03 - Aci";"36.7";"BR-050/MG";"Norte";"Atropelamento de Animal";0;0;0;0;0;0;0;0;0;1;4;0;0;0;0
"22/12/2021";"12:28:00";"4";"ac03 - Aci";"4.52";"BR-050/MG";"Sul";"Colisão Traseira";0;0;1;0;0;0;0;0;0;1;2;0;0;0;0
"22/12/2021";"01:20:00";"8";"ac03 - Aci";"278";"BR-050/GO";"Norte";"Colisão lateral no mesmo sentido";0;0;0;0;0;1;0;0;0;1;4;0;0;0;0
"22/12/2021";"07:39:00";"56";"ac03 - Aci";"99.08";"BR-050/GO";"Sul";"Engavetamento";1;0;0;0;0;1;0;0;0;1;5;0;0;0;0
"22/12/2021";"09:41:00";"100";"ac03 - Aci";"46.18";"BR-050/MG";"Sul";"Colisão lateral no mesmo sentido";1;0;1;0;0;0;0;0;0;0;2;0;0;0;0
"22/12/2021";"12:20:00";"169";"ac03 - Aci";"77.3";"BR-050/MG";"Norte";"Colisão lateral no mesmo sentido";1;0;1;0;0;0;0;0;0;0;2;0;0;0;0
"22/12/2021";"11:30:00";"333";"ac03 - Aci";"4.25";"BR-050/MG";"Sul";"Tombamento";0;0;1;0;0;0;0;0;0;0;1;0;0;0;0
"23/12/2021";"06:14:00";"43";"ac02 - Aci";"171.22";"BR-050/GO";"Sul";"Colisão Traseira";2;0;0;0;0;0;0;0;0;0;3;1;0;0;0
"23/12/2021";"08:44:00";"98";"ac03 - Aci";"137.5";"BR-050/MG";"Norte";"Choque - Outros";1;0;0;0;0;0;0;0;0;0;5;0;0;0;0
"23/12/2021";"11:21:00";"171";"ac03 - Aci";"81.2";"BR-050/MG";"Sul";"Choque - Sinalização";1;0;0;0;0;0;0;0;0;0;1;0;0;0;0
"23/12/2021";"11:50:00";"185";"ac02 - Aci";"11.7";"CT-UDI-MG";"Norte";"Queda de Moto";0;0;0;1;0;0;0;0;0;0;0;0;1;0;0
"23/12/2021";"12:16:00";"196";"ac02 - Aci";"1.4";"BR-050/MG";"Norte";"Choque - Elemento de Drenagem";0;0;0;0;0;0;0;0;0;1;0;0;1;0;0
"23/12/2021";"01:00:00";"214";"ac03 - Aci";"53";"BR-050/MG";"Norte";"Choque - Elemento de Drenagem";0;0;1;0;0;0;0;0;0;0;1;0;0;0;0
"23/12/2021";"01:12:00";"222";"ac03 - Aci";"235.12";"BR-050/GO";"Sul";"Choque - Defensa metálica";1;0;0;0;0;0;0;0;0;0;0;0;0;0;0
"23/12/2021";"03:58:00";"272";"ac03 - Aci";"9.34";"CT-UDI-MG";"Norte";"Choque - Poste";0;0;0;0;0;1;0;0;0;0;1;0;0;0;0
"23/12/2021";"05:43:00";"312";"ac03 - Aci";"91";"BR-050/MG";"Norte";"Capotamento";1;0;0;0;0;0;0;0;0;0;1;0;0;0;0
"23/12/2021";"05:44:00";"314";"ac03 - Aci";"280.5";"BR-050/GO";"Norte";"Colisão Transversal";0;0;0;1;0;0;0;0;0;1;3;0;0;0;0
"23/12/2021";"06:11:00";"325";"ac02 - Aci";"105";"BR-050/MG";"Norte";"Engavetamento";3;0;0;0;0;0;0;0;0;0;0;4;0;0;0
"23/12/2021";"09:12:00";"363";"ac03 - Aci";"185";"BR-050/GO";"Sul";"Choque - Meio fio";1;0;0;0;0;0;0;0;0;0;2;0;0;0;0
"24/12/2021";"04:25:00";"32";"ac03 - Aci";"274.8";"BR-050/GO";"Sul";"Queda de veículo em ribanceira, ponte ou viaduto";0;0;0;0;0;0;0;0;0;1;1;0;0;0;0
"24/12/2021";"08:38:00";"92";"ac03 - Aci";"252.38";"BR-050/GO";"Norte";"Capotamento";0;0;0;0;0;0;0;0;0;1;1;0;0;0;0
"24/12/2021";"10:21:00";"125";"ac03 - Aci";"151.44";"BR-050/MG";"Norte";"Choque - Defensa metálica";0;0;0;0;0;0;0;0;0;1;2;0;0;0;0
"24/12/2021";"11:03:00";"143";"ac02 - Aci";"195.6";"BR-050/GO";"Sul";"Choque - Talude ou Barranco";1;0;0;0;0;0;0;0;0;0;1;2;1;0;0
"24/12/2021";"05:19:00";"274";"ac03 - Aci";"60";"BR-050/MG";"Norte";"Choque - Meio fio";1;0;0;0;0;0;0;0;0;0;5;0;0;0;0
"24/12/2021";"05:25:00";"277";"ac03 - Aci";"6";"CT-UDI-MG";"Norte";"Choque - Sinalização";0;0;1;0;0;0;0;0;0;0;1;0;0;0;0
"25/12/2021";"02:15:00";"105";"ac02 - Aci";"100";"BR-050/MG";"Norte";"Queda de Moto";0;0;0;1;0;0;0;0;0;0;0;1;1;0;0
"25/12/2021";"04:04:00";"133";"ac03 - Aci";"79.85";"BR-050/MG";"Norte";"Atropelamento de Animal";0;0;0;0;0;0;0;0;0;1;4;0;0;0;0
"25/12/2021";"10:33:00";"201";"ac02 - Aci";"180";"BR-050/MG";"Sul";"Colisão Traseira";2;0;0;0;0;0;0;0;0;0;5;2;1;0;0
"26/12/2021";"04:32:00";"21";"ac02 - Aci";"140.42";"BR-050/MG";"Norte";"Tombamento";1;0;0;0;0;0;0;0;0;0;2;0;1;0;0
"26/12/2021";"02:12:00";"166";"ac03 - Aci";"202.3";"BR-050/MG";"Sul";"Choque - New jersey";1;0;0;0;0;0;0;0;0;0;4;0;0;0;0
"26/12/2021";"06:21:00";"269";"ac03 - Aci";"7.1";"BR-050/MG";"Sul";"Choque - Elemento de Drenagem";0;0;1;0;0;0;0;0;0;0;1;0;0;0;0
"26/12/2021";"09:30:00";"329";"ac02 - Aci";"193.7";"BR-050/MG";"Norte";"Choque - Outros";1;0;0;0;0;0;0;0;0;0;0;0;4;0;0
"26/12/2021";"11:25:00";"356";"ac02 - Aci";"270";"BR-050/GO";"Sul";"Choque - Defensa metálica";0;0;0;1;0;0;0;0;0;0;1;0;1;0;0
"27/12/2021";"01:59:00";"15";"ac03 - Aci";"100.47";"BR-050/GO";"Norte";"Atropelamento de Animal";0;0;1;0;0;0;0;0;0;0;1;0;0;0;0
"27/12/2021";"06:10:00";"33";"ac03 - Aci";"186.1";"BR-050/MG";"Norte";"Colisão Traseira";0;0;0;0;0;1;0;0;0;1;1;0;0;0;0
"27/12/2021";"06:56:00";"43";"ac02 - Aci";"178.3";"BR-050/MG";"Sul";"Queda de Moto";0;0;0;1;0;0;0;0;0;0;0;2;0;0;0
"27/12/2021";"09:14:00";"105";"ac02 - Aci";"265.96";"BR-050/GO";"Sul";"Choque - Elemento de Drenagem";0;0;0;0;0;0;0;0;0;1;0;2;0;0;0
"27/12/2021";"10:54:00";"152";"ac03 - Aci";"35.25";"BR-050/MG";"Norte";"Colisão lateral no mesmo sentido";0;0;0;0;0;1;0;0;0;1;2;0;0;0;0
"27/12/2021";"11:24:00";"171";"ac02 - Aci";"50.94";"BR-050/MG";"Norte";"Choque - Meio fio";1;0;0;0;0;0;0;0;0;0;0;1;0;0;0
"27/12/2021";"11:02:00";"364";"ac02 - Aci";"55";"BR-050/MG";"Sul";"Capotamento";0;0;1;0;0;0;0;0;0;0;0;0;1;0;0
"28/12/2021";"08:36:00";"72";"ac03 - Aci";"43.1";"BR-050/MG";"Norte";"Colisão lateral no mesmo sentido";1;0;0;0;0;0;0;0;0;1;2;0;0;0;0
"28/12/2021";"04:23:00";"256";"ac03 - Aci";"246.4";"BR-050/GO";"Sul";"Choque - Elemento de Drenagem";0;0;0;0;0;0;0;0;0;1;2;0;0;0;0
"28/12/2021";"06:25:00";"277";"ac02 - Aci";"57";"BR-050/MG";"Norte";"Queda de Moto";0;0;0;1;0;0;0;0;0;0;0;1;0;0;0
"28/12/2021";"08:36:00";"309";"ac02 - Aci";"203";"BR-050/MG";"Sul";"Queda de Moto";0;0;0;1;0;0;0;0;0;0;0;1;0;0;0
"29/12/2021";"09:54:00";"108";"ac02 - Aci";"137";"BR-050/MG";"Norte";"Capotamento";1;0;0;0;0;0;0;0;0;0;0;2;0;0;0
"29/12/2021";"02:57:00";"203";"ac03 - Aci";"170";"BR-050/MG";"Norte";"Colisão Traseira";0;0;2;0;0;0;0;0;0;0;2;0;0;0;0
"29/12/2021";"04:18:00";"225";"ac02 - Aci";"149.9";"BR-050/MG";"Norte";"Tombamento";0;0;1;0;0;0;0;0;0;0;1;1;0;0;0
"29/12/2021";"05:09:00";"240";"ac03 - Aci";"62";"BR-050/MG";"Sul";"Objeto lançado contra veículo";1;0;0;0;0;0;0;0;0;0;5;0;0;0;0
"29/12/2021";"09:44:00";"295";"ac03 - Aci";"156.8";"BR-050/MG";"Norte";"Choque - Arvore";1;0;0;0;0;0;0;0;0;0;1;0;0;0;0
"30/12/2021";"01:39:00";"172";"ac02 - Aci";"18.8";"BR-050/MG";"Sul";"Choque - Defensa metálica";1;0;0;0;0;0;0;0;0;0;0;0;1;0;0
"30/12/2021";"01:57:00";"180";"ac03 - Aci";"235";"BR-050/GO";"Sul";"Choque - Elemento de Drenagem";1;0;0;0;0;0;0;0;0;0;2;0;0;0;0
"30/12/2021";"05:26:00";"231";"ac03 - Aci";"29.8";"BR-050/MG";"Norte";"Choque - Defensa metálica";1;0;0;0;0;0;0;0;0;0;3;0;0;0;0
"31/12/2021";"08:02:00";"55";"ac03 - Aci";"58.1";"BR-050/MG";"Norte";"Choque - Elemento de Drenagem";1;0;0;0;0;0;0;0;0;0;5;0;0;0;0
"31/12/2021";"12:07:00";"130";"ac03 - Aci";"144.7";"BR-050/MG";"Sul";"Choque - Talude ou Barranco";1;0;0;0;0;0;0;0;0;0;2;0;0;0;0
"31/12/2021";"06:41:00";"234";"ac03 - Aci";"173.3";"BR-050/MG";"Sul";"Colisão lateral no mesmo sentido";1;0;0;0;0;0;0;0;0;1;5;0;0;0;0
"01/01/2022";"10:56:00";"67";"ac03 - Aci";"235.97";"BR-050/GO";"Norte";"Choque - Elemento de Drenagem";1;0;0;0;0;0;0;0;0;0;1;0;0;0;0
"01/01/2022";"12:29:00";"81";"ac03 - Aci";"101.35";"BR-050/GO";"Sul";"Choque - Elemento de Drenagem";0;0;0;0;0;0;0;0;0;2;6;0;0;0;0
"01/01/2022";"03:35:00";"111";"ac03 - Aci";"195.5";"BR-050/GO";"Sul";"Choque - Talude ou Barranco";1;0;0;0;0;0;0;0;0;0;3;0;0;0;0
"02/01/2022";"07:37:00";"37";"ac03 - Aci";"17.1";"BR-050/MG";"Norte";"Choque - Elemento de Drenagem";1;0;0;0;0;0;0;0;0;0;2;0;0;0;0
"02/01/2022";"10:33:00";"74";"ac03 - Aci";"125.5";"BR-050/MG";"Norte";"Choque - Elemento de Drenagem";1;0;0;0;0;0;0;0;0;0;2;0;0;0;0
"02/01/2022";"10:38:00";"79";"ac02 - Aci";"226";"BR-050/GO";"Sul";"Choque - Meio fio";0;0;0;1;0;0;0;0;0;0;0;1;0;0;0
"02/01/2022";"10:48:00";"83";"ac03 - Aci";"29.8";"BR-050/MG";"Sul";"Choque - Meio fio";0;0;0;0;0;0;0;0;0;1;2;0;0;0;0
"02/01/2022";"01:08:00";"115";"ac03 - Aci";"273";"BR-050/GO";"Sul";"Choque - Meio fio";1;0;0;0;0;0;0;0;0;0;1;0;0;0;0
"02/01/2022";"03:08:00";"142";"ac02 - Aci";"97.7";"BR-050/GO";"Sul";"Colisão Transversal";2;0;0;0;0;0;0;0;0;0;3;2;0;0;0
"02/01/2022";"04:37:00";"182";"ac03 - Aci";"119.8";"BR-050/GO";"Norte";"Colisão Transversal";1;0;1;0;0;0;0;0;0;0;2;0;0;0;0
"02/01/2022";"06:12:00";"206";"ac02 - Aci";"118.84";"BR-050/MG";"Sul";"Capotamento";1;0;0;0;0;0;0;0;0;0;3;0;1;1;0
"02/01/2022";"06:29:00";"212";"ac02 - Aci";"151";"BR-050/GO";"Sul";"Capotamento";1;0;0;0;0;0;0;0;0;0;0;1;2;0;0
"02/01/2022";"07:47:00";"234";"ac03 - Aci";"99.15";"BR-050/GO";"Sul";"Atropelamento de Animal";1;0;0;0;0;0;0;0;0;0;3;0;0;0;0
"03/01/2022";"12:39:00";"10";"ac03 - Aci";"64.74";"BR-050/MG";"Norte";"Choque - Elemento de Drenagem";1;0;0;0;0;0;0;0;0;0;4;0;0;0;0
"03/01/2022";"10:47:00";"321";"ac03 - Aci";"272.73";"BR-050/GO";"Norte";"Choque - Defensa metálica";0;0;0;0;1;0;0;0;0;0;1;0;0;0;0
"03/01/2022";"11:43:00";"332";"ac02 - Aci";"127.9";"BR-050/MG";"Norte";"Colisão Traseira";0;0;2;0;0;0;0;0;0;0;1;0;1;0;0
"04/01/2022";"10:04:00";"148";"ac03 - Aci";"34.54";"BR-050/MG";"Norte";"Choque - Elemento de Drenagem";1;0;0;0;0;0;0;0;0;0;1;0;0;0;0
"04/01/2022";"12:42:00";"209";"ac03 - Aci";"16.52";"BR-050/MG";"Sul";"Choque - Defensa metálica";0;0;1;0;0;0;0;0;0;0;1;0;0;0;0
"04/01/2022";"12:52:00";"214";"ac03 - Aci";"272.2";"BR-050/GO";"Norte";"Choque - Elemento de Drenagem";0;0;0;0;0;0;0;0;0;1;1;0;0;0;0
"04/01/2022";"01:39:00";"228";"ac02 - Aci";"192.99";"BR-050/MG";"Sul";"Queda de Moto";0;0;0;1;0;0;0;0;0;0;0;1;0;0;0
"04/01/2022";"04:51:00";"282";"ac03 - Aci";"53.28";"BR-050/MG";"Sul";"Choque - New jersey";0;0;0;0;0;0;0;0;0;1;1;0;0;0;0
"05/01/2022";"01:52:00";"9";"ac03 - Aci";"82.7";"BR-050/MG";"Sul";"Choque - New jersey";1;0;0;0;0;0;0;0;0;0;3;0;0;0;0
"05/01/2022";"07:40:00";"44";"ac03 - Aci";"204.3";"BR-050/MG";"Sul";"Choque - New jersey";1;0;0;0;0;0;0;0;0;0;1;0;0;0;0
"05/01/2022";"11:34:00";"149";"ac02 - Aci";"233.38";"BR-050/GO";"Sul";"Capotamento";0;0;0;0;0;0;0;0;0;1;0;1;4;0;0
"06/01/2022";"03:36:00";"16";"ac03 - Aci";"203.8";"BR-050/MG";"Norte";"Colisão Traseira";0;0;0;0;0;1;0;0;0;1;1;0;0;0;0
"06/01/2022";"10:45:00";"123";"ac03 - Aci";"165.5";"BR-050/MG";"Norte";"Choque - Meio fio";1;0;0;0;0;0;0;0;0;0;3;0;0;0;0
"06/01/2022";"11:09:00";"128";"ac03 - Aci";"132.5";"BR-050/MG";"Sul";"Choque - Defensa metálica";0;0;0;0;0;0;0;0;0;1;2;0;0;0;0
"06/01/2022";"02:17:00";"177";"ac02 - Aci";"1.5";"BR-050/MG";"Norte";"Atropelamento de Animal";1;0;0;0;0;0;0;0;0;0;0;0;1;0;0
"07/01/2022";"06:50:00";"24";"ac02 - Aci";"18.8";"BR-050/MG";"Sul";"Choque - Defensa metálica";1;0;0;0;0;0;0;0;0;0;0;4;0;0;0
"07/01/2022";"08:10:00";"54";"ac03 - Aci";"102.48";"BR-050/MG";"Norte";"Atropelamento de Animal";1;0;0;0;0;0;0;0;0;0;2;0;0;0;0
"07/01/2022";"10:38:00";"110";"ac03 - Aci";"128.15";"BR-050/MG";"Norte";"Choque - Elemento de Drenagem";1;0;0;0;0;0;0;0;0;0;1;0;0;0;0
"07/01/2022";"01:06:00";"157";"ac02 - Aci";"140.3";"BR-050/MG";"Sul";"Capotamento";1;0;0;0;0;0;0;0;0;0;0;0;4;0;0
"08/01/2022";"08:01:00";"70";"ac02 - Aci";"182.75";"BR-050/MG";"Norte";"Queda de Moto";0;0;0;1;0;0;0;0;0;0;0;1;0;0;0
"08/01/2022";"01:23:00";"200";"ac03 - Aci";"64.58";"BR-050/MG";"Norte";"Choque - Meio fio";1;0;0;0;0;0;0;0;0;0;1;0;0;0;0
"08/01/2022";"01:57:00";"210";"ac03 - Aci";"58.06";"BR-050/MG";"Sul";"Choque - Elemento de Drenagem";1;0;0;0;0;0;0;0;0;0;1;0;0;0;0
"08/01/2022";"02:24:00";"217";"ac02 - Aci";"11.6";"CT-UDI-MG";"Sul";"Capotamento";1;0;0;0;0;0;0;0;0;0;0;0;1;0;0
"08/01/2022";"02:25:00";"218";"ac02 - Aci";"7.8";"CT-UDI-MG";"Sul";"Capotamento";1;0;0;0;0;0;0;0;0;0;0;1;1;0;0
"08/01/2022";"04:53:00";"268";"ac03 - Aci";"10.1";"BR-050/MG";"Norte";"Choque - Defensa metálica";1;0;0;0;0;0;0;0;0;0;3;0;0;0;0
"08/01/2022";"05:06:00";"270";"ac03 - Aci";"287.48";"BR-050/GO";"Sul";"Choque - Elemento de Drenagem";1;0;0;0;0;0;0;0;0;0;3;0;0;0;0
"09/01/2022";"02:24:00";"9";"ac02 - Aci";"36.2";"BR-050/MG";"Sul";"Choque - Talude ou Barranco";1;0;0;0;0;0;0;0;0;0;0;2;0;0;0
"09/01/2022";"08:51:00";"64";"ac03 - Aci";"195.027";"BR-050/GO";"Sul";"Choque - Meio fio";0;0;0;0;0;0;0;0;0;1;4;0;0;0;0
"09/01/2022";"11:27:00";"132";"ac02 - Aci";"1.8";"BR-050/MG";"Norte";"Choque - Meio fio";0;0;0;0;0;0;0;0;0;1;0;1;2;0;0
"09/01/2022";"07:25:00";"244";"ac02 - Aci";"171.2";"BR-050/MG";"Sul";"Choque - Sinalização";0;0;0;1;0;0;0;0;0;0;0;1;1;0;0
"10/01/2022";"02:04:00";"9";"ac02 - Aci";"242";"BR-050/GO";"Norte";"Choque - Talude ou Barranco";0;0;1;0;0;0;0;0;0;0;0;1;0;0;0
"10/01/2022";"02:20:00";"11";"ac03 - Aci";"123.8";"BR-050/GO";"Sul";"Choque - Elemento de Drenagem";1;0;0;0;0;0;0;0;0;0;1;0;0;0;0
"10/01/2022";"03:27:00";"14";"ac03 - Aci";"178";"BR-050/GO";"Norte";"Choque - Elemento de Drenagem";0;0;0;0;0;0;0;0;0;1;4;0;0;0;0
"10/01/2022";"03:12:00";"235";"ac03 - Aci";"62.2";"BR-050/MG";"Sul";"Choque - Meio fio";0;0;0;0;0;0;0;0;0;1;1;0;0;0;0
"10/01/2022";"03:27:00";"239";"ac02 - Aci";"105";"BR-050/MG";"Sul";"Colisão Traseira";0;0;1;0;0;0;0;0;0;1;4;1;0;0;0
"10/01/2022";"07:26:00";"281";"ac02 - Aci";"9.9";"CT-UDI-MG";"Sul";"Choque - Elemento de Drenagem";1;0;0;0;0;0;0;0;0;0;0;1;0;0;0
"10/01/2022";"07:57:00";"289";"ac03 - Aci";"230.7";"BR-050/GO";"Norte";"Choque - Defensa metálica";1;0;0;0;0;0;0;0;0;0;4;0;0;0;0
"11/01/2022";"06:04:00";"31";"ac03 - Aci";"195";"BR-050/GO";"Sul";"Capotamento";1;0;0;0;0;0;0;0;0;0;2;0;0;0;0
"11/01/2022";"09:30:00";"123";"ac03 - Aci";"178.78";"BR-050/GO";"Norte";"Choque - Veiculo parado na pista";1;0;1;0;0;0;0;0;0;0;1;0;0;0;0
"11/01/2022";"09:30:00";"117";"ac03 - Aci";"178.7";"BR-050/GO";"Norte";"Choque - Elemento de Drenagem";1;0;0;0;0;0;0;0;0;0;1;0;0;0;0
"11/01/2022";"12:23:00";"189";"ac03 - Aci";"54";"BR-050/MG";"Sul";"Choque - Elemento de Drenagem";0;0;1;0;0;0;0;0;0;0;1;0;0;0;0
"11/01/2022";"01:25:00";"205";"ac03 - Aci";"195.2";"BR-050/MG";"Sul";"Choque - Defensa metálica";0;0;1;0;0;0;0;0;0;0;2;0;0;0;0
"11/01/2022";"02:20:00";"217";"ac03 - Aci";"198.6";"BR-050/MG";"Sul";"Colisão Transversal";0;0;1;0;0;1;0;0;0;0;2;0;0;0;0
"11/01/2022";"03:25:00";"250";"ac03 - Aci";"206.97";"BR-050/MG";"Norte";"Choque - New jersey";0;0;1;0;0;0;0;0;0;0;1;0;0;0;0
"12/01/2022";"10:07:00";"144";"ac03 - Aci";"198";"BR-050/MG";"Sul";"Choque - Outros";0;0;1;0;0;0;0;0;0;0;1;0;0;0;0
"12/01/2022";"10:25:00";"153";"ac03 - Aci";"202";"BR-050/GO";"Sul";"Choque - Talude ou Barranco";1;0;0;0;0;0;0;0;0;0;3;0;0;0;0
"12/01/2022";"06:57:00";"317";"ac03 - Aci";"114.3";"BR-050/GO";"Norte";"Choque - Talude ou Barranco";0;0;0;0;0;0;0;0;0;1;1;0;0;0;0
"13/01/2022";"04:43:00";"24";"ac02 - Aci";"133.9";"BR-050/GO";"Norte";"Choque - Arvore";0;0;1;0;0;0;0;0;0;0;0;1;0;0;0
"13/01/2022";"08:13:00";"62";"ac02 - Aci";"169.35";"BR-050/MG";"Sul";"Colisão Traseira";1;0;2;0;0;0;0;0;0;0;4;1;0;0;0
"13/01/2022";"09:21:00";"87";"ac03 - Aci";"117.55";"BR-050/MG";"Norte";"Atropelamento de Animal";0;0;0;0;0;0;0;0;0;1;1;0;0;0;0
"13/01/2022";"11:36:00";"155";"ac02 - Aci";"153.4";"BR-050/MG";"Norte";"Capotamento";1;0;0;0;0;0;0;0;0;0;0;4;0;0;0
"13/01/2022";"02:05:00";"186";"ac03 - Aci";"31.12";"BR-050/MG";"Norte";"Choque - Objeto sobre a pista";1;0;0;0;0;0;0;0;0;0;4;0;0;0;0
"13/01/2022";"04:16:00";"234";"ac03 - Aci";"178.95";"BR-050/GO";"Norte";"Choque - Elemento de Drenagem";0;0;0;0;0;0;0;0;0;1;2;0;0;0;0
"14/01/2022";"12:08:00";"189";"ac03 - Aci";"143.985";"BR-050/GO";"Sul";"Colisão Traseira";0;0;1;1;0;0;0;0;0;0;0;0;0;0;0
"14/01/2022";"09:41:00";"372";"ac03 - Aci";"172";"BR-050/MG";"Sul";"Atropelamento de Animal";1;0;0;0;0;0;0;0;0;0;2;0;0;0;0
"15/01/2022";"12:02:00";"1";"ac03 - Aci";"119";"BR-050/GO";"Sul";"Choque - Elemento de Drenagem";1;0;0;0;0;0;0;0;0;0;1;0;0;0;0
"15/01/2022";"12:53:00";"5";"ac01 - Aci";"198.97";"BR-050/GO";"Sul";"Tombamento";0;0;0;0;1;0;0;0;0;0;31;6;15;0;1
"15/01/2022";"03:34:00";"17";"ac01 - Aci";"96.9";"BR-050/GO";"Norte";"Atropelamento - Andarilho";0;0;0;0;0;1;0;0;0;0;0;0;0;0;1
"15/01/2022";"07:19:00";"45";"ac03 - Aci";"1.95";"BR-050/MG";"Sul";"Colisão Traseira";1;0;0;0;0;1;0;0;0;0;0;0;0;0;0
"15/01/2022";"01:13:00";"168";"ac03 - Aci";"174";"BR-050/MG";"Norte";"Queda de Ciclista";0;1;0;0;0;0;0;0;0;0;1;0;0;0;0
"15/01/2022";"01:52:00";"180";"ac03 - Aci";"58";"BR-050/MG";"Norte";"Colisão lateral no mesmo sentido";1;0;1;0;0;0;0;0;0;0;5;0;0;0;0
"15/01/2022";"05:26:00";"250";"ac03 - Aci";"176.85";"BR-050/MG";"Norte";"Colisão Traseira";1;0;1;0;0;0;0;0;0;0;3;0;0;0;0
"16/01/2022";"05:59:00";"21";"ac03 - Aci";"174";"BR-050/MG";"Sul";"Choque - Elemento de Drenagem";1;0;0;0;0;0;0;0;0;0;1;0;0;0;0
"16/01/2022";"04:43:00";"213";"ac02 - Aci";"204.7";"BR-050/MG";"Norte";"Capotamento";1;0;0;0;0;0;0;0;0;0;3;1;0;0;0
"16/01/2022";"08:31:00";"283";"ac03 - Aci";"62.2";"BR-050/MG";"Sul";"Tombamento";0;0;1;0;0;0;0;0;0;0;1;0;0;0;0
"16/01/2022";"10:43:00";"312";"ac03 - Aci";"305.5";"BR-050/GO";"Sul";"Choque - New jersey";1;0;0;0;0;0;0;0;0;0;1;0;0;0;0