data;horario;n_da_ocorrencia;tipo_de_ocorrencia;km;trecho;sentido;tipo_de_acidente;automovel;bicicleta;caminhao;moto;onibus;outros;tracao_animal;transporte_de_cargas_especiais;trator_maquinas;utilitarios;ilesos;levemente_feridos;moderadamente_feridos;gravemente_feridos;mortos
"17/01/2022";"07:50:00";"51";"ac03 - Aci";"179.5";"BR-050/MG";"Sul";"Colisão Traseira";0;0;3;0;0;0;0;0;0;0;3;0;0;0;0
"17/01/2022";"03:31:00";"215";"ac03 - Aci";"53.1";"BR-050/MG";"Sul";"Choque - Sinalização";0;0;1;0;0;0;0;0;0;0;1;0;0;0;0
"17/01/2022";"04:56:00";"253";"ac03 - Aci";"287.8";"BR-050/GO";"Sul";"Choque - Meio fio";1;0;0;0;0;0;0;0;0;0;1;0;0;0;0
"18/01/2022";"07:23:00";"50";"ac02 - Aci";"205.5";"BR-050/MG";"Norte";"Atropelamento - Pedestre";0;0;2;0;0;0;0;0;0;0;1;1;0;0;0
"18/01/2022";"11:32:00";"130";"ac03 - Aci";"209.56";"BR-050/GO";"Sul";"Choque - Defensa metálica";0;0;0;0;0;0;0;0;0;1;1;0;0;0;0
"18/01/2022";"02:07:00";"171";"ac03 - Aci";"190.9";"BR-050/MG";"Sul";"Choque - New jersey";0;0;1;0;0;0;0;0;0;0;1;0;0;0;0
"18/01/2022";"07:52:00";"255";"ac01 - Aci";"98.6";"BR-050/MG";"Sul";"Colisão Frontal";1;0;1;0;0;0;0;0;0;0;1;0;3;0;2
"19/01/2022";"01:31:00";"12";"ac03 - Aci";"142";"BR-050/MG";"Sul";"Choque - Elemento de Drenagem";0;0;1;0;0;0;0;0;0;0;1;0;0;0;0
"19/01/2022";"08:50:00";"88";"ac03 - Aci";"178.1";"BR-050/MG";"Norte";"Choque - Objeto sobre a pista";1;0;0;0;0;0;0;0;0;0;1;0;0;0;0
"19/01/2022";"04:37:00";"302";"ac03 - Aci";"192.9";"BR-050/MG";"Norte";"Choque - Elemento de Drenagem";0;0;1;0;0;0;0;0;0;0;1;0;0;0;0
"19/01/2022";"07:53:00";"358";"ac03 - Aci";"168.2";"BR-050/MG";"Norte";"Choque - New jersey";0;0;1;0;0;0;0;0;0;0;2;0;0;0;0
"19/01/2022";"08:39:00";"366";"ac03 - Aci";"175.7";"BR-050/MG";"Norte";"Colisão lateral no mesmo sentido";1;0;1;0;0;0;0;0;0;0;3;0;0;0;0
"20/01/2022";"05:43:00";"23";"ac03 - Aci";"206.67";"BR-050/MG";"Sul";"Choque - Meio fio";0;0;1;0;0;0;0;0;0;0;3;0;0;0;0
"20/01/2022";"08:09:00";"61";"ac02 - Aci";"282.8";"BR-050/GO";"Sul";"Colisão Transversal";0;0;1;1;0;0;0;0;0;0;2;1;0;0;0
"20/01/2022";"03:19:00";"235";"ac03 - Aci";"139.5";"BR-050/MG";"Sul";"Capotamento";1;0;0;0;0;0;0;0;0;0;2;0;0;0;0
"20/01/2022";"05:09:00";"268";"ac02 - Aci";"90.19";"BR-050/MG";"Sul";"Tombamento";0;0;1;0;0;0;0;0;0;0;0;1;0;0;0
"20/01/2022";"07:49:00";"311";"ac03 - Aci";"100.5";"BR-050/GO";"Norte";"Atropelamento de Animal";0;0;0;0;0;0;0;0;0;1;1;0;0;0;0
"21/01/2022";"04:11:00";"30";"ac03 - Aci";"6.8";"BR-050/MG";"Sul";"Choque - Elemento de Drenagem";1;0;0;0;0;0;0;0;0;0;3;0;0;0;0
"21/01/2022";"05:31:00";"36";"ac02 - Aci";"113.95";"BR-050/MG";"Norte";"Colisão Traseira";0;0;1;0;1;0;0;0;0;0;26;0;1;0;0
"21/01/2022";"05:36:00";"303";"ac03 - Aci";"169.5";"BR-050/MG";"Sul";"Colisão Traseira";2;0;0;0;0;0;0;0;0;0;4;0;0;0;0
"22/01/2022";"02:29:00";"172";"ac03 - Aci";"62.4";"BR-050/MG";"Sul";"Choque - Meio fio";0;0;0;0;0;0;0;0;0;1;1;0;0;0;0
"22/01/2022";"02:34:00";"174";"ac02 - Aci";"29.7";"BR-050/MG";"Norte";"Choque - Defensa metálica";0;0;0;1;0;0;0;0;0;0;1;0;1;0;0
"22/01/2022";"02:40:00";"178";"ac03 - Aci";"81";"BR-050/MG";"Norte";"Choque - Defensa metálica";0;0;1;0;0;0;0;0;0;0;1;0;0;0;0
"22/01/2022";"03:39:00";"190";"ac02 - Aci";"17";"BR-050/MG";"Norte";"Tombamento";0;0;1;0;0;0;0;0;0;0;0;0;1;0;0
"22/01/2022";"04:39:00";"211";"ac01 - Aci";"279.6";"BR-050/GO";"Norte";"Atropelamento - Funcionário";0;0;1;0;0;0;0;0;0;0;2;0;0;0;1
"23/01/2022";"08:20:00";"75";"ac01 - Aci";"29.74";"BR-050/MG";"Norte";"Choque - Defensa metálica";0;0;0;1;0;0;0;0;0;0;0;0;0;0;1
"23/01/2022";"08:57:00";"84";"ac03 - Aci";"179.25";"BR-050/MG";"Norte";"Colisão Traseira";1;0;1;0;0;1;0;0;0;0;5;0;0;0;0
"23/01/2022";"04:40:00";"223";"ac03 - Aci";"27.8";"BR-050/MG";"Sul";"Choque - Defensa metálica";1;0;0;0;0;0;0;0;0;0;3;0;0;0;0
"23/01/2022";"05:07:00";"235";"ac03 - Aci";"62.64";"BR-050/MG";"Norte";"Colisão lateral no mesmo sentido";1;0;0;0;1;0;0;0;0;0;2;0;0;0;0
"23/01/2022";"06:20:00";"256";"ac03 - Aci";"278.9";"BR-050/GO";"Sul";"Colisão Traseira";2;0;0;0;0;1;0;0;0;0;6;0;0;0;0
"24/01/2022";"02:25:00";"20";"ac03 - Aci";"192.5";"BR-050/MG";"Sul";"Choque - New jersey";0;0;0;0;0;0;0;0;0;1;1;0;0;0;0
"24/01/2022";"06:30:00";"34";"ac03 - Aci";"196.9";"BR-050/MG";"Norte";"Choque - Arvore";1;0;0;0;0;0;0;0;0;0;1;0;0;0;0
"24/01/2022";"10:51:00";"154";"ac03 - Aci";"250.57";"BR-050/GO";"Sul";"Tombamento";0;0;1;0;0;0;0;0;0;0;1;0;0;0;0
"25/01/2022";"12:31:00";"1";"ac03 - Aci";"41.26";"BR-050/MG";"Sul";"Choque - Meio fio";1;0;0;0;0;0;0;0;0;0;1;0;0;0;0
"25/01/2022";"09:26:00";"77";"ac03 - Aci";"104.9";"BR-050/MG";"Norte";"Colisão Traseira";2;0;0;0;0;0;0;0;0;0;2;0;0;0;0
"25/01/2022";"12:40:00";"145";"ac03 - Aci";"18.05";"CT-UDI-MG";"Sul";"Colisão Traseira";0;0;0;1;0;1;0;0;0;0;1;0;0;0;0
"25/01/2022";"12:47:00";"148";"ac03 - Aci";"27.68";"BR-050/MG";"Sul";"Choque - Meio fio";0;0;0;0;0;0;0;0;0;1;1;0;0;0;0
"25/01/2022";"01:19:00";"155";"ac03 - Aci";"38.4";"BR-050/MG";"Sul";"Choque - New jersey";1;0;0;0;0;0;0;0;0;0;1;0;0;0;0
"25/01/2022";"05:28:00";"243";"ac03 - Aci";"148.5";"BR-050/GO";"Norte";"Tombamento";1;0;0;0;0;1;0;0;0;0;1;0;0;0;0
"25/01/2022";"05:37:00";"245";"ac02 - Aci";"81.85";"BR-050/MG";"Norte";"Colisão Traseira";2;0;0;0;0;0;0;0;0;0;5;1;0;0;0
"26/01/2022";"04:57:00";"21";"ac03 - Aci";"229.6";"BR-050/GO";"Norte";"Choque - Sinalização";0;0;0;0;0;0;0;0;0;1;1;0;0;0;0
"26/01/2022";"07:34:00";"48";"ac02 - Aci";"53.8";"BR-050/MG";"Sul";"Choque - Sinalização";1;0;0;0;0;0;0;0;0;0;2;2;0;0;0
"27/01/2022";"03:09:00";"21";"ac02 - Aci";"150.6";"BR-050/MG";"Sul";"Choque - Elemento de Drenagem";0;0;1;0;0;0;0;0;0;0;0;1;0;0;0
"27/01/2022";"05:55:00";"33";"ac03 - Aci";"168.25";"BR-050/GO";"Sul";"Choque - Outros";0;0;0;0;0;1;0;0;0;1;1;0;0;0;0
"27/01/2022";"07:41:00";"70";"ac03 - Aci";"88.7";"BR-050/MG";"Norte";"Tombamento";0;0;0;0;0;0;0;0;0;1;1;0;0;0;0
"27/01/2022";"09:12:00";"118";"ac03 - Aci";"8";"BR-050/MG";"Sul";"Choque - Elemento de Drenagem";1;0;0;0;0;0;0;0;0;0;3;0;0;0;0
"27/01/2022";"11:48:00";"200";"ac02 - Aci";"51";"BR-050/MG";"Norte";"Colisão Traseira";1;0;1;0;0;0;0;0;0;0;2;2;0;0;0
"27/01/2022";"08:40:00";"354";"ac02 - Aci";"283";"BR-050/GO";"Norte";"Colisão Transversal";1;0;0;1;0;0;0;0;0;0;4;0;1;0;0
"27/01/2022";"08:45:00";"356";"ac02 - Aci";"170.25";"BR-050/MG";"Sul";"Queda de Moto";0;0;0;1;0;0;0;0;0;0;0;1;0;0;0
"27/01/2022";"10:25:00";"383";"ac02 - Aci";"170";"BR-050/MG";"Norte";"Queda de Moto";0;0;0;1;0;0;0;0;0;0;0;2;0;0;0
"28/01/2022";"12:17:00";"4";"ac03 - Aci";"58.9";"BR-050/MG";"Sul";"Choque - Elemento de Drenagem";1;0;0;0;0;0;0;0;0;0;2;0;0;0;0
"28/01/2022";"01:25:00";"13";"ac03 - Aci";"61.5";"BR-050/MG";"Norte";"Choque - Elemento de Drenagem";1;0;0;0;0;0;0;0;0;0;1;0;0;0;0
"28/01/2022";"01:08:00";"184";"ac02 - Aci";"262.95";"BR-050/GO";"Sul";"Capotamento";1;0;0;0;0;0;0;0;0;0;0;2;0;0;0
"28/01/2022";"01:38:00";"199";"ac02 - Aci";"46.8";"BR-050/MG";"Sul";"Capotamento";1;0;0;0;0;0;0;0;0;0;0;1;0;0;0
"28/01/2022";"05:33:00";"277";"ac03 - Aci";"29.7";"BR-050/MG";"Norte";"Tombamento";0;0;1;0;0;1;0;0;0;0;1;0;0;0;0
"28/01/2022";"05:56:00";"280";"ac03 - Aci";"50.08";"BR-050/MG";"Sul";"Colisão Traseira";1;0;0;0;0;0;0;0;0;1;4;0;0;0;0
"28/01/2022";"06:44:00";"291";"ac03 - Aci";"130.85";"BR-050/MG";"Sul";"Choque - Defensa metálica";1;0;0;0;0;0;0;0;0;0;1;0;0;0;0
"28/01/2022";"10:17:00";"330";"ac02 - Aci";"201.2";"BR-050/MG";"Sul";"Colisão Traseira";0;0;0;0;0;0;0;0;0;2;4;1;0;0;0
"29/01/2022";"08:20:00";"65";"ac03 - Aci";"173.5";"BR-050/MG";"Sul";"Choque - New jersey";1;0;0;0;0;0;0;0;0;0;1;0;0;0;0
"29/01/2022";"08:02:00";"252";"ac03 - Aci";"84.9";"BR-050/MG";"Norte";"Choque - Talude ou Barranco";1;0;0;0;0;0;0;0;0;0;1;0;0;0;0
"29/01/2022";"09:16:00";"263";"ac02 - Aci";"170.5";"BR-050/MG";"Sul";"Queda de Moto";0;0;0;1;0;0;0;0;0;0;0;0;1;0;0
"30/01/2022";"04:06:00";"17";"ac03 - Aci";"117.75";"BR-050/MG";"Sul";"Choque - Sinalização";0;0;1;0;0;0;0;0;0;0;1;0;0;0;0
"30/01/2022";"12:50:00";"135";"ac03 - Aci";"268.31";"BR-050/GO";"Norte";"Choque - Arvore";1;0;0;0;0;0;0;0;0;0;1;0;0;0;0
"30/01/2022";"01:59:00";"149";"ac02 - Aci";"167.8";"BR-050/GO";"Norte";"Capotamento";0;0;0;0;0;0;0;0;0;1;2;2;0;0;0
"30/01/2022";"04:32:00";"194";"ac02 - Aci";"174.45";"BR-050/MG";"Norte";"Queda de Moto";0;0;0;1;0;0;0;0;0;0;0;0;1;0;0
"30/01/2022";"09:01:00";"268";"ac03 - Aci";"174.3";"BR-050/MG";"Sul";"Colisão Traseira";1;0;0;0;0;1;0;0;0;0;3;0;0;0;0
"31/01/2022";"10:55:00";"119";"ac03 - Aci";"51.47";"BR-050/MG";"Sul";"Colisão Traseira";0;0;2;0;0;0;0;0;0;0;2;0;0;0;0
"31/01/2022";"11:16:00";"123";"ac03 - Aci";"16.48";"CT-UDI-MG";"Norte";"Capotamento";1;0;0;0;0;0;0;0;0;0;3;0;0;0;0
"31/01/2022";"07:35:00";"277";"ac03 - Aci";"1.5";"BR-050/MG";"Norte";"Choque - Elemento de Drenagem";1;0;0;0;0;0;0;0;0;0;3;0;0;0;0
"31/01/2022";"07:38:00";"280";"ac03 - Aci";"105.8";"BR-050/GO";"Sul";"Tombamento";0;0;1;0;0;0;0;0;0;0;1;0;0;0;0
"31/01/2022";"09:37:00";"305";"ac02 - Aci";"180";"BR-050/MG";"Sul";"Queda de Moto";0;0;0;1;0;0;0;0;0;0;0;0;0;1;0
"01/02/2022";"08:13:00";"52";"ac03 - Aci";"56";"BR-050/MG";"Norte";"Colisão Traseira";0;0;1;0;0;0;0;0;0;1;2;0;0;0;0
"01/02/2022";"08:44:00";"63";"ac02 - Aci";"248.13";"BR-050/GO";"Sul";"Colisão lateral no mesmo sentido";2;0;0;0;0;0;0;0;0;0;2;2;0;0;0
"01/02/2022";"10:33:00";"104";"ac02 - Aci";"185.3";"BR-050/MG";"Sul";"Colisão lateral no mesmo sentido";0;0;1;0;0;0;0;0;0;1;3;1;0;0;0
"01/02/2022";"01:22:00";"148";"ac03 - Aci";"198";"BR-050/MG";"Sul";"Objeto lançado contra veículo";0;0;0;0;0;0;0;0;0;1;1;0;0;0;0
"01/02/2022";"07:34:00";"247";"ac03 - Aci";"189.5";"BR-050/GO";"Sul";"Tombamento";0;0;1;0;0;0;0;0;0;0;1;0;0;0;0
"01/02/2022";"10:53:00";"276";"ac02 - Aci";"55.5";"BR-050/MG";"Norte";"Tombamento";0;0;1;0;0;0;0;0;0;0;0;0;0;1;0
"02/02/2022";"12:05:00";"1";"ac03 - Aci";"55.8";"BR-050/MG";"Norte";"Colisão lateral no mesmo sentido";0;0;2;0;0;0;0;0;0;0;2;0;0;0;0
"02/02/2022";"06:44:00";"31";"ac03 - Aci";"14.9";"CT-UDI-MG";"Norte";"Colisão lateral no mesmo sentido";0;0;0;0;0;1;0;0;0;1;1;0;0;0;0
"02/02/2022";"10:30:00";"126";"ac03 - Aci";"177";"BR-050/MG";"Sul";"Choque - New jersey";0;0;1;0;0;0;0;0;0;0;1;0;0;0;0
"02/02/2022";"12:35:00";"171";"ac02 - Aci";"102.4";"BR-050/GO";"Sul";"Choque - Talude ou Barranco";1;0;0;0;0;0;0;0;0;0;0;1;0;0;0
"02/02/2022";"12:35:00";"172";"ac03 - Aci";"101.95";"BR-050/GO";"Sul";"Choque - Sinalização";0;0;0;0;0;0;0;0;0;1;1;0;0;0;0
"02/02/2022";"04:50:00";"238";"ac02 - Aci";"84.9";"BR-050/MG";"Norte";"Colisão Frontal";1;0;1;0;0;0;0;0;0;0;1;1;1;0;0
"02/02/2022";"06:28:00";"261";"ac03 - Aci";"127.99";"BR-050/GO";"Norte";"Atropelamento de Animal";1;0;0;0;0;0;0;0;0;0;2;0;0;0;0
"02/02/2022";"07:08:00";"276";"ac03 - Aci";"51";"BR-050/MG";"Sul";"Colisão lateral no mesmo sentido";1;0;0;0;1;0;0;0;0;0;2;0;0;0;0
"02/02/2022";"11:28:00";"321";"ac03 - Aci";"195.2";"BR-050/MG";"Sul";"Choque - New jersey";1;0;0;0;0;0;0;0;0;0;1;0;0;0;0
"03/02/2022";"08:44:00";"95";"ac02 - Aci";"160.65";"BR-050/MG";"Norte";"Queda de Moto";0;0;0;1;0;0;0;0;0;0;0;1;0;0;0
"03/02/2022";"10:37:00";"142";"ac03 - Aci";"25.86";"BR-050/MG";"Sul";"Objeto lançado contra veículo";1;0;0;0;0;1;0;0;0;1;2;0;0;0;0
"03/02/2022";"12:32:00";"189";"ac01 - Aci";"79.8";"BR-050/MG";"Norte";"Choque - Defensa metálica";0;0;1;0;0;0;0;0;0;0;0;0;0;0;1
"03/02/2022";"01:17:00";"202";"ac03 - Aci";"136";"BR-050/MG";"Sul";"Choque - Elemento de Drenagem";0;0;1;0;0;0;0;0;0;0;1;0;0;0;0
"03/02/2022";"02:13:00";"220";"ac03 - Aci";"257";"BR-050/GO";"Norte";"Choque - Elemento de Drenagem";1;0;0;0;0;0;0;0;0;0;1;0;0;0;0
"03/02/2022";"07:14:00";"322";"ac02 - Aci";"275";"BR-050/GO";"Norte";"Colisão lateral no mesmo sentido";0;0;1;1;0;0;0;0;0;0;1;1;0;0;0
"03/02/2022";"07:24:00";"324";"ac03 - Aci";"81.2";"BR-050/MG";"Sul";"Colisão Traseira";0;0;2;0;0;0;0;0;0;0;4;0;0;0;0
"04/02/2022";"07:01:00";"50";"ac03 - Aci";"2.47";"BR-050/MG";"Sul";"Choque - Sinalização";1;0;0;0;0;0;0;0;0;0;2;0;0;0;0
"04/02/2022";"08:26:00";"80";"ac02 - Aci";"95.7";"BR-050/GO";"Norte";"Choque - Elemento de Drenagem";1;0;0;0;0;0;0;0;0;0;1;0;1;0;0
"04/02/2022";"12:16:00";"200";"ac02 - Aci";"194.1";"BR-050/MG";"Sul";"Capotamento";1;0;0;0;0;0;0;0;0;0;0;1;0;0;0
"04/02/2022";"05:16:00";"310";"ac03 - Aci";"246.4";"BR-050/GO";"Sul";"Colisão lateral no mesmo sentido";1;0;0;0;0;0;0;0;0;1;3;0;0;0;0
"04/02/2022";"05:33:00";"320";"ac02 - Aci";"266.75";"BR-050/GO";"Sul";"Choque - Outros";1;0;0;0;0;0;0;0;0;0;0;1;0;0;0
"04/02/2022";"05:52:00";"325";"ac02 - Aci";"113";"BR-050/GO";"Norte";"Capotamento";1;0;0;0;0;0;0;0;0;0;0;0;2;0;0
"04/02/2022";"10:35:00";"408";"ac02 - Aci";"119";"BR-050/MG";"Sul";"Colisão Traseira";1;0;1;0;0;0;0;0;0;0;1;1;0;0;0
"05/02/2022";"12:38:00";"4";"ac02 - Aci";"119.9";"BR-050/MG";"Sul";"Choque - Outros";1;0;0;0;0;0;0;0;0;0;0;1;0;0;0
"05/02/2022";"03:59:00";"25";"ac03 - Aci";"151.85";"BR-050/GO";"Norte";"Capotamento";0;0;0;0;0;0;0;0;0;1;1;0;0;0;0
"05/02/2022";"07:29:00";"67";"ac02 - Aci";"133.76";"BR-050/GO";"Sul";"Capotamento";1;0;0;0;0;0;0;0;0;0;0;0;2;0;0
"05/02/2022";"03:32:00";"251";"ac03 - Aci";"148.96";"BR-050/MG";"Norte";"Choque - Outros";1;0;0;0;0;0;0;0;0;0;1;0;0;0;0
"05/02/2022";"09:49:00";"348";"ac03 - Aci";"96.6";"BR-050/GO";"Norte";"Atropelamento de Animal";1;0;0;0;0;0;0;0;0;0;5;0;0;0;0
"05/02/2022";"10:19:00";"352";"ac03 - Aci";"36";"BR-050/MG";"Sul";"Choque - New jersey";1;0;0;0;0;0;0;0;0;0;2;0;0;0;0
"05/02/2022";"11:01:00";"356";"ac03 - Aci";"18";"CT-UDI-MG";"Norte";"Choque - Defensa metálica";1;0;0;0;0;0;0;0;0;1;3;0;0;0;0
"06/02/2022";"04:22:00";"25";"ac03 - Aci";"45";"BR-050/MG";"Sul";"Choque - Meio fio";0;0;0;0;0;0;0;0;0;1;1;0;0;0;0
"06/02/2022";"05:17:00";"34";"ac02 - Aci";"96.05";"BR-050/MG";"Norte";"Colisão Traseira";1;0;1;0;0;0;0;0;0;0;1;1;1;2;0
"06/02/2022";"06:40:00";"41";"ac03 - Aci";"198.32";"BR-050/GO";"Sul";"Choque - Talude ou Barranco";1;0;0;0;0;0;0;0;0;0;1;0;0;0;0
"06/02/2022";"12:49:00";"152";"ac03 - Aci";"29.74";"BR-050/MG";"Sul";"Choque - Meio fio";1;0;0;0;0;0;0;0;0;0;2;0;0;0;0
"06/02/2022";"03:53:00";"219";"ac02 - Aci";"282.9";"BR-050/GO";"Sul";"Colisão Transversal";1;0;0;1;0;0;0;0;0;0;3;1;0;0;0
"07/02/2022";"10:27:00";"119";"ac02 - Aci";"197";"BR-050/GO";"Norte";"Choque - Elemento de Drenagem";0;0;0;0;0;0;0;0;0;1;4;0;1;0;0
"07/02/2022";"02:55:00";"203";"ac02 - Aci";"100.25";"BR-050/GO";"Norte";"Choque - Talude ou Barranco";1;0;0;0;0;0;0;0;0;0;0;1;0;0;0
"07/02/2022";"04:44:00";"236";"ac02 - Aci";"260";"BR-050/GO";"Norte";"Colisão Transversal";2;0;0;0;0;0;0;0;0;0;0;1;3;0;0
"07/02/2022";"05:12:00";"245";"ac02 - Aci";"134.6";"BR-050/GO";"Sul";"Capotamento";1;0;0;0;0;0;0;0;0;0;2;0;3;0;0
"07/02/2022";"07:37:00";"284";"ac03 - Aci";"50.4";"BR-050/MG";"Sul";"Capotamento";1;0;0;0;0;0;0;0;0;0;1;0;0;0;0
"07/02/2022";"08:48:00";"299";"ac03 - Aci";"264.4";"BR-050/GO";"Sul";"Choque - Defensa metálica";1;0;0;0;0;0;0;0;0;0;1;0;0;0;0
"07/02/2022";"10:36:00";"313";"ac02 - Aci";"118.99";"BR-050/MG";"Norte";"Colisão Traseira";1;0;1;0;0;0;0;0;0;0;2;2;0;0;0
"08/02/2022";"10:21:00";"105";"ac02 - Aci";"78.8";"BR-050/MG";"Sul";"Capotamento";0;0;0;0;0;0;0;0;0;1;0;3;0;0;0
"08/02/2022";"04:16:00";"214";"ac02 - Aci";"116.7";"BR-050/GO";"Norte";"Colisão lateral no mesmo sentido";1;0;1;0;0;0;0;0;0;0;4;0;1;0;0
"09/02/2022";"12:58:00";"239";"ac03 - Aci";"130.41";"BR-050/MG";"Norte";"Choque - Elemento de Drenagem";0;0;0;0;0;0;0;0;0;1;2;0;0;0;0
"09/02/2022";"05:42:00";"319";"ac03 - Aci";"190.5";"BR-050/GO";"Sul";"Choque - Sinalização";1;0;0;0;0;0;0;0;0;0;3;0;0;0;0
"09/02/2022";"08:12:00";"365";"ac01 - Aci";"174.4";"BR-050/MG";"Norte";"Atropelamento - Pedestre";1;0;0;0;0;0;0;0;0;0;2;0;0;0;1
"09/02/2022";"09:04:00";"373";"ac03 - Aci";"83";"BR-050/MG";"Norte";"Choque - Talude ou Barranco";0;0;1;0;0;0;0;0;0;0;1;0;0;0;0
"10/02/2022";"10:51:00";"149";"ac03 - Aci";"115.18";"BR-050/MG";"Norte";"Choque - Sinalização";1;0;0;0;0;0;0;0;0;0;2;0;0;0;0
"10/02/2022";"04:38:00";"249";"ac02 - Aci";"189.65";"BR-050/MG";"Sul";"Capotamento";0;0;0;0;0;0;0;0;0;1;3;1;0;0;0
"10/02/2022";"07:27:00";"300";"ac02 - Aci";"179";"BR-050/MG";"Sul";"Queda de Moto";0;0;0;1;0;0;0;0;0;0;1;1;0;0;0
"10/02/2022";"10:07:00";"333";"ac02 - Aci";"50.7";"BR-050/MG";"Sul";"Queda de Moto";0;0;0;1;0;0;0;0;0;0;0;1;0;0;0
"11/02/2022";"09:56:00";"115";"ac02 - Aci";"261.93";"BR-050/GO";"Norte";"Capotamento";0;0;0;0;0;0;0;0;0;1;1;0;2;0;0
"11/02/2022";"02:13:00";"203";"ac03 - Aci";"18.86";"BR-050/MG";"Sul";"Colisão lateral no mesmo sentido";1;0;1;0;0;0;0;0;0;0;4;0;0;0;0
"11/02/2022";"05:57:00";"270";"ac02 - Aci";"61.35";"BR-050/MG";"Sul";"Queda de Moto";0;0;0;1;0;0;0;0;0;0;0;1;0;0;0
"12/02/2022";"01:59:00";"184";"ac03 - Aci";"126.6";"BR-050/MG";"Norte";"Choque - Elemento de Drenagem";0;0;0;0;0;0;0;0;0;1;2;0;0;0;0
"12/02/2022";"03:46:00";"213";"ac03 - Aci";"190.5";"BR-050/MG";"Sul";"Choque - Defensa metálica";0;0;1;0;0;0;0;0;0;0;1;0;0;0;0
"12/02/2022";"04:31:00";"231";"ac03 - Aci";"62.71";"BR-050/MG";"Norte";"Choque - Meio fio";1;0;0;0;0;0;0;0;0;0;4;0;0;0;0
"12/02/2022";"04:33:00";"232";"ac02 - Aci";"53.7";"BR-050/MG";"Sul";"Choque - Sinalização";1;0;0;0;0;0;0;0;0;0;1;1;0;0;0
"12/02/2022";"04:58:00";"240";"ac02 - Aci";"179.05";"BR-050/MG";"Sul";"Colisão Frontal";1;0;0;0;0;0;0;0;0;1;0;1;0;2;0
"12/02/2022";"05:00:00";"241";"ac03 - Aci";"179.95";"BR-050/MG";"Norte";"Choque - New jersey";1;0;0;0;0;0;0;0;0;0;4;0;0;0;0
"12/02/2022";"05:31:00";"248";"ac03 - Aci";"6.9";"CT-UDI-MG";"Sul";"Choque - Defensa metálica";1;0;0;0;0;0;0;0;0;0;3;0;0;0;0
"12/02/2022";"05:59:00";"254";"ac03 - Aci";"26.9";"BR-050/MG";"Sul";"Choque - Meio fio";1;0;0;0;0;0;0;0;0;0;2;0;0;0;0
"12/02/2022";"06:47:00";"269";"ac03 - Aci";"119";"BR-050/MG";"Sul";"Choque - Elemento de Drenagem";1;0;0;0;0;0;0;0;0;0;1;0;0;0;0
"12/02/2022";"07:53:00";"283";"ac02 - Aci";"180";"BR-050/MG";"Norte";"Queda de Moto";0;0;0;1;0;0;0;0;0;0;0;1;0;0;0
"12/02/2022";"09:12:00";"305";"ac03 - Aci";"104.4";"BR-050/GO";"Sul";"Choque - Elemento de Drenagem";0;0;0;0;0;0;0;0;0;1;3;0;0;0;0
"12/02/2022";"09:35:00";"311";"ac03 - Aci";"104.2";"BR-050/GO";"Sul";"Choque - Meio fio";1;0;0;0;0;0;0;0;0;0;2;0;0;0;0
"12/02/2022";"10:03:00";"321";"ac03 - Aci";"205.3";"BR-050/MG";"Sul";"Choque - Elemento de Drenagem";1;0;0;0;0;0;0;0;0;0;1;0;0;0;0
"12/02/2022";"10:36:00";"330";"ac03 - Aci";"46";"BR-050/MG";"Sul";"Choque - Sinalização";1;0;0;0;0;0;0;0;0;0;2;0;0;0;0
"12/02/2022";"10:36:00";"325";"ac03 - Aci";"46";"BR-050/MG";"Sul";"Choque - Sinalização";1;0;0;0;0;0;0;0;0;0;1;0;0;0;0
"13/02/2022";"04:33:00";"17";"ac03 - Aci";"96.6";"BR-050/GO";"Norte";"Colisão Frontal";1;0;1;0;0;0;0;0;0;0;3;0;0;0;0
"13/02/2022";"06:01:00";"24";"ac03 - Aci";"189.28";"BR-050/MG";"Sul";"Colisão lateral no mesmo sentido";1;0;1;0;0;0;0;0;0;0;2;0;0;0;0
"13/02/2022";"07:13:00";"47";"ac03 - Aci";"169.4";"BR-050/MG";"Norte";"Choque - Meio fio";0;0;1;0;0;0;0;0;0;0;1;0;0;0;0
"13/02/2022";"09:18:00";"91";"ac02 - Aci";"43";"BR-050/MG";"Norte";"Choque - Talude ou Barranco";1;0;0;0;0;0;0;0;0;0;0;1;0;0;0
"13/02/2022";"09:55:00";"102";"ac02 - Aci";"174.5";"BR-050/MG";"Sul";"Colisão Traseira";0;0;0;1;0;0;1;0;0;0;1;1;0;0;0
"13/02/2022";"11:32:00";"125";"ac03 - Aci";"174.25";"BR-050/MG";"Norte";"Choque - Meio fio";1;0;0;0;0;0;0;0;0;0;1;0;0;0;0
"13/02/2022";"01:38:00";"157";"ac03 - Aci";"290.05";"BR-050/GO";"Sul";"Choque - Outros";0;0;0;0;0;0;0;0;0;1;3;0;0;0;0
"13/02/2022";"05:37:00";"223";"ac03 - Aci";"146.65";"BR-050/MG";"Sul";"Choque - Meio fio";1;0;0;0;0;0;0;0;0;0;2;0;0;0;0
"13/02/2022";"06:43:00";"236";"ac02 - Aci";"77.3";"BR-050/MG";"Sul";"Queda de Moto";0;0;0;1;0;0;0;0;0;0;0;1;0;0;0
"13/02/2022";"08:19:00";"259";"ac02 - Aci";"202.3";"BR-050/MG";"Norte";"Colisão lateral no mesmo sentido";1;0;0;1;0;0;0;0;0;0;0;2;0;0;0
"13/02/2022";"10:48:00";"291";"ac02 - Aci";"203.95";"BR-050/MG";"Sul";"Colisão Traseira";2;0;0;0;0;0;0;0;0;0;2;2;0;0;0
"14/02/2022";"12:29:00";"2";"ac03 - Aci";"44.5";"BR-050/MG";"Sul";"Choque - Elemento de Drenagem";1;0;0;0;0;0;0;0;0;0;1;0;0;0;0
"14/02/2022";"05:40:00";"17";"ac03 - Aci";"141.85";"BR-050/GO";"Sul";"Choque - Defensa metálica";0;0;1;0;0;0;0;0;0;0;1;0;0;0;0