data;horario;n_da_ocorrencia;tipo_de_ocorrencia;km;trecho;sentido;tipo_de_acidente;automovel;bicicleta;caminhao;moto;onibus;outros;tracao_animal;transporte_de_cargas_especiais;trator_maquinas;utilitarios;ilesos;levemente_feridos;moderadamente_feridos;gravemente_feridos;mortos
"14/02/2022";"08:08:00";"65";"ac03 - Aci";"53.8";"BR-050/MG";"Sul";"Choque - Elemento de Drenagem";0;0;1;0;0;0;0;0;0;0;1;0;0;0;0
"15/02/2022";"02:33:00";"19";"ac03 - Aci";"81.1";"BR-050/MG";"Sul";"Atropelamento de Animal";0;0;1;0;0;0;0;0;0;0;1;0;0;0;0
"15/02/2022";"02:59:00";"21";"ac03 - Aci";"150.9";"BR-050/GO";"Sul";"Tombamento";0;0;1;0;0;0;0;0;0;0;2;0;0;0;0
"15/02/2022";"07:06:00";"66";"ac03 - Aci";"279";"BR-050/GO";"Sul";"Colisão Transversal";0;0;0;0;0;0;0;0;0;1;1;0;0;0;0
"15/02/2022";"10:01:00";"132";"ac02 - Aci";"133.6";"BR-050/GO";"Sul";"Colisão lateral no mesmo sentido";0;0;2;0;0;0;0;0;0;0;1;0;1;0;0
"15/02/2022";"11:52:00";"170";"ac03 - Aci";"177.1";"BR-050/MG";"Norte";"Tombamento";0;0;0;0;0;1;0;0;0;1;2;0;0;0;0
"15/02/2022";"11:55:00";"171";"ac03 - Aci";"153.5";"BR-050/MG";"Norte";"Choque - Elemento de Drenagem";0;0;0;0;0;0;0;0;0;1;1;0;0;0;0
"16/02/2022";"05:06:00";"31";"ac03 - Aci";"46";"BR-050/MG";"Sul";"Choque - Meio fio";1;0;0;0;0;0;0;0;0;0;2;0;0;0;0
"16/02/2022";"06:43:00";"317";"ac03 - Aci";"105";"BR-050/MG";"Sul";"Colisão Traseira";1;0;1;0;0;0;0;0;0;0;5;0;0;0;0
"17/02/2022";"01:02:00";"8";"ac03 - Aci";"46.5";"BR-050/MG";"Sul";"Choque - Meio fio";0;0;1;0;0;0;0;0;0;0;1;0;0;0;0
"17/02/2022";"02:02:00";"15";"ac03 - Aci";"275.225";"BR-050/GO";"Norte";"Choque - Meio fio";1;0;0;0;0;0;0;0;0;0;2;0;0;0;0
"17/02/2022";"07:16:00";"52";"ac03 - Aci";"27.76";"BR-050/MG";"Sul";"Choque - Defensa metálica";1;0;0;0;0;0;0;0;0;0;2;0;0;0;0
"17/02/2022";"04:48:00";"289";"ac03 - Aci";"110.4";"BR-050/MG";"Sul";"Choque - Objeto sobre a pista";1;0;0;0;0;0;0;0;0;0;1;0;0;0;0
"17/02/2022";"05:03:00";"298";"ac03 - Aci";"23.31";"BR-050/MG";"Norte";"Choque - Elemento de Drenagem";1;0;0;0;0;0;0;0;0;0;1;0;0;0;0
"18/02/2022";"06:43:00";"61";"ac03 - Aci";"16.3";"CT-UDI-MG";"Norte";"Choque - Outros";0;0;0;0;0;0;0;0;0;1;1;0;0;0;0
"18/02/2022";"06:46:00";"64";"ac02 - Aci";"16.3";"CT-UDI-MG";"Norte";"Capotamento";1;0;0;0;0;0;0;0;0;0;0;5;0;0;0
"18/02/2022";"07:42:00";"87";"ac02 - Aci";"293";"BR-050/GO";"Sul";"Colisão Traseira";0;0;1;0;0;0;0;0;0;0;1;0;2;0;0
"18/02/2022";"11:52:00";"187";"ac02 - Aci";"117.9";"BR-050/MG";"Norte";"Choque - Veiculo parado no acostamento";1;0;1;0;0;0;0;0;0;0;0;0;1;0;0
"18/02/2022";"12:38:00";"205";"ac03 - Aci";"58.2";"BR-050/MG";"Norte";"Choque - Outros";0;0;0;0;0;0;0;0;0;1;1;0;0;0;0
"19/02/2022";"02:35:00";"10";"ac03 - Aci";"98";"BR-050/GO";"Sul";"Choque - Meio fio";0;0;0;0;0;0;0;0;0;1;2;0;0;0;0
"19/02/2022";"05:09:00";"20";"ac03 - Aci";"171";"BR-050/MG";"Sul";"Choque - New jersey";1;0;0;0;0;0;0;0;0;0;4;0;0;0;0
"19/02/2022";"08:04:00";"67";"ac03 - Aci";"10.5";"BR-050/MG";"Sul";"Colisão Traseira";2;0;0;0;0;0;0;0;0;0;4;0;0;0;0
"19/02/2022";"09:23:00";"97";"ac02 - Aci";"48.2";"BR-050/MG";"Norte";"Choque - Meio fio";1;0;0;0;0;0;0;0;0;0;0;2;0;0;0
"19/02/2022";"01:04:00";"161";"ac03 - Aci";"302.5";"BR-050/GO";"Sul";"Queda de Moto";0;0;0;1;0;0;0;0;0;0;1;0;0;0;0
"19/02/2022";"01:51:00";"170";"ac02 - Aci";"29.76";"BR-050/MG";"Norte";"Choque - Defensa metálica";0;0;0;1;0;0;0;0;0;0;0;0;1;0;0
"19/02/2022";"01:56:00";"172";"ac02 - Aci";"53.6";"BR-050/MG";"Sul";"Choque - Elemento de Drenagem";0;0;1;0;0;0;0;0;0;0;0;0;1;0;0
"19/02/2022";"07:48:00";"254";"ac02 - Aci";"111.28";"BR-050/GO";"Sul";"Choque - Defensa metálica";1;0;0;0;0;0;0;0;0;0;0;1;0;0;0
"20/02/2022";"05:55:00";"34";"ac02 - Aci";"54.16";"BR-050/MG";"Norte";"Choque - Elemento de Drenagem";1;0;0;0;0;0;0;0;0;0;0;0;2;0;0
"20/02/2022";"09:03:00";"75";"ac03 - Aci";"95.7";"BR-050/GO";"Norte";"Tombamento";0;0;1;0;0;0;0;0;0;0;1;0;0;0;0
"20/02/2022";"07:50:00";"248";"ac01 - Aci";"78";"BR-050/MG";"Sul";"Colisão Traseira";0;0;1;1;0;0;0;0;0;0;1;0;0;0;1
"20/02/2022";"09:21:00";"268";"ac02 - Aci";"118";"BR-050/MG";"Norte";"Queda de Moto";0;0;0;1;0;0;0;0;0;0;0;1;0;0;0
"20/02/2022";"11:12:00";"287";"ac02 - Aci";"125.6";"BR-050/GO";"Sul";"Colisão lateral no mesmo sentido";2;0;0;0;0;0;0;0;0;0;3;1;0;0;0
"21/02/2022";"07:04:00";"56";"ac03 - Aci";"144.15";"BR-050/MG";"Norte";"Choque - Elemento de Drenagem";1;0;0;0;0;0;0;0;0;0;5;0;0;0;0
"21/02/2022";"07:19:00";"62";"ac02 - Aci";"154.3";"BR-050/MG";"Norte";"Colisão Frontal";1;0;0;0;0;0;0;0;0;1;0;1;3;0;0
"21/02/2022";"04:48:00";"299";"ac03 - Aci";"153.5";"BR-050/MG";"Sul";"Colisão lateral no mesmo sentido";1;0;0;0;0;1;0;0;0;0;1;0;0;0;0
"21/02/2022";"05:20:00";"315";"ac02 - Aci";"43.76";"BR-050/MG";"Norte";"Colisão Traseira";1;0;1;0;0;0;0;0;0;0;2;1;0;0;0
"21/02/2022";"05:28:00";"316";"ac02 - Aci";"172.15";"BR-050/MG";"Sul";"Queda de Moto";0;0;0;1;0;0;0;0;0;0;0;2;0;0;0
"22/02/2022";"03:19:00";"16";"ac03 - Aci";"121";"BR-050/MG";"Sul";"Capotamento";0;0;1;0;0;0;0;0;0;0;1;0;0;0;0
"22/02/2022";"09:12:00";"89";"ac03 - Aci";"82.5";"BR-050/MG";"Sul";"Colisão Traseira";0;0;1;0;0;1;0;0;0;0;1;0;0;0;0
"22/02/2022";"08:02:00";"299";"ac03 - Aci";"166";"BR-050/GO";"Norte";"Choque - Sinalização";1;0;0;0;0;0;0;0;0;0;2;0;0;0;0
"23/02/2022";"01:27:00";"221";"ac03 - Aci";"177.95";"BR-050/MG";"Norte";"Choque - Defensa metálica";0;0;1;0;0;0;0;0;0;0;1;0;0;0;0
"23/02/2022";"01:37:00";"224";"ac03 - Aci";"178.05";"BR-050/MG";"Norte";"Colisão Traseira";1;0;0;0;0;0;0;0;0;1;4;0;0;0;0
"23/02/2022";"06:20:00";"334";"ac02 - Aci";"178";"BR-050/MG";"Norte";"Colisão Traseira";0;0;0;1;0;0;0;0;0;1;1;0;0;1;0
"23/02/2022";"07:31:00";"357";"ac03 - Aci";"178.5";"BR-050/MG";"Norte";"Colisão Traseira";2;0;0;0;0;0;0;0;0;0;3;0;0;0;0
"24/02/2022";"07:34:00";"54";"ac02 - Aci";"179.2";"BR-050/MG";"Norte";"Colisão Traseira";0;0;0;1;0;0;0;0;0;1;1;1;0;0;0
"24/02/2022";"04:17:00";"253";"ac02 - Aci";"21.3";"BR-050/MG";"Sul";"Colisão Traseira";0;0;1;0;0;0;0;0;0;1;2;1;0;0;0
"24/02/2022";"06:02:00";"292";"ac03 - Aci";"175.9";"BR-050/MG";"Norte";"Engavetamento";5;0;0;0;0;0;0;0;0;0;7;0;0;0;0
"24/02/2022";"06:17:00";"296";"ac02 - Aci";"176";"BR-050/MG";"Norte";"Colisão Traseira";1;0;0;1;0;0;0;0;0;0;1;0;2;0;0
"25/02/2022";"06:59:00";"57";"ac03 - Aci";"32";"BR-050/MG";"Norte";"Colisão lateral no mesmo sentido";1;0;1;0;0;0;0;0;0;0;3;0;0;0;0
"25/02/2022";"02:24:00";"255";"ac03 - Aci";"149.4";"BR-050/MG";"Norte";"Capotamento";1;0;0;0;0;0;0;0;0;0;1;0;0;0;0
"25/02/2022";"04:14:00";"280";"ac03 - Aci";"80.05";"BR-050/MG";"Norte";"Tombamento";0;0;1;0;0;0;0;0;0;0;1;0;0;0;0
"25/02/2022";"05:39:00";"304";"ac03 - Aci";"169";"BR-050/MG";"Sul";"Colisão Traseira";0;0;2;0;0;0;0;0;0;0;2;0;0;0;0
"25/02/2022";"07:24:00";"339";"ac03 - Aci";"51.4";"BR-050/MG";"Norte";"Colisão Traseira";1;0;1;0;0;0;0;0;0;0;4;0;0;0;0
"26/02/2022";"12:16:00";"3";"ac03 - Aci";"126.9";"BR-050/MG";"Sul";"Choque - Elemento de Drenagem";0;0;1;0;0;0;0;0;0;0;1;0;0;0;0
"26/02/2022";"08:21:00";"106";"ac03 - Aci";"4";"CT-UDI-MG";"Norte";"Atropelamento de Animal";0;0;0;0;0;0;0;0;0;1;5;0;0;0;0
"26/02/2022";"05:11:00";"321";"ac03 - Aci";"170.55";"BR-050/MG";"Sul";"Colisão lateral no mesmo sentido";1;0;0;0;0;1;0;0;0;0;2;0;0;0;0
"26/02/2022";"09:17:00";"397";"ac03 - Aci";"162.5";"BR-050/MG";"Sul";"Colisão lateral no mesmo sentido";2;0;0;0;0;0;0;0;0;0;3;0;0;0;0
"27/02/2022";"05:06:00";"23";"ac03 - Aci";"179";"BR-050/MG";"Sul";"Choque - Meio fio";1;0;0;0;0;0;0;0;0;0;2;0;0;0;0
"27/02/2022";"07:29:00";"48";"ac02 - Aci";"180";"BR-050/MG";"Sul";"Colisão Traseira";1;0;0;1;0;0;0;0;0;0;1;2;0;0;0
"27/02/2022";"10:46:00";"102";"ac02 - Aci";"101";"BR-050/MG";"Norte";"Colisão lateral no mesmo sentido";0;0;0;1;0;1;0;0;0;0;0;2;0;0;0
"27/02/2022";"05:09:00";"228";"ac02 - Aci";"16.64";"BR-050/MG";"Norte";"Choque - Defensa metálica";0;0;0;0;0;0;0;0;0;1;0;4;0;0;0
"27/02/2022";"08:40:00";"297";"ac03 - Aci";"283.6";"BR-050/GO";"Sul";"Tombamento";0;0;0;0;0;0;0;0;0;1;1;0;0;0;0
"27/02/2022";"11:00:00";"327";"ac02 - Aci";"162.88";"BR-050/MG";"Norte";"Colisão Traseira";1;0;0;0;0;1;0;0;0;0;0;2;1;0;0
"27/02/2022";"11:39:00";"332";"ac03 - Aci";"155";"BR-050/MG";"Norte";"Choque - Elemento de Drenagem";0;0;0;0;0;0;0;0;0;1;2;0;0;0;0
"28/02/2022";"12:19:00";"7";"ac01 - Aci";"118";"BR-050/GO";"Norte";"Choque - Veiculo parado no acostamento";0;0;2;0;0;0;0;0;0;0;0;0;1;0;1
"28/02/2022";"01:27:00";"15";"ac03 - Aci";"25.2";"BR-050/MG";"Norte";"Choque - Elemento de Drenagem";1;0;0;0;0;0;0;0;0;0;1;0;0;0;0
"28/02/2022";"05:09:00";"272";"ac01 - Aci";"98.9";"BR-050/GO";"Sul";"Choque - Outros";0;1;0;0;0;1;0;0;0;0;0;0;0;0;1
"01/03/2022";"11:08:00";"170";"ac03 - Aci";"281.15";"BR-050/GO";"Norte";"Colisão Traseira";2;0;0;0;0;0;0;0;0;0;6;0;0;0;0
"01/03/2022";"08:14:00";"363";"ac02 - Aci";"97.6";"BR-050/GO";"Sul";"Colisão Transversal";2;0;0;0;0;0;0;0;0;0;2;1;0;0;0
"02/03/2022";"01:54:00";"14";"ac02 - Aci";"174.5";"BR-050/MG";"Norte";"Capotamento";1;0;0;0;0;0;0;0;0;0;0;0;1;0;0
"02/03/2022";"07:55:00";"75";"ac02 - Aci";"119";"BR-050/MG";"Norte";"Colisão lateral no mesmo sentido";0;0;1;0;0;0;0;0;0;1;1;1;0;0;0
"02/03/2022";"08:31:00";"93";"ac02 - Aci";"178.35";"BR-050/MG";"Sul";"Queda de Moto";0;0;0;1;0;0;0;0;0;0;0;2;0;0;0
"02/03/2022";"10:40:00";"162";"ac02 - Aci";"307.7";"BR-050/GO";"Norte";"Colisão Traseira";1;0;1;0;0;1;0;0;0;0;2;1;0;0;0
"03/03/2022";"04:19:00";"283";"ac03 - Aci";"105";"BR-050/MG";"Sul";"Colisão lateral no mesmo sentido";0;0;2;0;0;0;0;0;0;0;2;0;0;0;0
"03/03/2022";"07:07:00";"328";"ac02 - Aci";"178";"BR-050/GO";"Norte";"Choque - Elemento de Drenagem";0;0;1;0;0;1;0;0;0;0;0;1;0;0;0
"03/03/2022";"08:07:00";"339";"ac02 - Aci";"53.5";"BR-050/MG";"Sul";"Choque - Talude ou Barranco";0;0;1;0;0;0;0;0;0;0;0;1;0;0;0
"03/03/2022";"09:41:00";"359";"ac02 - Aci";"115.8";"BR-050/MG";"Norte";"Colisão Traseira";0;0;2;0;0;0;0;0;0;0;1;1;0;0;0
"04/03/2022";"03:32:00";"250";"ac02 - Aci";"148";"BR-050/MG";"Sul";"Choque - Defensa metálica";0;0;1;0;0;0;0;0;0;0;0;0;1;0;0
"04/03/2022";"04:12:00";"272";"ac02 - Aci";"114.8";"BR-050/MG";"Norte";"Choque - Sinalização";0;0;1;0;0;0;0;0;0;0;0;1;0;0;0
"04/03/2022";"04:20:00";"276";"ac02 - Aci";"175.5";"BR-050/MG";"Sul";"Colisão Traseira";1;0;1;0;0;0;0;0;0;0;2;1;0;0;0
"05/03/2022";"12:23:00";"6";"ac03 - Aci";"57.9";"BR-050/MG";"Norte";"Choque - Elemento de Drenagem";1;0;0;0;0;0;0;0;0;0;1;0;0;0;0
"05/03/2022";"07:46:00";"73";"ac03 - Aci";"261.13";"BR-050/GO";"Sul";"Choque - Elemento de Drenagem";1;0;0;0;0;0;0;0;0;0;2;0;0;0;0
"05/03/2022";"01:19:00";"189";"ac03 - Aci";"59.9";"BR-050/MG";"Norte";"Choque - Defensa metálica";1;0;0;0;0;0;0;0;0;0;2;0;0;0;0
"06/03/2022";"04:15:00";"23";"ac03 - Aci";"125.9";"BR-050/GO";"Sul";"Choque - Talude ou Barranco";0;0;0;0;0;0;0;0;0;1;3;0;0;0;0
"06/03/2022";"07:11:00";"42";"ac02 - Aci";"89.46";"BR-050/MG";"Sul";"Queda de Moto";0;0;0;1;0;0;0;0;0;0;0;0;0;1;0
"06/03/2022";"08:10:00";"60";"ac03 - Aci";"21.3";"CT-UDI-MG";"Norte";"Tombamento";0;0;1;0;0;0;0;0;0;0;1;0;0;0;0
"06/03/2022";"05:28:00";"218";"ac03 - Aci";"244";"BR-050/GO";"Sul";"Choque - New jersey";1;0;0;0;0;0;0;0;0;0;2;0;0;0;0
"06/03/2022";"06:53:00";"251";"ac02 - Aci";"142.7";"BR-050/MG";"Sul";"Queda de Moto";0;0;0;1;0;0;0;0;0;0;0;2;0;0;0
"06/03/2022";"07:42:00";"266";"ac02 - Aci";"57";"BR-050/MG";"Sul";"Colisão Transversal";1;0;0;0;0;0;0;0;0;1;0;4;0;0;0
"07/03/2022";"12:11:00";"3";"ac02 - Aci";"126.5";"BR-050/GO";"Sul";"Choque - Sinalização";1;0;0;0;0;0;0;0;0;0;0;0;2;0;0
"07/03/2022";"06:19:00";"34";"ac03 - Aci";"27.75";"BR-050/MG";"Sul";"Choque - Elemento de Drenagem";1;0;0;0;0;0;0;0;0;0;2;0;0;0;0
"07/03/2022";"09:10:00";"88";"ac03 - Aci";"254";"BR-050/GO";"Norte";"Queda de Moto";0;0;0;1;0;0;0;0;0;0;0;0;0;0;0
"07/03/2022";"12:42:00";"172";"ac03 - Aci";"177";"BR-050/MG";"Sul";"Choque - Elemento de Drenagem";1;0;0;0;0;0;0;0;0;0;1;0;0;0;0
"07/03/2022";"12:44:00";"183";"ac02 - Aci";"177";"BR-050/MG";"Norte";"Choque - Defensa metálica";1;0;0;0;0;0;0;0;0;0;0;0;1;0;0
"07/03/2022";"08:03:00";"316";"ac03 - Aci";"94.4";"BR-050/MG";"Sul";"Choque - Defensa metálica";0;0;1;0;0;0;0;0;0;0;1;0;0;0;0
"08/03/2022";"12:29:00";"6";"ac03 - Aci";"173.1";"BR-050/MG";"Sul";"Capotamento";0;0;0;0;0;0;0;0;0;1;1;0;0;0;0
"08/03/2022";"12:40:00";"182";"ac02 - Aci";"65.25";"BR-050/MG";"Sul";"Tombamento";0;0;1;0;0;0;0;0;0;0;0;1;0;0;0
"08/03/2022";"07:43:00";"319";"ac02 - Aci";"179";"BR-050/MG";"Norte";"Colisão Traseira";0;0;0;2;0;0;0;0;0;0;0;2;0;0;0
"09/03/2022";"05:11:00";"27";"ac02 - Aci";"184.5";"BR-050/MG";"Sul";"Colisão Traseira";0;0;1;1;0;0;0;0;0;0;1;0;1;0;0
"09/03/2022";"03:10:00";"223";"ac03 - Aci";"81.1";"BR-050/MG";"Sul";"Colisão lateral no mesmo sentido";1;0;1;0;0;0;0;0;0;0;4;0;0;0;0
"09/03/2022";"08:31:00";"329";"ac03 - Aci";"134";"BR-050/GO";"Norte";"Colisão lateral no mesmo sentido";0;0;0;0;0;1;0;0;0;1;1;0;0;0;0
"10/03/2022";"03:48:00";"33";"ac03 - Aci";"89.7";"BR-050/MG";"Sul";"Choque - Meio fio";1;0;0;0;0;0;0;0;0;0;3;0;0;0;0
"10/03/2022";"05:11:00";"43";"ac03 - Aci";"6.2";"CT-UDI-MG";"Norte";"Choque - Elemento de Drenagem";1;0;0;0;0;0;0;0;0;0;1;0;0;0;0
"10/03/2022";"08:56:00";"102";"ac02 - Aci";"101.33";"BR-050/MG";"Sul";"Choque - Elemento de Drenagem";1;0;0;0;0;0;0;0;0;0;0;1;0;0;0
"10/03/2022";"12:59:00";"217";"ac03 - Aci";"135";"BR-050/MG";"Norte";"Choque - Meio fio";1;0;0;0;0;0;0;0;0;0;1;0;0;0;0
"10/03/2022";"07:17:00";"342";"ac03 - Aci";"123.3";"BR-050/MG";"Norte";"Choque - Elemento de Drenagem";1;0;0;0;0;0;0;0;0;0;2;0;0;0;0
"10/03/2022";"08:13:00";"363";"ac01 - Aci";"201";"BR-050/MG";"Norte";"Atropelamento - Pedestre";0;0;0;0;0;1;0;0;0;0;0;0;0;0;1
"10/03/2022";"09:48:00";"392";"ac02 - Aci";"147";"BR-050/MG";"Norte";"Choque - Elemento de Drenagem";0;0;1;0;0;0;0;0;0;0;0;1;0;0;0
"11/03/2022";"01:18:00";"12";"ac03 - Aci";"271.6";"BR-050/GO";"Sul";"Choque - Sinalização";0;0;0;0;0;0;0;0;0;1;1;0;0;0;0
"11/03/2022";"07:28:00";"52";"ac03 - Aci";"185.93";"BR-050/MG";"Sul";"Colisão Traseira";1;0;1;0;0;0;0;0;0;1;4;0;0;0;0
"11/03/2022";"10:43:00";"137";"ac02 - Aci";"232.92";"BR-050/GO";"Sul";"Capotamento";1;0;0;0;0;0;0;0;0;0;1;1;0;0;0
"11/03/2022";"02:53:00";"216";"ac03 - Aci";"145.2";"BR-050/MG";"Norte";"Choque - Elemento de Drenagem";1;0;0;0;0;0;0;0;0;0;1;0;0;0;0
"11/03/2022";"07:07:00";"298";"ac03 - Aci";"199";"BR-050/GO";"Norte";"Choque - Talude ou Barranco";1;0;0;0;0;0;0;0;0;0;1;0;0;0;0
"11/03/2022";"11:26:00";"355";"ac02 - Aci";"175.4";"BR-050/GO";"Sul";"Tombamento";0;0;1;0;0;0;0;0;0;0;0;1;0;0;0
"12/03/2022";"04:54:00";"34";"ac02 - Aci";"43.15";"BR-050/MG";"Norte";"Colisão Traseira";1;0;0;0;0;1;0;0;0;0;0;3;1;0;0
"12/03/2022";"01:29:00";"152";"ac02 - Aci";"62.24";"BR-050/MG";"Norte";"Capotamento";1;0;0;0;0;0;0;0;0;0;0;1;0;0;0
"12/03/2022";"04:35:00";"207";"ac03 - Aci";"147";"BR-050/MG";"Sul";"Choque - Defensa metálica";0;0;1;0;0;0;0;0;0;0;1;0;0;0;0
"12/03/2022";"05:58:00";"234";"ac03 - Aci";"59.8";"BR-050/MG";"Norte";"Choque - Elemento de Drenagem";1;0;0;0;0;0;0;0;0;0;4;0;0;0;0
"12/03/2022";"05:59:00";"235";"ac03 - Aci";"193";"BR-050/MG";"Sul";"Choque - New jersey";1;0;0;0;0;0;0;0;0;1;2;0;0;0;0
"12/03/2022";"08:31:00";"284";"ac02 - Aci";"174";"BR-050/MG";"Sul";"Choque - Sinalização";1;0;0;0;0;0;0;0;0;0;3;1;0;0;0
"13/03/2022";"03:33:00";"16";"ac03 - Aci";"78";"BR-050/MG";"Norte";"Colisão Traseira";1;0;0;0;0;0;0;0;0;1;3;0;0;0;0
"13/03/2022";"05:35:00";"211";"ac03 - Aci";"235.05";"BR-050/GO";"Norte";"Choque - Elemento de Drenagem";1;0;0;0;0;0;0;0;0;0;4;0;0;0;0
"13/03/2022";"09:20:00";"277";"ac03 - Aci";"174";"BR-050/MG";"Norte";"Choque - Defensa metálica";1;0;0;0;0;0;0;0;0;0;4;0;0;0;0
"14/03/2022";"12:09:00";"3";"ac02 - Aci";"289.5";"BR-050/GO";"Norte";"Choque - Sinalização";0;0;0;1;0;0;0;0;0;0;0;1;0;0;0
"14/03/2022";"07:01:00";"43";"ac03 - Aci";"189";"BR-050/MG";"Sul";"Colisão lateral no mesmo sentido";1;0;1;0;0;0;0;0;0;0;2;0;0;0;0
"14/03/2022";"02:57:00";"189";"ac02 - Aci";"130";"BR-050/MG";"Sul";"Colisão Frontal";0;0;2;0;0;0;0;0;0;0;1;1;0;0;0
"14/03/2022";"04:06:00";"208";"ac03 - Aci";"61";"BR-050/MG";"Sul";"Colisão Traseira";1;0;0;0;0;1;0;0;0;0;2;0;0;0;0
"14/03/2022";"04:39:00";"217";"ac03 - Aci";"10.2";"CT-UDI-MG";"Sul";"Choque - Elemento de Drenagem";1;0;0;0;0;0;0;0;0;0;2;0;0;0;0
"15/03/2022";"03:08:00";"196";"ac03 - Aci";"142.14";"BR-050/MG";"Sul";"Choque - Elemento de Drenagem";1;0;0;0;0;0;0;0;0;0;2;0;0;0;0
"15/03/2022";"03:47:00";"206";"ac03 - Aci";"178.05";"BR-050/MG";"Norte";"Choque - New jersey";0;0;0;0;0;0;0;0;0;1;1;0;0;0;0
"15/03/2022";"08:40:00";"291";"ac02 - Aci";"185.4";"BR-050/MG";"Norte";"Colisão Traseira";0;0;2;0;0;0;0;0;0;0;1;0;1;0;0
"16/03/2022";"04:10:00";"231";"ac02 - Aci";"56";"BR-050/MG";"Norte";"Tombamento";0;0;1;0;0;0;0;0;0;0;0;0;1;0;0
"16/03/2022";"05:26:00";"248";"ac03 - Aci";"55.7";"BR-050/MG";"Sul";"Tombamento";0;0;1;0;0;0;0;0;0;0;1;0;0;0;0
"16/03/2022";"07:31:00";"272";"ac02 - Aci";"54.2";"BR-050/MG";"Sul";"Choque - New jersey";0;0;3;0;0;0;0;0;0;0;2;0;1;0;0
"16/03/2022";"07:32:00";"273";"ac03 - Aci";"54";"BR-050/MG";"Sul";"Choque - Elemento de Drenagem";0;0;1;0;0;0;0;0;0;0;3;0;0;0;0
"17/03/2022";"06:56:00";"45";"ac03 - Aci";"78.1";"BR-050/MG";"Sul";"Colisão lateral no mesmo sentido";0;0;2;0;0;0;0;0;0;0;2;0;0;0;0
"17/03/2022";"02:14:00";"209";"ac03 - Aci";"55.78";"BR-050/MG";"Norte";"Choque - Veiculo parado no acostamento";1;0;1;0;0;0;0;0;0;0;1;0;0;0;0
"17/03/2022";"02:25:00";"216";"ac02 - Aci";"18.4";"CT-UDI-MG";"Norte";"Atropelamento de Animal";0;0;0;1;0;0;0;0;0;0;0;1;0;0;0
"18/03/2022";"03:03:00";"21";"ac03 - Aci";"149.5";"BR-050/MG";"Sul";"Choque - Elemento de Drenagem";1;0;0;0;0;0;0;0;0;0;1;0;0;0;0
"18/03/2022";"06:05:00";"29";"ac03 - Aci";"77.84";"BR-050/MG";"Norte";"Choque - Meio fio";0;0;0;0;0;0;0;0;0;1;5;0;0;0;0
"18/03/2022";"10:07:00";"104";"ac03 - Aci";"258";"BR-050/GO";"Norte";"Colisão Transversal";1;0;1;0;0;0;0;0;0;0;2;0;0;0;0
"18/03/2022";"02:30:00";"210";"ac03 - Aci";"125.3";"BR-050/MG";"Sul";"Colisão lateral no mesmo sentido";1;0;0;0;0;1;0;0;0;0;1;0;0;0;0
"18/03/2022";"04:05:00";"244";"ac02 - Aci";"11.6";"CT-UDI-MG";"Norte";"Choque - Defensa metálica";0;0;1;0;0;0;0;0;0;0;1;1;0;0;0
"18/03/2022";"10:01:00";"341";"ac03 - Aci";"118.92";"BR-050/MG";"Sul";"Choque - Meio fio";1;0;0;0;0;0;0;0;0;0;1;0;0;0;0
"18/03/2022";"10:51:00";"356";"ac03 - Aci";"24.7";"BR-050/MG";"Sul";"Choque - Meio fio";0;0;0;0;0;0;0;0;0;1;1;0;0;0;0
"19/03/2022";"09:05:00";"86";"ac02 - Aci";"21";"CT-UDI-MG";"Sul";"Colisão Traseira";0;1;0;1;0;0;0;0;0;0;0;2;0;0;0
"19/03/2022";"09:10:00";"87";"ac03 - Aci";"62";"BR-050/MG";"Norte";"Colisão lateral no mesmo sentido";1;0;0;0;0;1;0;0;0;0;1;0;0;0;0
"19/03/2022";"11:01:00";"121";"ac02 - Aci";"6.48";"BR-050/MG";"Sul";"Colisão Traseira";0;0;2;0;0;0;0;0;0;0;1;1;0;0;0
"19/03/2022";"12:32:00";"145";"ac02 - Aci";"190.2";"BR-050/GO";"Norte";"Capotamento";0;0;0;0;0;0;0;0;0;1;0;1;1;0;0
"19/03/2022";"12:45:00";"148";"ac03 - Aci";"281.8";"BR-050/GO";"Norte";"Atropelamento de Animal";1;0;0;0;0;0;0;0;0;0;1;0;0;0;0
"19/03/2022";"02:25:00";"174";"ac03 - Aci";"64.18";"BR-050/MG";"Sul";"Choque - Sinalização";1;0;0;0;0;0;0;0;0;0;1;0;0;0;0
"19/03/2022";"06:20:00";"241";"ac03 - Aci";"27.7";"BR-050/MG";"Sul";"Choque - Meio fio";1;0;0;0;0;0;0;0;0;0;1;0;0;0;0
"19/03/2022";"08:01:00";"271";"ac03 - Aci";"234.6";"BR-050/GO";"Norte";"Colisão Traseira";0;0;2;0;0;0;0;0;0;0;2;0;0;0;0
"20/03/2022";"02:42:00";"18";"ac03 - Aci";"272.3";"BR-050/GO";"Norte";"Choque - Elemento de Drenagem";1;0;0;0;0;0;0;0;0;0;1;0;0;0;0
"20/03/2022";"05:36:00";"35";"ac02 - Aci";"90";"BR-050/MG";"Norte";"Tombamento";0;0;1;0;0;0;0;0;0;0;0;1;0;0;0
"20/03/2022";"05:53:00";"37";"ac03 - Aci";"199.3";"BR-050/MG";"Norte";"Colisão lateral no sentido contrário";1;0;0;0;0;1;0;0;0;0;1;0;0;0;0
"20/03/2022";"03:32:00";"190";"ac03 - Aci";"29.6";"BR-050/MG";"Norte";"Choque - Elemento de Drenagem";1;0;0;0;0;0;0;0;0;0;2;0;0;0;0
"20/03/2022";"09:24:00";"285";"ac02 - Aci";"130.8";"BR-050/MG";"Norte";"Colisão Traseira";0;0;1;0;0;0;0;0;0;1;1;1;0;0;0
"21/03/2022";"01:33:00";"181";"ac02 - Aci";"170.15";"BR-050/MG";"Sul";"Queda de Moto";0;0;0;1;0;0;0;0;0;0;0;1;0;0;0
"21/03/2022";"02:26:00";"196";"ac02 - Aci";"257.1";"BR-050/GO";"Sul";"Capotamento";1;0;0;0;0;0;0;0;0;0;0;1;2;0;0