data;horario;n_da_ocorrencia;tipo_de_ocorrencia;km;trecho;sentido;tipo_de_acidente;automovel;bicicleta;caminhao;moto;onibus;outros;tracao_animal;transporte_de_cargas_especiais;trator_maquinas;utilitarios;ilesos;levemente_feridos;moderadamente_feridos;gravemente_feridos;mortos
"22/03/2022";"09:32:00";"115";"ac03 - Aci";"154";"BR-050/GO";"Sul";"Tombamento";0;0;1;0;0;0;0;0;0;0;1;0;0;0;0
"22/03/2022";"04:54:00";"283";"ac02 - Aci";"100";"BR-050/GO";"Norte";"Colisão Traseira";0;0;0;1;0;0;0;0;0;1;1;1;0;0;0
"22/03/2022";"10:11:00";"351";"ac03 - Aci";"136.24";"BR-050/GO";"Norte";"Choque - Sinalização";1;0;0;0;0;0;0;0;0;0;2;0;0;0;0
"23/03/2022";"04:15:00";"20";"ac03 - Aci";"259.22";"BR-050/GO";"Sul";"Choque - Sinalização";1;0;0;0;0;0;0;0;0;0;3;0;0;0;0
"23/03/2022";"01:06:00";"167";"ac03 - Aci";"172.7";"BR-050/MG";"Norte";"Choque - New jersey";1;0;0;0;0;0;0;0;0;0;2;0;0;0;0
"23/03/2022";"11:34:00";"328";"ac02 - Aci";"23.81";"BR-050/MG";"Norte";"Choque - Elemento de Drenagem";1;0;0;0;0;0;0;0;0;0;1;0;1;0;0
"24/03/2022";"06:16:00";"35";"ac02 - Aci";"179.05";"BR-050/MG";"Sul";"Queda de Moto";0;0;0;1;0;0;0;0;0;0;0;1;0;0;0
"25/03/2022";"01:37:00";"9";"ac03 - Aci";"273.1";"BR-050/GO";"Sul";"Choque - Elemento de Drenagem";0;0;0;0;0;0;0;0;0;1;1;0;0;0;0
"25/03/2022";"08:04:00";"78";"ac02 - Aci";"97.85";"BR-050/GO";"Sul";"Colisão Transversal";0;0;0;1;0;0;0;0;0;1;1;2;0;0;0
"25/03/2022";"10:18:00";"124";"ac03 - Aci";"198";"BR-050/MG";"Norte";"Colisão Traseira";0;0;1;0;0;0;0;0;0;1;2;0;0;0;0
"25/03/2022";"04:56:00";"252";"ac03 - Aci";"259.8";"BR-050/GO";"Norte";"Choque - Elemento de Drenagem";0;0;0;0;0;0;0;0;0;1;1;0;0;0;0
"26/03/2022";"04:00:00";"30";"ac03 - Aci";"10";"CT-UDI-MG";"Sul";"Atropelamento de Animal";0;0;1;0;0;0;0;0;0;0;1;0;0;0;0
"26/03/2022";"09:22:00";"117";"ac03 - Aci";"179";"BR-050/MG";"Norte";"Choque - New jersey";0;0;0;0;0;0;0;0;0;1;1;0;0;0;0
"26/03/2022";"06:36:00";"285";"ac02 - Aci";"99.3";"BR-050/GO";"Norte";"Colisão Frontal";1;0;0;1;0;0;0;0;0;0;2;1;0;0;0
"26/03/2022";"07:25:00";"296";"ac03 - Aci";"62";"BR-050/MG";"Sul";"Colisão lateral no mesmo sentido";1;0;1;0;0;0;0;0;0;0;2;0;0;0;0
"27/03/2022";"04:56:00";"27";"ac03 - Aci";"47.5";"BR-050/MG";"Norte";"Choque - Sinalização";0;0;0;0;0;0;0;0;0;1;4;0;0;0;0
"27/03/2022";"09:11:00";"68";"ac02 - Aci";"28.7";"BR-050/MG";"Norte";"Tombamento";0;0;1;0;0;0;0;0;0;0;0;0;0;1;0
"27/03/2022";"01:16:00";"153";"ac03 - Aci";"283.7";"BR-050/GO";"Sul";"Choque - Meio fio";1;0;0;0;0;0;0;0;0;0;2;0;0;0;0
"27/03/2022";"07:23:00";"265";"ac02 - Aci";"41.03";"BR-050/MG";"Sul";"Colisão Traseira";0;0;2;0;0;0;0;0;0;0;1;0;1;0;0
"27/03/2022";"08:28:00";"276";"ac02 - Aci";"131";"BR-050/MG";"Norte";"Colisão Traseira";0;0;1;0;0;0;0;0;0;1;1;0;0;1;0
"27/03/2022";"09:36:00";"293";"ac02 - Aci";"124.1";"BR-050/MG";"Sul";"Colisão lateral no mesmo sentido";1;0;0;0;0;1;0;0;0;0;1;2;0;0;0
"27/03/2022";"10:14:00";"302";"ac02 - Aci";"17.96";"CT-UDI-MG";"Sul";"Choque - Objeto sobre a pista";0;0;0;1;0;0;0;0;0;0;0;0;1;0;0
"28/03/2022";"10:09:00";"105";"ac01 - Aci";"191.95";"BR-050/GO";"Norte";"Colisão Traseira";0;0;2;0;0;0;0;0;0;0;1;0;0;0;1
"28/03/2022";"12:50:00";"159";"ac03 - Aci";"115.5";"BR-050/GO";"Sul";"Choque - Talude ou Barranco";0;0;0;0;0;0;0;0;0;1;1;0;0;0;0
"28/03/2022";"12:53:00";"160";"ac03 - Aci";"18.4";"BR-050/MG";"Norte";"Colisão lateral no mesmo sentido";0;0;2;0;0;0;0;0;0;0;2;0;0;0;0
"28/03/2022";"02:19:00";"195";"ac03 - Aci";"305.1";"BR-050/GO";"Norte";"Choque - New jersey";1;0;0;0;0;0;0;0;0;0;1;0;0;0;0
"28/03/2022";"02:40:00";"201";"ac03 - Aci";"28";"BR-050/MG";"Sul";"Engavetamento";1;0;2;0;0;0;0;0;0;0;5;0;0;0;0
"28/03/2022";"05:24:00";"257";"ac02 - Aci";"83.5";"BR-050/MG";"Norte";"Tombamento";0;0;1;0;0;0;0;0;0;0;0;3;0;0;0
"28/03/2022";"05:25:00";"258";"ac02 - Aci";"83.8";"BR-050/MG";"Norte";"Colisão Traseira";1;0;1;0;0;0;0;0;0;1;5;0;1;0;0
"29/03/2022";"01:36:00";"223";"ac02 - Aci";"179.08";"BR-050/MG";"Norte";"Choque - New jersey";0;0;1;0;0;0;0;0;0;0;0;1;0;0;0
"29/03/2022";"02:08:00";"232";"ac03 - Aci";"177.7";"BR-050/MG";"Sul";"Colisão Traseira";2;0;0;0;0;0;0;0;0;0;5;0;0;0;0
"30/03/2022";"01:12:00";"13";"ac02 - Aci";"180.2";"BR-050/GO";"Norte";"Atropelamento - Pedestre";1;0;0;0;0;1;0;0;0;0;1;0;0;1;0
"30/03/2022";"03:00:00";"232";"ac02 - Aci";"0.4";"BR-050/MG";"Sul";"Tombamento";0;0;1;0;0;0;0;0;0;0;0;1;0;0;0
"30/03/2022";"03:53:00";"257";"ac03 - Aci";"103";"BR-050/GO";"Sul";"Choque - Elemento de Drenagem";1;0;0;0;0;0;0;0;0;0;1;0;0;0;0
"30/03/2022";"07:59:00";"340";"ac02 - Aci";"263.5";"BR-050/GO";"Sul";"Choque - Meio fio";0;1;0;0;0;0;0;0;0;0;0;0;1;0;0
"30/03/2022";"08:08:00";"345";"ac02 - Aci";"263.5";"BR-050/GO";"Sul";"Colisão Traseira";0;2;0;0;0;0;0;0;0;0;1;0;1;0;0
"31/03/2022";"04:21:00";"209";"ac03 - Aci";"11.4";"BR-050/MG";"Norte";"Colisão Traseira";0;0;2;0;0;0;0;0;0;0;2;0;0;0;0
"31/03/2022";"07:53:00";"271";"ac02 - Aci";"168.6";"BR-050/MG";"Sul";"Choque - Veiculo parado na pista";0;1;0;1;0;0;0;0;0;0;0;0;1;0;0
"31/03/2022";"08:44:00";"282";"ac01 - Aci";"168.6";"BR-050/MG";"Sul";"Atropelamento - Pedestre";0;1;0;0;0;0;0;0;0;0;0;0;0;0;1
"31/03/2022";"11:41:00";"319";"ac02 - Aci";"124.48";"BR-050/GO";"Sul";"Choque - Sinalização";1;0;0;0;0;0;0;0;0;0;1;1;0;0;0
"01/04/2022";"04:07:00";"19";"ac03 - Aci";"88.9";"BR-050/MG";"Sul";"Tombamento";0;0;1;0;0;0;0;0;0;0;2;0;0;0;0
"01/04/2022";"04:33:00";"255";"ac03 - Aci";"176";"BR-050/MG";"Sul";"Colisão Traseira";1;0;0;0;0;0;0;0;0;1;5;0;0;0;0
"02/04/2022";"05:10:00";"27";"ac02 - Aci";"18.2";"CT-UDI-MG";"Norte";"Colisão lateral no sentido contrário";0;0;0;1;0;0;0;0;0;1;1;0;0;2;0
"02/04/2022";"07:26:00";"293";"ac02 - Aci";"196";"BR-050/MG";"Norte";"Queda de Moto";0;0;0;1;0;0;0;0;0;0;0;1;0;0;0
"02/04/2022";"09:12:00";"322";"ac02 - Aci";"274";"BR-050/GO";"Norte";"Queda de Moto";0;0;0;1;0;0;0;0;0;0;0;1;0;0;0
"03/04/2022";"08:20:00";"42";"ac02 - Aci";"77.5";"BR-050/MG";"Norte";"Choque - Meio fio";0;0;0;1;0;0;0;0;0;0;0;0;1;0;0
"03/04/2022";"12:47:00";"137";"ac02 - Aci";"233.1";"BR-050/GO";"Norte";"Atropelamento - Andarilho";1;0;0;0;0;0;0;0;0;0;3;0;1;0;0
"03/04/2022";"02:19:00";"160";"ac03 - Aci";"13";"CT-UDI-MG";"Norte";"Choque - Meio fio";1;0;0;0;0;0;0;0;0;0;3;0;0;0;0
"03/04/2022";"03:10:00";"175";"ac02 - Aci";"78";"BR-050/MG";"Norte";"Choque - Meio fio";1;0;0;0;0;0;0;0;0;0;0;0;1;0;0
"03/04/2022";"03:36:00";"185";"ac02 - Aci";"203.5";"BR-050/MG";"Sul";"Colisão Traseira";1;0;0;0;0;1;0;0;0;0;2;1;0;0;0
"03/04/2022";"03:50:00";"194";"ac03 - Aci";"13.7";"BR-050/MG";"Norte";"Colisão Traseira";1;0;0;0;0;0;0;0;0;1;2;0;0;0;0
"03/04/2022";"06:05:00";"244";"ac02 - Aci";"163.6";"BR-050/MG";"Norte";"Colisão Transversal";1;0;0;1;0;0;0;0;0;0;3;0;1;0;0
"03/04/2022";"07:37:00";"267";"ac03 - Aci";"260";"BR-050/GO";"Norte";"Choque - Elemento de Drenagem";1;0;0;0;0;0;0;0;0;0;2;0;0;0;0
"03/04/2022";"07:40:00";"268";"ac02 - Aci";"278.6";"BR-050/GO";"Sul";"Colisão Transversal";1;0;0;0;0;0;0;0;0;1;1;3;0;0;0
"03/04/2022";"09:40:00";"295";"ac02 - Aci";"18";"CT-UDI-MG";"Norte";"Queda de Moto";0;0;0;1;0;0;0;0;0;0;0;2;0;0;0
"04/04/2022";"07:17:00";"43";"ac02 - Aci";"21";"CT-UDI-MG";"Norte";"Colisão Traseira";0;0;0;1;0;0;0;0;0;1;0;2;0;0;0
"04/04/2022";"08:52:00";"82";"ac02 - Aci";"48";"BR-050/MG";"Sul";"Choque - Elemento de Drenagem";0;0;1;0;0;0;0;0;0;0;0;1;0;0;0
"04/04/2022";"09:10:00";"92";"ac02 - Aci";"262.16";"BR-050/GO";"Sul";"Queda de Moto";0;0;0;1;0;0;0;0;0;0;0;0;0;1;0
"04/04/2022";"10:47:00";"123";"ac03 - Aci";"126.6";"BR-050/MG";"Norte";"Colisão Traseira";1;0;1;0;0;0;0;0;0;0;3;0;0;0;0
"04/04/2022";"03:23:00";"201";"ac03 - Aci";"179.98";"BR-050/MG";"Sul";"Choque - New jersey";1;0;0;0;0;0;0;0;0;0;1;0;0;0;0
"04/04/2022";"06:43:00";"264";"ac02 - Aci";"174";"BR-050/MG";"Sul";"Colisão Traseira";0;0;0;1;0;0;0;0;0;1;1;1;0;0;0
"04/04/2022";"11:51:00";"341";"ac02 - Aci";"136.7";"BR-050/MG";"Sul";"Choque - Talude ou Barranco";0;0;1;0;0;0;0;0;0;0;0;1;0;0;0
"05/04/2022";"07:51:00";"61";"ac03 - Aci";"171.8";"BR-050/MG";"Norte";"Colisão lateral no mesmo sentido";2;0;0;0;0;1;0;0;0;0;10;0;0;0;0
"05/04/2022";"08:28:00";"71";"ac03 - Aci";"169";"BR-050/MG";"Sul";"Colisão Traseira";0;0;0;0;0;1;0;0;0;1;1;0;0;0;0
"05/04/2022";"03:53:00";"194";"ac02 - Aci";"158.65";"BR-050/MG";"Norte";"Tombamento";0;0;1;0;0;0;0;0;0;0;0;1;0;0;0
"05/04/2022";"05:00:00";"213";"ac02 - Aci";"32";"BR-050/MG";"Sul";"Colisão Traseira";0;0;1;0;1;0;0;0;0;0;10;8;0;0;0
"05/04/2022";"11:44:00";"312";"ac03 - Aci";"206.85";"BR-050/GO";"Norte";"Choque - Elemento de Drenagem";0;0;0;0;0;0;0;0;0;1;1;0;0;0;0
"06/04/2022";"01:54:00";"18";"ac03 - Aci";"63.8";"BR-050/MG";"Norte";"Choque - Elemento de Drenagem";1;0;0;0;0;0;0;0;0;0;1;0;0;0;0
"06/04/2022";"09:25:00";"97";"ac03 - Aci";"18.7";"CT-UDI-MG";"Sul";"Choque - New jersey";0;0;0;0;0;0;0;0;0;1;1;0;0;0;0
"06/04/2022";"04:52:00";"257";"ac03 - Aci";"111.4";"BR-050/MG";"Sul";"Choque - Elemento de Drenagem";0;0;1;0;0;0;0;0;0;0;1;0;0;0;0
"06/04/2022";"05:58:00";"274";"ac02 - Aci";"2.7";"BR-050/MG";"Sul";"Colisão Traseira";0;0;0;0;0;1;0;0;0;1;0;2;0;0;0
"06/04/2022";"06:35:00";"287";"ac01 - Aci";"21.6";"CT-UDI-MG";"Norte";"Colisão Traseira";0;1;0;1;0;1;0;0;0;0;0;1;0;0;1
"07/04/2022";"03:00:00";"30";"ac02 - Aci";"44.5";"BR-050/MG";"Norte";"Capotamento";1;0;0;0;0;0;0;0;0;0;0;1;0;0;0
"07/04/2022";"01:34:00";"217";"ac02 - Aci";"105.5";"BR-050/MG";"Sul";"Queda de Moto";0;0;0;1;0;0;0;0;0;0;0;2;0;0;0
"07/04/2022";"03:11:00";"244";"ac02 - Aci";"126";"BR-050/MG";"Norte";"Choque - Talude ou Barranco";0;0;0;0;0;0;0;0;0;1;2;1;0;0;0
"07/04/2022";"03:42:00";"258";"ac03 - Aci";"117.7";"BR-050/MG";"Norte";"Colisão Traseira";0;0;1;0;0;0;0;0;0;1;4;0;0;0;0
"07/04/2022";"07:13:00";"313";"ac03 - Aci";"154.8";"BR-050/MG";"Sul";"Capotamento";1;0;0;0;0;0;0;0;0;0;1;0;0;0;0
"07/04/2022";"11:39:00";"361";"ac02 - Aci";"148.5";"BR-050/GO";"Sul";"Choque - Veiculo parado na pista";0;0;2;0;0;0;0;0;0;0;1;1;1;0;0
"08/04/2022";"12:37:00";"5";"ac03 - Aci";"174.2";"BR-050/MG";"Sul";"Choque - New jersey";1;0;0;0;0;0;0;0;0;0;1;0;0;0;0
"08/04/2022";"01:27:00";"18";"ac02 - Aci";"206";"BR-050/MG";"Norte";"Queda de Moto";0;0;0;1;0;0;0;0;0;0;0;1;0;0;0
"08/04/2022";"06:33:00";"40";"ac03 - Aci";"52.9";"BR-050/MG";"Norte";"Colisão lateral no mesmo sentido";0;0;2;0;0;0;0;0;0;0;3;0;0;0;0
"08/04/2022";"10:09:00";"147";"ac02 - Aci";"201";"BR-050/MG";"Sul";"Choque - Veiculo parado no acostamento";0;0;1;0;0;0;0;0;0;1;1;0;1;0;0
"08/04/2022";"04:39:00";"303";"ac03 - Aci";"198";"BR-050/MG";"Norte";"Choque na praça – cabine";1;0;0;0;0;0;0;0;0;0;1;0;0;0;0
"08/04/2022";"05:08:00";"311";"ac03 - Aci";"57";"BR-050/MG";"Norte";"Queda de Moto";0;0;0;1;0;0;0;0;0;0;1;0;0;0;0
"08/04/2022";"06:30:00";"329";"ac03 - Aci";"195";"BR-050/MG";"Sul";"Colisão lateral no mesmo sentido";1;0;1;0;0;0;0;0;0;0;3;0;0;0;0
"08/04/2022";"07:11:00";"348";"ac02 - Aci";"27.35";"BR-050/MG";"Norte";"Capotamento";1;0;0;0;0;0;0;0;0;0;0;2;0;0;0
"08/04/2022";"07:14:00";"349";"ac02 - Aci";"281";"BR-050/GO";"Sul";"Colisão Transversal";0;0;0;1;0;1;0;0;0;0;0;0;1;0;0
"08/04/2022";"11:08:00";"414";"ac02 - Aci";"193";"BR-050/MG";"Sul";"Colisão lateral no mesmo sentido";0;0;1;0;0;0;0;0;0;1;1;1;0;0;0
"09/04/2022";"03:26:00";"30";"ac02 - Aci";"119.8";"BR-050/MG";"Norte";"Tombamento";0;0;1;0;0;0;0;0;0;0;0;0;1;0;0
"09/04/2022";"06:13:00";"41";"ac02 - Aci";"56";"BR-050/MG";"Sul";"Capotamento";1;0;0;0;0;0;0;0;0;0;0;1;0;0;0
"09/04/2022";"10:35:00";"157";"ac03 - Aci";"59";"BR-050/MG";"Norte";"Choque - Elemento de Drenagem";0;0;1;0;0;0;0;0;0;0;1;0;0;0;0
"09/04/2022";"12:20:00";"202";"ac02 - Aci";"101";"BR-050/GO";"Norte";"Colisão lateral no mesmo sentido";0;0;0;1;0;0;0;0;0;1;1;1;0;0;0
"09/04/2022";"01:13:00";"217";"ac03 - Aci";"123.3";"BR-050/MG";"Sul";"Queda de Carro";0;0;0;0;0;0;0;0;0;1;1;0;0;0;0
"09/04/2022";"01:55:00";"230";"ac03 - Aci";"118.75";"BR-050/GO";"Sul";"Choque - Defensa metálica";1;0;0;0;0;0;0;0;0;0;2;0;0;0;0
"09/04/2022";"08:55:00";"359";"ac03 - Aci";"29.4";"BR-050/MG";"Norte";"Choque - Meio fio";1;0;0;0;0;0;0;0;0;0;1;0;0;0;0
"10/04/2022";"02:11:00";"17";"ac03 - Aci";"219.7";"BR-050/GO";"Norte";"Choque - Defensa metálica";1;0;0;0;0;0;0;0;0;0;2;0;0;0;0
"10/04/2022";"03:15:00";"24";"ac02 - Aci";"282.8";"BR-050/GO";"Norte";"Colisão Transversal";2;0;0;0;0;0;0;0;0;0;0;4;1;0;0
"10/04/2022";"06:37:00";"44";"ac02 - Aci";"35.05";"BR-050/MG";"Norte";"Queda de Moto";0;0;0;1;0;0;0;0;0;0;0;2;0;0;0
"10/04/2022";"06:42:00";"45";"ac03 - Aci";"180";"BR-050/MG";"Norte";"Choque - Talude ou Barranco";1;0;0;0;0;0;0;0;0;0;0;0;0;0;0
"10/04/2022";"11:54:00";"145";"ac03 - Aci";"13";"BR-050/MG";"Norte";"Colisão Traseira";1;0;0;0;0;1;0;0;0;0;4;0;0;0;0
"10/04/2022";"01:25:00";"164";"ac02 - Aci";"28.5";"BR-050/MG";"Norte";"Choque - Defensa metálica";1;0;0;0;0;0;0;0;0;0;4;1;0;0;0
"10/04/2022";"01:45:00";"170";"ac02 - Aci";"0.5";"BR-050/MG";"Sul";"Tombamento";0;0;1;0;0;0;0;0;0;0;0;0;1;0;0
"10/04/2022";"04:02:00";"201";"ac02 - Aci";"244";"BR-050/GO";"Sul";"Tombamento";0;0;1;0;0;0;0;0;0;0;0;1;0;0;0
"10/04/2022";"04:28:00";"212";"ac02 - Aci";"62.99";"BR-050/MG";"Norte";"Capotamento";1;0;0;0;0;0;0;0;0;0;0;0;1;0;0
"10/04/2022";"04:58:00";"220";"ac03 - Aci";"83.4";"BR-050/MG";"Norte";"Queda de Carro";1;0;0;0;0;0;0;0;0;0;2;0;0;0;0
"10/04/2022";"08:03:00";"281";"ac02 - Aci";"171.8";"BR-050/MG";"Norte";"Colisão Frontal";2;0;0;1;0;0;0;0;0;0;2;0;1;0;0
"10/04/2022";"08:33:00";"290";"ac01 - Aci";"170.3";"BR-050/MG";"Norte";"Atropelamento - Pedestre";0;0;1;1;0;0;0;0;0;0;0;0;0;0;1
"10/04/2022";"08:45:00";"295";"ac02 - Aci";"20";"BR-050/MG";"Norte";"Colisão Traseira";1;0;1;0;0;0;0;0;0;0;0;2;0;0;0
"11/04/2022";"12:30:00";"162";"ac03 - Aci";"108";"BR-050/MG";"Norte";"Choque - Elemento de Drenagem";1;0;0;0;0;0;0;0;0;0;1;0;0;0;0
"12/04/2022";"06:08:00";"29";"ac02 - Aci";"149.9";"BR-050/GO";"Sul";"Capotamento";0;0;0;0;0;0;0;0;0;1;2;1;0;0;0
"12/04/2022";"11:07:00";"175";"ac02 - Aci";"149.9";"BR-050/GO";"Norte";"Capotamento";1;0;0;0;0;0;0;0;0;0;1;1;0;0;0
"12/04/2022";"05:53:00";"339";"ac03 - Aci";"178";"BR-050/MG";"Sul";"Engavetamento";1;0;0;0;0;2;0;0;0;1;6;0;0;0;0
"12/04/2022";"07:20:00";"358";"ac03 - Aci";"186";"BR-050/MG";"Sul";"Choque - Outros";1;0;0;0;0;0;0;0;0;0;1;0;0;0;0
"12/04/2022";"07:22:00";"359";"ac03 - Aci";"25";"BR-050/MG";"Sul";"Choque - Elemento de Drenagem";0;0;0;0;0;0;0;0;0;1;1;0;0;0;0
"12/04/2022";"09:04:00";"384";"ac03 - Aci";"85.5";"BR-050/MG";"Sul";"Tombamento";0;0;0;0;0;1;0;0;0;0;1;0;0;0;0
"12/04/2022";"10:58:00";"404";"ac03 - Aci";"63.7";"BR-050/MG";"Norte";"Atropelamento de Animal";1;0;0;0;0;0;0;0;0;0;1;0;0;0;0
"13/04/2022";"01:53:00";"173";"ac03 - Aci";"61.12";"BR-050/MG";"Sul";"Choque - Elemento de Drenagem";1;0;0;0;0;0;0;0;0;0;2;0;0;0;0
"13/04/2022";"02:28:00";"183";"ac03 - Aci";"85.55";"BR-050/MG";"Sul";"Colisão lateral no mesmo sentido";1;0;0;0;0;1;0;0;0;1;4;0;0;0;0
"13/04/2022";"02:45:00";"185";"ac03 - Aci";"137.2";"BR-050/MG";"Norte";"Choque - Elemento de Drenagem";1;0;0;0;0;0;0;0;0;0;2;0;0;0;0
"13/04/2022";"03:09:00";"193";"ac03 - Aci";"55.05";"BR-050/MG";"Norte";"Colisão lateral no mesmo sentido";2;0;1;0;0;0;0;0;0;0;3;0;0;0;0
"13/04/2022";"03:10:00";"194";"ac03 - Aci";"140.2";"BR-050/MG";"Sul";"Choque - Defensa metálica";1;0;0;0;0;0;0;0;0;0;3;0;0;0;0
"13/04/2022";"05:39:00";"247";"ac03 - Aci";"177.15";"BR-050/MG";"Sul";"Choque - Meio fio";1;0;0;0;0;0;0;0;0;0;1;0;0;0;0
"13/04/2022";"05:53:00";"254";"ac03 - Aci";"251.05";"BR-050/GO";"Norte";"Choque - Sinalização";1;0;0;0;0;0;0;0;0;0;4;0;0;0;0
"13/04/2022";"10:44:00";"326";"ac03 - Aci";"31.5";"BR-050/MG";"Sul";"Colisão Traseira";0;0;1;0;0;1;0;0;0;0;1;0;0;0;0
"13/04/2022";"11:36:00";"332";"ac02 - Aci";"203";"BR-050/GO";"Norte";"Capotamento";0;0;1;0;0;0;0;0;0;0;0;0;1;0;0
"14/04/2022";"06:40:00";"50";"ac03 - Aci";"81.1";"BR-050/MG";"Sul";"Choque - Sinalização";1;0;0;0;0;0;0;0;0;0;1;0;0;0;0
"14/04/2022";"10:32:00";"161";"ac03 - Aci";"206.7";"BR-050/MG";"Norte";"Choque - Veiculo parado na pista";0;0;2;0;0;1;0;0;0;0;1;0;0;0;0
"14/04/2022";"11:18:00";"182";"ac03 - Aci";"28.52";"BR-050/MG";"Sul";"Choque - Defensa metálica";0;0;1;0;0;0;0;0;0;0;1;0;0;0;0
"14/04/2022";"06:40:00";"343";"ac02 - Aci";"0.3";"BR-050/MG";"Sul";"Tombamento";0;0;1;0;0;0;0;0;0;0;0;0;1;0;0
"15/04/2022";"12:27:00";"170";"ac03 - Aci";"264.6";"BR-050/GO";"Sul";"Choque - Talude ou Barranco";1;0;0;0;0;0;0;0;0;0;2;0;0;0;0
"15/04/2022";"04:46:00";"231";"ac02 - Aci";"21.48";"CT-UDI-MG";"Sul";"Choque - New jersey";0;0;0;0;0;0;0;0;0;1;0;1;0;0;0
"15/04/2022";"05:35:00";"247";"ac02 - Aci";"85.4";"BR-050/MG";"Norte";"Capotamento";1;0;0;0;0;0;0;0;0;0;1;2;1;0;0
"15/04/2022";"07:41:00";"276";"ac01 - Aci";"173.6";"BR-050/MG";"Sul";"Colisão Traseira";0;0;1;1;0;0;0;0;0;0;2;0;0;0;2
"15/04/2022";"07:49:00";"279";"ac02 - Aci";"173.6";"BR-050/MG";"Sul";"Choque - Veiculo parado na pista";0;0;0;1;0;0;0;0;0;0;0;1;0;0;0
"16/04/2022";"03:20:00";"23";"ac03 - Aci";"171.7";"BR-050/MG";"Sul";"Choque - New jersey";1;0;0;0;0;0;0;0;0;0;1;0;0;0;0
"16/04/2022";"04:49:00";"187";"ac03 - Aci";"22";"BR-050/MG";"Norte";"Choque - Meio fio";0;0;0;1;0;0;0;0;0;0;1;0;0;0;0
"17/04/2022";"12:21:00";"132";"ac03 - Aci";"51.4";"BR-050/MG";"Norte";"Choque - Cancela de Pedagio";0;0;0;0;0;0;0;0;0;1;2;0;0;0;0
"17/04/2022";"02:37:00";"165";"ac02 - Aci";"125.7";"BR-050/MG";"Norte";"Queda de Moto";0;0;0;1;0;0;0;0;0;0;0;2;0;0;0
"18/04/2022";"03:38:00";"23";"ac01 - Aci";"20.2";"BR-050/MG";"Norte";"Colisão Traseira";1;0;1;0;0;0;0;0;0;0;0;1;0;0;1
"18/04/2022";"04:14:00";"28";"ac02 - Aci";"210.6";"BR-050/GO";"Sul";"Capotamento";1;0;0;0;0;0;0;0;0;0;3;1;0;0;0
"18/04/2022";"03:07:00";"218";"ac03 - Aci";"135.8";"BR-050/MG";"Norte";"Choque - Objeto sobre a pista";1;0;0;0;0;0;0;0;0;0;2;0;0;0;0
"18/04/2022";"03:26:00";"224";"ac03 - Aci";"135";"BR-050/MG";"Norte";"Choque - Objeto sobre a pista";0;0;1;0;0;0;0;0;0;0;2;0;0;0;0
"18/04/2022";"08:21:00";"306";"ac02 - Aci";"264.5";"BR-050/GO";"Norte";"Atropelamento de Animal";1;0;0;0;0;0;0;0;0;0;1;0;1;0;0
"18/04/2022";"09:19:00";"314";"ac03 - Aci";"51.272";"BR-050/MG";"Sul";"Choque - Sinalização";0;0;1;0;0;0;0;0;0;0;1;0;0;0;0
"19/04/2022";"05:58:00";"320";"ac03 - Aci";"180.05";"BR-050/MG";"Sul";"Colisão Traseira";0;0;0;0;0;0;0;0;0;2;2;0;0;0;0
"19/04/2022";"09:16:00";"375";"ac03 - Aci";"198";"BR-050/MG";"Sul";"Colisão Traseira";1;0;1;0;0;0;0;0;0;0;7;0;0;0;0
"20/04/2022";"06:35:00";"26";"ac02 - Aci";"106";"BR-050/GO";"Norte";"Tombamento";0;0;1;0;0;0;0;0;0;0;0;0;1;0;0
"20/04/2022";"09:36:00";"93";"ac03 - Aci";"0.32";"BR-050/MG";"Sul";"Choque - Defensa metálica";1;0;0;0;0;0;0;0;0;0;1;0;0;0;0
"20/04/2022";"06:24:00";"288";"ac03 - Aci";"1.35";"BR-050/MG";"Sul";"Choque - Elemento de Drenagem";1;0;0;0;0;0;0;0;0;0;1;0;0;0;0
"21/04/2022";"12:16:00";"2";"ac02 - Aci";"60.9";"BR-050/MG";"Norte";"Tombamento";0;0;1;0;0;0;0;0;0;0;0;0;1;0;0
"21/04/2022";"07:57:00";"82";"ac03 - Aci";"2.5";"BR-050/MG";"Sul";"Choque - Elemento de Drenagem";1;0;0;0;0;0;0;0;0;0;2;0;0;0;0
"21/04/2022";"09:52:00";"133";"ac03 - Aci";"113.8";"BR-050/MG";"Norte";"Colisão Traseira";1;0;1;0;0;0;0;0;0;0;2;0;0;0;0
"21/04/2022";"10:12:00";"146";"ac02 - Aci";"3";"CT-UDI-MG";"Sul";"Capotamento";1;0;0;0;0;0;0;0;0;0;0;4;0;0;0
"21/04/2022";"11:19:00";"170";"ac02 - Aci";"10.18";"BR-050/MG";"Norte";"Colisão lateral no mesmo sentido";1;0;0;1;0;0;0;0;0;0;3;1;0;0;0
"21/04/2022";"11:58:00";"182";"ac03 - Aci";"269.11";"BR-050/GO";"Sul";"Choque - Elemento de Drenagem";1;0;0;0;0;0;0;0;0;0;1;0;0;0;0
"21/04/2022";"05:35:00";"274";"ac02 - Aci";"115";"BR-050/GO";"Sul";"Capotamento";1;0;0;0;0;0;0;0;0;0;2;0;1;0;0
"21/04/2022";"07:45:00";"305";"ac02 - Aci";"272.81";"BR-050/GO";"Norte";"Choque - Sinalização";0;0;0;1;0;0;0;0;0;0;0;1;0;0;0
"22/04/2022";"08:23:00";"301";"ac02 - Aci";"177.5";"BR-050/MG";"Sul";"Choque - Talude ou Barranco";1;0;0;0;0;0;0;0;0;0;0;2;0;0;0
"23/04/2022";"09:21:00";"327";"ac03 - Aci";"177.5";"BR-050/MG";"Sul";"Choque - Defensa metálica";0;0;0;0;0;0;0;0;0;1;3;0;0;0;0
"24/04/2022";"11:44:00";"112";"ac02 - Aci";"188.64";"BR-050/GO";"Sul";"Choque - Arvore";1;0;0;0;0;0;0;0;0;0;0;1;0;0;0