data;horario;n_da_ocorrencia;tipo_de_ocorrencia;km;trecho;sentido;tipo_de_acidente;automovel;bicicleta;caminhao;moto;onibus;outros;tracao_animal;transporte_de_cargas_especiais;trator_maquinas;utilitarios;ilesos;levemente_feridos;moderadamente_feridos;gravemente_feridos;mortos
"25/08/2022";"03:02:00";"20";"ac03 - Aci";"179.7";"BR-050/GO";"Sul";"Tombamento";0;0;2;0;0;0;0;0;0;0;2;0;0;0;0
"25/08/2022";"05:45:00";"33";"ac03 - Aci";"132";"BR-050/MG";"Sul";"Tombamento";0;0;0;0;0;0;0;0;0;1;6;0;0;0;0
"25/08/2022";"06:51:00";"338";"ac03 - Aci";"272";"BR-050/GO";"Norte";"Atropelamento de Animal";1;0;0;0;0;0;0;0;0;0;1;0;0;0;0
"25/08/2022";"07:43:00";"352";"ac02 - Aci";"124.28";"BR-050/MG";"Norte";"Colisão lateral no mesmo sentido";0;0;2;0;0;0;0;0;0;0;1;1;0;0;0
"26/08/2022";"01:44:00";"16";"ac02 - Aci";"106.5";"BR-050/MG";"Norte";"Tombamento";0;0;1;0;0;0;0;0;0;0;0;1;0;0;0
"26/08/2022";"08:01:00";"64";"ac03 - Aci";"312.76";"BR-050/GO";"Sul";"Colisão Traseira";1;0;0;0;0;0;0;0;0;1;6;0;0;0;0
"26/08/2022";"06:20:00";"317";"ac03 - Aci";"93.1";"BR-050/MG";"Sul";"Colisão Transversal";1;0;1;0;0;0;0;0;0;0;4;0;0;0;0
"27/08/2022";"01:56:00";"16";"ac02 - Aci";"169.3";"BR-050/MG";"Sul";"Queda de Moto";0;0;0;1;0;0;0;0;0;0;0;1;0;0;0
"27/08/2022";"02:36:00";"190";"ac03 - Aci";"9.2";"BR-050/MG";"Sul";"Colisão Traseira";0;0;2;0;0;0;0;0;0;0;0;0;0;0;0
"27/08/2022";"06:35:00";"260";"ac03 - Aci";"178";"BR-050/MG";"Norte";"Choque - Meio fio";1;0;0;0;0;0;0;0;0;0;2;0;0;0;0
"27/08/2022";"07:09:00";"274";"ac02 - Aci";"263.41";"BR-050/GO";"Sul";"Queda de Moto";0;0;0;1;0;0;0;0;0;0;0;0;0;1;0
"27/08/2022";"07:58:00";"285";"ac03 - Aci";"78.5";"BR-050/MG";"Sul";"Choque - Defensa metálica";1;0;0;0;0;0;0;0;0;0;1;0;0;0;0
"28/08/2022";"12:40:00";"6";"ac03 - Aci";"218.48";"BR-050/GO";"Norte";"Capotamento";0;0;0;0;0;0;0;0;0;1;1;0;0;0;0
"28/08/2022";"01:22:00";"9";"ac02 - Aci";"120";"BR-050/MG";"Norte";"Queda de veículo em ribanceira, ponte ou viaduto";0;0;0;0;0;0;0;0;0;1;0;1;1;0;0
"28/08/2022";"03:42:00";"19";"ac02 - Aci";"192";"BR-050/MG";"Norte";"Capotamento";1;0;0;0;0;0;0;0;0;0;0;0;2;0;0
"28/08/2022";"09:31:00";"80";"ac03 - Aci";"176";"BR-050/MG";"Sul";"Choque - Elemento de Drenagem";1;0;0;0;0;0;0;0;0;0;1;0;0;0;0
"28/08/2022";"08:22:00";"278";"ac03 - Aci";"193";"BR-050/MG";"Sul";"Colisão Traseira";0;0;2;0;0;0;0;0;0;0;2;0;0;0;0
"28/08/2022";"08:53:00";"283";"ac02 - Aci";"306.2";"BR-050/GO";"Sul";"Tombamento";0;0;1;0;0;0;0;0;0;0;0;0;1;0;0
"29/08/2022";"06:13:00";"32";"ac03 - Aci";"123";"BR-050/MG";"Sul";"Choque - Objeto sobre a pista";2;0;0;0;0;0;0;0;0;0;7;0;0;0;0
"29/08/2022";"12:53:00";"199";"ac03 - Aci";"52.85";"BR-050/MG";"Norte";"Choque - Elemento de Drenagem";1;0;0;0;0;0;0;0;0;0;1;0;0;0;0
"30/08/2022";"05:59:00";"24";"ac02 - Aci";"90.96";"BR-050/MG";"Sul";"Colisão Traseira";1;0;0;1;0;0;0;0;0;0;1;0;0;1;0
"30/08/2022";"10:07:00";"120";"ac03 - Aci";"125.9";"BR-050/MG";"Sul";"Colisão lateral no mesmo sentido";0;0;0;0;0;1;0;0;1;0;1;0;0;0;0
"30/08/2022";"01:30:00";"194";"ac03 - Aci";"177";"BR-050/MG";"Norte";"Colisão lateral no mesmo sentido";0;0;1;0;0;1;0;0;0;0;1;0;0;0;0
"30/08/2022";"04:30:00";"251";"ac03 - Aci";"206.5";"BR-050/MG";"Sul";"Colisão Traseira";0;0;2;0;0;0;0;0;0;0;2;0;0;0;0
"30/08/2022";"06:56:00";"288";"ac02 - Aci";"19";"CT-UDI-MG";"Norte";"Engavetamento";1;1;0;0;0;1;0;0;0;0;2;1;0;0;0
"31/08/2022";"05:28:00";"44";"ac02 - Aci";"168.68";"BR-050/MG";"Norte";"Colisão Traseira";0;0;2;0;0;0;0;0;0;0;1;1;0;0;0
"31/08/2022";"09:29:00";"102";"ac03 - Aci";"180";"BR-050/MG";"Sul";"Colisão Traseira";0;0;0;0;0;2;0;0;0;0;0;0;0;0;0
"31/08/2022";"10:20:00";"123";"ac02 - Aci";"103.1";"BR-050/GO";"Sul";"Capotamento";1;0;0;0;0;0;0;0;0;0;2;1;0;0;0
"31/08/2022";"07:32:00";"288";"ac02 - Aci";"54";"BR-050/MG";"Norte";"Atropelamento - Andarilho";0;0;0;0;0;1;0;0;0;0;0;0;1;0;0
"31/08/2022";"08:57:00";"309";"ac03 - Aci";"21.8";"BR-050/MG";"Sul";"Atropelamento de Animal";0;0;0;0;0;0;0;0;0;1;3;0;0;0;0
"01/09/2022";"07:36:00";"46";"ac02 - Aci";"21.3";"CT-UDI-MG";"Sul";"Queda de Moto";0;0;0;1;0;0;0;0;0;0;0;2;0;0;0
"01/09/2022";"07:39:00";"47";"ac03 - Aci";"21.3";"CT-UDI-MG";"Sul";"Choque - Veiculo parado na pista";1;0;0;1;0;0;0;0;0;0;2;0;0;0;0
"01/09/2022";"11:32:00";"121";"ac02 - Aci";"115.7";"BR-050/MG";"Norte";"Colisão Traseira";0;0;2;0;0;0;0;0;0;0;1;1;0;0;0
"01/09/2022";"09:18:00";"286";"ac02 - Aci";"147";"BR-050/GO";"Norte";"Tombamento";0;0;1;0;0;0;0;0;0;0;0;0;1;0;0
"02/09/2022";"02:31:00";"13";"ac03 - Aci";"117.5";"BR-050/MG";"Norte";"Colisão Traseira";0;0;2;0;0;0;0;0;0;0;2;0;0;0;0
"02/09/2022";"08:16:00";"319";"ac03 - Aci";"9.95";"CT-UDI-MG";"Norte";"Colisão Traseira";0;0;2;0;0;0;0;0;0;0;2;0;0;0;0
"02/09/2022";"09:30:00";"339";"ac01 - Aci";"112.5";"BR-050/GO";"Norte";"Colisão Traseira";1;0;1;0;0;0;0;0;0;0;0;0;0;2;2
"03/09/2022";"12:42:00";"6";"ac02 - Aci";"180.7";"BR-050/GO";"Sul";"Tombamento";0;0;1;0;0;0;0;0;0;0;0;1;0;0;0
"03/09/2022";"02:16:00";"213";"ac02 - Aci";"180.8";"BR-050/GO";"Norte";"Queda de Ciclista";0;1;0;0;0;0;0;0;0;0;0;1;0;0;0
"03/09/2022";"03:57:00";"243";"ac03 - Aci";"7.9";"BR-050/MG";"Sul";"Choque - Arvore";1;0;0;0;0;0;0;0;0;0;4;0;0;0;0
"03/09/2022";"07:54:00";"302";"ac02 - Aci";"276.6";"BR-050/GO";"Norte";"Tombamento";0;0;0;0;0;0;0;0;0;1;0;1;0;0;0
"03/09/2022";"10:34:00";"331";"ac02 - Aci";"270.2";"BR-050/GO";"Sul";"Queda de Moto";0;0;0;1;0;0;0;0;0;0;0;0;2;0;0
"03/09/2022";"10:45:00";"334";"ac02 - Aci";"190.17";"BR-050/MG";"Norte";"Colisão Traseira";0;0;2;0;0;0;0;0;0;0;1;0;0;1;0
"03/09/2022";"11:05:00";"338";"ac02 - Aci";"79.85";"BR-050/MG";"Sul";"Colisão Traseira";1;0;0;1;0;0;0;0;0;0;1;0;0;2;0
"03/09/2022";"11:08:00";"339";"ac03 - Aci";"311";"BR-050/GO";"Sul";"Choque - Meio fio";0;0;0;0;0;0;0;0;0;1;1;0;0;0;0
"04/09/2022";"05:41:00";"28";"ac03 - Aci";"62.02";"BR-050/MG";"Sul";"Choque - Elemento de Drenagem";1;0;0;0;0;0;0;0;0;0;2;0;0;0;0
"04/09/2022";"05:43:00";"221";"ac03 - Aci";"251.53";"BR-050/GO";"Sul";"Choque - Arvore";0;0;0;0;0;0;0;0;0;1;1;0;0;0;0
"05/09/2022";"12:24:00";"179";"ac03 - Aci";"140";"BR-050/MG";"Sul";"Choque - Elemento de Drenagem";0;0;1;0;0;0;0;0;0;0;1;0;0;0;0
"05/09/2022";"06:11:00";"269";"ac02 - Aci";"180";"BR-050/MG";"Norte";"Queda de Moto";0;0;0;1;0;0;0;0;0;0;0;1;0;0;0
"05/09/2022";"06:44:00";"282";"ac02 - Aci";"176";"BR-050/MG";"Sul";"Engavetamento";3;0;0;0;0;0;0;0;0;0;8;1;0;0;0
"06/09/2022";"11:19:00";"167";"ac03 - Aci";"84.4";"BR-050/MG";"Norte";"Colisão lateral no mesmo sentido";1;0;1;0;0;0;0;0;0;0;4;0;0;0;0
"06/09/2022";"03:30:00";"261";"ac03 - Aci";"164.92";"BR-050/MG";"Norte";"Colisão Traseira";0;0;0;0;0;1;0;0;0;1;1;0;0;0;0
"06/09/2022";"07:08:00";"336";"ac02 - Aci";"124";"BR-050/GO";"Sul";"Colisão Traseira";2;0;0;0;0;0;0;0;0;0;0;0;2;0;0
"07/09/2022";"05:52:00";"27";"ac02 - Aci";"180";"BR-050/MG";"Sul";"Atropelamento de Animal";0;0;0;1;0;0;0;0;0;0;0;1;0;0;0
"07/09/2022";"02:26:00";"203";"ac02 - Aci";"174";"BR-050/MG";"Sul";"Choque - Poste";1;0;0;0;0;0;0;0;0;0;4;1;0;0;0
"07/09/2022";"02:47:00";"208";"ac03 - Aci";"47.9";"BR-050/MG";"Norte";"Colisão Traseira";1;0;0;0;0;0;0;0;0;1;6;0;0;0;0
"07/09/2022";"03:12:00";"217";"ac02 - Aci";"164.15";"BR-050/GO";"Sul";"Choque - Talude ou Barranco";0;0;0;0;0;0;0;0;0;1;1;0;1;0;0
"07/09/2022";"08:20:00";"304";"ac02 - Aci";"174.5";"BR-050/MG";"Norte";"Colisão Traseira";1;0;0;1;0;0;0;0;0;0;1;1;0;0;0
"08/09/2022";"01:58:00";"13";"ac02 - Aci";"113.5";"BR-050/GO";"Sul";"Capotamento";1;0;0;0;0;0;0;0;0;0;0;0;1;0;0
"08/09/2022";"03:19:00";"21";"ac03 - Aci";"278";"BR-050/GO";"Sul";"Capotamento";1;0;0;0;0;0;0;0;0;0;0;0;0;0;0
"08/09/2022";"08:33:00";"88";"ac03 - Aci";"177.5";"BR-050/MG";"Sul";"Choque - Talude ou Barranco";0;0;1;0;0;0;0;0;0;0;1;0;0;0;0
"08/09/2022";"02:52:00";"208";"ac02 - Aci";"104.2";"BR-050/MG";"Sul";"Colisão lateral no mesmo sentido";1;0;1;0;0;0;0;0;0;0;2;1;0;0;0
"09/09/2022";"01:55:00";"16";"ac02 - Aci";"199.5";"BR-050/MG";"Sul";"Colisão Traseira";0;0;0;0;0;1;0;0;0;1;0;1;0;0;0
"09/09/2022";"01:56:00";"17";"ac03 - Aci";"153.4";"BR-050/MG";"Norte";"Choque - Outros";1;0;0;0;0;0;0;0;0;0;1;0;0;0;0
"09/09/2022";"03:18:00";"233";"ac03 - Aci";"313.25";"BR-050/GO";"Norte";"Colisão Traseira";1;0;1;0;0;0;0;0;0;0;2;0;0;0;0
"09/09/2022";"09:51:00";"380";"ac03 - Aci";"29.8";"BR-050/MG";"Norte";"Choque - Elemento de Drenagem";1;0;0;0;0;0;0;0;0;0;2;0;0;0;0
"09/09/2022";"10:54:00";"391";"ac03 - Aci";"21";"CT-UDI-MG";"Norte";"Colisão Traseira";2;0;0;0;0;0;0;0;0;0;3;0;0;0;0
"10/09/2022";"11:06:00";"176";"ac03 - Aci";"13.73";"BR-050/MG";"Norte";"Colisão lateral no mesmo sentido";0;0;1;0;0;0;0;0;0;1;3;0;0;0;0
"10/09/2022";"12:00:00";"204";"ac02 - Aci";"187.3";"BR-050/MG";"Norte";"Colisão lateral no mesmo sentido";0;0;1;0;0;0;0;0;0;1;1;0;1;0;0
"10/09/2022";"07:19:00";"366";"ac03 - Aci";"80.5";"BR-050/MG";"Sul";"Colisão lateral no mesmo sentido";0;0;0;0;0;1;0;0;0;1;5;0;0;0;0
"11/09/2022";"03:57:00";"24";"ac02 - Aci";"95.7";"BR-050/GO";"Norte";"Colisão lateral no sentido contrário";1;0;1;0;0;0;0;0;0;0;1;3;0;0;0
"11/09/2022";"04:37:00";"31";"ac02 - Aci";"27.6";"BR-050/MG";"Norte";"Atropelamento - Pedestre";0;0;1;0;0;0;0;0;0;0;1;0;1;0;0
"11/09/2022";"06:09:00";"43";"ac03 - Aci";"269";"BR-050/GO";"Norte";"Choque - Talude ou Barranco";1;0;0;0;0;0;0;0;0;0;2;0;0;0;0
"11/09/2022";"09:58:00";"117";"ac03 - Aci";"273";"BR-050/GO";"Norte";"Choque - Sinalização";1;0;0;0;0;0;0;0;0;0;1;0;0;0;0
"11/09/2022";"04:30:00";"264";"ac03 - Aci";"198.17";"BR-050/MG";"Norte";"Colisão Traseira";2;0;0;0;0;0;0;0;0;0;6;0;0;0;0
"11/09/2022";"07:51:00";"348";"ac03 - Aci";"193.5";"BR-050/MG";"Norte";"Colisão Traseira";2;0;0;0;0;0;0;0;0;0;5;0;0;0;0
"11/09/2022";"08:08:00";"357";"ac03 - Aci";"14";"BR-050/MG";"Norte";"Colisão Traseira";0;0;2;0;0;0;0;0;0;0;2;0;0;0;0
"12/09/2022";"03:49:00";"21";"ac03 - Aci";"174.2";"BR-050/MG";"Norte";"Atropelamento de Animal";0;0;0;0;0;0;0;0;0;1;1;0;0;0;0
"12/09/2022";"04:14:00";"266";"ac03 - Aci";"108.5";"BR-050/MG";"Norte";"Colisão Transversal";0;0;0;0;1;0;0;0;0;1;2;0;0;0;0
"12/09/2022";"06:38:00";"311";"ac01 - Aci";"177.2";"BR-050/MG";"Norte";"Capotamento";1;0;0;0;0;0;0;0;0;0;0;0;1;3;1
"12/09/2022";"09:47:00";"360";"ac03 - Aci";"187";"BR-050/MG";"Norte";"Choque - Elemento de Drenagem";1;0;0;0;0;0;0;0;0;0;4;0;0;0;0
"12/09/2022";"09:54:00";"361";"ac03 - Aci";"173.2";"BR-050/MG";"Norte";"Colisão Traseira";1;0;0;0;0;1;0;0;0;0;1;0;0;0;0
"13/09/2022";"04:21:00";"30";"ac03 - Aci";"99";"BR-050/GO";"Sul";"Atropelamento de Animal";1;0;0;0;0;1;0;0;0;0;1;0;0;0;0
"13/09/2022";"07:19:00";"64";"ac02 - Aci";"156";"BR-050/MG";"Norte";"Colisão Traseira";1;0;0;0;0;1;0;0;0;0;0;1;0;0;0
"13/09/2022";"12:57:00";"205";"ac03 - Aci";"272";"BR-050/GO";"Sul";"Tombamento";0;0;1;0;0;0;0;0;0;0;1;0;0;0;0
"13/09/2022";"11:27:00";"392";"ac03 - Aci";"174";"BR-050/MG";"Norte";"Tombamento";0;0;1;0;0;0;0;0;0;0;1;0;0;0;0
"14/09/2022";"06:20:00";"32";"ac03 - Aci";"169.3";"BR-050/MG";"Sul";"Colisão Traseira";1;0;0;0;0;0;0;0;0;1;7;0;0;0;0
"14/09/2022";"07:14:00";"366";"ac02 - Aci";"176.799";"BR-050/MG";"Sul";"Capotamento";1;0;0;0;0;0;0;0;0;0;1;1;0;0;0
"15/09/2022";"06:05:00";"39";"ac03 - Aci";"81.1";"BR-050/MG";"Norte";"Choque - Sinalização";1;0;0;0;0;0;0;0;0;0;2;0;0;0;0
"15/09/2022";"07:58:00";"82";"ac03 - Aci";"198";"BR-050/MG";"Norte";"Colisão Traseira";2;0;0;0;0;0;0;0;0;0;4;0;0;0;0
"15/09/2022";"01:22:00";"202";"ac02 - Aci";"114";"BR-050/GO";"Sul";"Choque - Outros";0;0;0;0;0;1;0;0;0;1;0;2;0;0;0
"15/09/2022";"08:17:00";"335";"ac03 - Aci";"135.9";"BR-050/MG";"Norte";"Colisão lateral no mesmo sentido";0;0;2;0;0;0;0;0;0;0;2;0;0;0;0
"16/09/2022";"01:00:00";"220";"ac03 - Aci";"29.75";"BR-050/MG";"Norte";"Choque - Meio fio";1;0;0;0;0;0;0;0;0;0;4;0;0;0;0
"16/09/2022";"07:39:00";"344";"ac03 - Aci";"97.9";"BR-050/MG";"Sul";"Choque - Talude ou Barranco";1;0;0;0;0;0;0;0;0;0;2;0;0;0;0
"16/09/2022";"11:03:00";"384";"ac03 - Aci";"42.8";"BR-050/MG";"Sul";"Choque - Defensa metálica";0;0;1;0;0;0;0;0;0;0;1;0;0;0;0
"17/09/2022";"03:51:00";"23";"ac02 - Aci";"184.5";"BR-050/MG";"Norte";"Colisão Transversal";2;0;0;0;0;0;0;0;0;0;0;2;2;0;0
"17/09/2022";"05:09:00";"29";"ac03 - Aci";"38";"BR-050/MG";"Sul";"Choque - Defensa metálica";1;0;0;0;0;0;0;0;0;0;3;0;0;0;0
"17/09/2022";"05:29:00";"256";"ac02 - Aci";"118.95";"BR-050/MG";"Norte";"Capotamento";1;0;1;0;0;0;0;0;0;0;1;0;1;0;0
"17/09/2022";"06:54:00";"269";"ac02 - Aci";"102.15";"BR-050/GO";"Norte";"Colisão Traseira";2;0;0;0;0;0;0;0;0;0;4;1;0;0;0
"17/09/2022";"10:48:00";"321";"ac03 - Aci";"163.8";"BR-050/MG";"Norte";"Choque - Elemento de Drenagem";1;0;0;0;0;0;0;0;0;0;2;0;0;0;0
"18/09/2022";"02:03:00";"13";"ac03 - Aci";"54";"BR-050/MG";"Norte";"Choque - New jersey";1;0;0;0;0;0;0;0;0;0;1;0;0;0;0
"18/09/2022";"10:07:00";"119";"ac03 - Aci";"48.25";"BR-050/MG";"Norte";"Choque - New jersey";0;0;0;0;0;1;0;0;0;1;3;0;0;0;0
"18/09/2022";"09:37:00";"369";"ac02 - Aci";"105";"BR-050/GO";"Sul";"Queda de Moto";0;0;0;1;0;0;0;0;0;0;0;0;1;0;0
"19/09/2022";"01:52:00";"18";"ac02 - Aci";"29.7";"BR-050/MG";"Norte";"Queda de veículo em ribanceira, ponte ou viaduto";0;0;1;0;0;0;0;0;0;0;0;0;1;0;0
"19/09/2022";"08:39:00";"97";"ac03 - Aci";"77.3";"BR-050/MG";"Sul";"Colisão Traseira";2;0;0;0;0;0;0;0;0;0;8;0;0;0;0
"19/09/2022";"03:37:00";"269";"ac03 - Aci";"126.6";"BR-050/MG";"Sul";"Engavetamento";1;0;0;0;0;0;0;0;0;2;12;0;0;0;0
"19/09/2022";"05:12:00";"314";"ac03 - Aci";"41.35";"BR-050/MG";"Norte";"Choque - Meio fio";1;0;0;0;0;0;0;0;0;0;1;0;0;0;0
"20/09/2022";"05:40:00";"23";"ac03 - Aci";"27.9";"BR-050/MG";"Sul";"Choque - Meio fio";0;0;0;0;0;0;0;0;0;1;5;0;0;0;0
"20/09/2022";"07:11:00";"36";"ac03 - Aci";"96.3";"BR-050/MG";"Norte";"Colisão Traseira";0;0;2;0;0;0;0;0;0;0;3;0;0;0;0
"20/09/2022";"08:02:00";"60";"ac02 - Aci";"140.16";"BR-050/MG";"Sul";"Capotamento";1;0;0;0;0;0;0;0;0;0;0;1;0;0;0
"20/09/2022";"02:23:00";"195";"ac02 - Aci";"268.4";"BR-050/GO";"Norte";"Choque - Arvore";1;0;0;0;0;0;0;0;0;0;0;1;0;0;0
"20/09/2022";"02:56:00";"202";"ac02 - Aci";"186";"BR-050/MG";"Sul";"Choque - New jersey";0;0;0;0;0;0;0;0;0;1;0;1;0;0;0
"21/09/2022";"07:55:00";"74";"ac03 - Aci";"19.66";"BR-050/MG";"Sul";"Choque - Elemento de Drenagem";0;0;1;0;0;0;0;0;0;0;1;0;0;0;0
"21/09/2022";"09:14:00";"107";"ac03 - Aci";"98.85";"BR-050/GO";"Sul";"Colisão Transversal";1;0;0;0;0;0;0;0;0;1;2;0;0;0;0
"21/09/2022";"11:05:00";"152";"ac03 - Aci";"40";"BR-050/MG";"Norte";"Colisão Traseira";0;0;0;0;0;1;0;0;0;2;3;0;0;0;0
"21/09/2022";"11:45:00";"175";"ac03 - Aci";"180";"BR-050/MG";"Sul";"Choque - New jersey";0;0;1;0;0;0;0;0;0;0;2;0;0;0;0
"21/09/2022";"02:35:00";"234";"ac03 - Aci";"62.4";"BR-050/MG";"Norte";"Tombamento";0;0;0;0;0;0;0;0;0;1;2;0;0;0;0
"21/09/2022";"03:44:00";"253";"ac02 - Aci";"21.45";"CT-UDI-MG";"Norte";"Atropelamento - Funcionário";0;0;0;1;0;0;0;0;0;0;0;2;0;0;0
"21/09/2022";"05:28:00";"296";"ac02 - Aci";"170.35";"BR-050/MG";"Sul";"Colisão Traseira";1;0;1;0;0;0;0;0;0;0;1;1;0;0;0
"21/09/2022";"07:13:00";"331";"ac02 - Aci";"148.5";"BR-050/MG";"Norte";"Colisão lateral no sentido contrário";1;0;1;0;0;0;0;0;0;0;1;1;0;0;0
"21/09/2022";"07:26:00";"336";"ac02 - Aci";"176";"BR-050/MG";"Norte";"Colisão lateral no mesmo sentido";0;1;0;1;0;0;0;0;0;0;0;2;0;0;0
"21/09/2022";"09:51:00";"376";"ac03 - Aci";"0.8";"BR-050/MG";"Norte";"Choque - Elemento de Drenagem";0;0;0;0;0;0;0;0;0;1;3;0;0;0;0
"22/09/2022";"02:05:00";"10";"ac03 - Aci";"29.8";"BR-050/MG";"Norte";"Choque - Elemento de Drenagem";1;0;0;0;0;0;0;0;0;0;1;0;0;0;0
"22/09/2022";"06:54:00";"58";"ac03 - Aci";"271.8";"BR-050/GO";"Norte";"Choque - Elemento de Drenagem";1;0;0;0;0;0;0;0;0;0;1;0;0;0;0
"22/09/2022";"08:10:00";"93";"ac02 - Aci";"29.8";"BR-050/MG";"Norte";"Choque - Meio fio";1;0;0;0;0;0;0;0;0;0;0;1;0;0;0
"22/09/2022";"10:42:00";"172";"ac03 - Aci";"29.82";"BR-050/MG";"Sul";"Choque - Defensa metálica";1;0;0;0;0;0;0;0;0;0;1;0;0;0;0
"22/09/2022";"11:02:00";"182";"ac03 - Aci";"276.4";"BR-050/GO";"Norte";"Choque - Sinalização";0;0;1;0;0;0;0;0;0;0;1;0;0;0;0
"22/09/2022";"01:41:00";"236";"ac03 - Aci";"157";"BR-050/MG";"Norte";"Choque - Defensa metálica";0;0;1;0;0;0;0;0;0;0;2;0;0;0;0
"22/09/2022";"01:54:00";"241";"ac03 - Aci";"157.1";"BR-050/MG";"Norte";"Queda de Moto";0;0;0;1;0;0;0;0;0;0;0;0;0;0;0
"22/09/2022";"05:31:00";"309";"ac03 - Aci";"283";"BR-050/GO";"Norte";"Colisão Transversal";1;0;0;0;0;0;0;0;0;1;4;0;0;0;0
"22/09/2022";"06:39:00";"325";"ac03 - Aci";"7.05";"CT-UDI-MG";"Sul";"Colisão Traseira";1;0;1;0;0;0;0;0;0;0;2;0;0;0;0
"22/09/2022";"07:07:00";"335";"ac03 - Aci";"282.8";"BR-050/GO";"Sul";"Colisão Transversal";1;0;0;0;0;1;0;0;0;0;2;0;0;0;0
"23/09/2022";"03:21:00";"240";"ac02 - Aci";"172.1";"BR-050/MG";"Norte";"Colisão lateral no mesmo sentido";1;0;0;0;0;1;0;0;0;0;0;1;0;0;0
"23/09/2022";"04:33:00";"261";"ac03 - Aci";"99.3";"BR-050/GO";"Norte";"Colisão Transversal";0;0;0;1;0;0;0;0;0;1;2;0;0;0;0
"23/09/2022";"05:54:00";"284";"ac02 - Aci";"32.05";"BR-050/MG";"Norte";"Capotamento";1;0;0;0;0;0;0;0;0;0;0;1;0;0;0
"23/09/2022";"06:21:00";"288";"ac03 - Aci";"243.5";"BR-050/GO";"Norte";"Choque - Elemento de Drenagem";1;0;0;0;0;0;0;0;0;0;0;0;0;0;0
"23/09/2022";"07:27:00";"303";"ac02 - Aci";"156.5";"BR-050/MG";"Norte";"Capotamento";1;0;0;0;0;0;0;0;0;0;0;1;0;0;0
"23/09/2022";"07:57:00";"314";"ac03 - Aci";"156.3";"BR-050/MG";"Norte";"Colisão Traseira";0;0;2;0;0;0;0;0;0;0;2;0;0;0;0
"24/09/2022";"01:05:00";"9";"ac02 - Aci";"183.2";"BR-050/MG";"Sul";"Atropelamento de Animal";1;0;0;0;0;0;0;0;0;0;0;2;0;0;0
"24/09/2022";"01:18:00";"10";"ac02 - Aci";"183.2";"BR-050/MG";"Sul";"Atropelamento de Animal";0;0;0;0;0;0;0;0;0;1;0;2;0;0;0
"24/09/2022";"11:04:00";"155";"ac02 - Aci";"128";"BR-050/GO";"Norte";"Choque - Defensa metálica";0;0;1;0;0;0;0;0;0;0;0;1;0;0;0
"24/09/2022";"11:30:00";"165";"ac02 - Aci";"278.6";"BR-050/GO";"Norte";"Colisão Transversal";2;0;1;0;0;0;0;0;0;0;5;1;0;0;0
"24/09/2022";"05:17:00";"297";"ac02 - Aci";"148.2";"BR-050/MG";"Sul";"Capotamento";1;0;0;0;0;0;0;0;0;0;0;1;2;0;0
"24/09/2022";"08:16:00";"337";"ac02 - Aci";"204.5";"BR-050/MG";"Norte";"Queda de Moto";0;0;0;1;0;0;0;0;0;0;0;1;0;0;0
"24/09/2022";"09:02:00";"346";"ac02 - Aci";"97.5";"BR-050/MG";"Norte";"Colisão lateral no mesmo sentido";0;0;1;0;0;0;0;0;0;1;4;2;0;0;0
"25/09/2022";"01:40:00";"15";"ac03 - Aci";"148.8";"BR-050/MG";"Sul";"Choque - Elemento de Drenagem";1;0;0;0;0;0;0;0;0;0;1;0;0;0;0
"25/09/2022";"04:22:00";"30";"ac03 - Aci";"170.1";"BR-050/MG";"Norte";"Choque - Meio fio";1;0;0;0;0;0;0;0;0;0;1;0;0;0;0
"25/09/2022";"09:54:00";"91";"ac03 - Aci";"99.5";"BR-050/MG";"Sul";"Tombamento";1;0;0;0;0;0;0;0;0;0;1;0;0;0;0
"25/09/2022";"10:13:00";"97";"ac03 - Aci";"54";"BR-050/MG";"Sul";"Choque - Elemento de Drenagem";0;0;1;0;0;0;0;0;0;0;1;0;0;0;0
"25/09/2022";"03:27:00";"170";"ac03 - Aci";"80";"BR-050/MG";"Sul";"Choque - Defensa metálica";1;0;0;0;0;0;0;0;0;0;2;0;0;0;0
"25/09/2022";"06:42:00";"227";"ac02 - Aci";"21.3";"CT-UDI-MG";"Sul";"Queda de Moto";0;0;0;1;0;0;0;0;0;0;0;2;0;0;0
"26/09/2022";"05:54:00";"30";"ac02 - Aci";"175";"BR-050/MG";"Sul";"Capotamento";1;0;0;0;0;1;0;0;0;0;0;0;1;0;0
"26/09/2022";"11:51:00";"375";"ac03 - Aci";"156.3";"BR-050/MG";"Norte";"Choque - Defensa metálica";1;0;0;0;0;0;0;0;0;0;2;0;0;0;0
"27/09/2022";"05:22:00";"24";"ac03 - Aci";"119";"BR-050/GO";"Norte";"Colisão Traseira";0;0;1;0;0;1;0;0;0;0;1;0;0;0;0
"27/09/2022";"06:26:00";"32";"ac03 - Aci";"61.05";"BR-050/MG";"Norte";"Colisão Traseira";1;0;1;0;0;0;0;0;0;0;3;0;0;0;0
"27/09/2022";"07:17:00";"50";"ac02 - Aci";"273";"BR-050/GO";"Sul";"Queda de Moto";0;0;0;1;0;0;0;0;0;0;0;1;0;0;0
"27/09/2022";"09:01:00";"88";"ac02 - Aci";"158.9";"BR-050/MG";"Norte";"Capotamento";1;0;0;0;0;0;0;0;0;0;0;1;0;0;0
"27/09/2022";"10:12:00";"128";"ac03 - Aci";"38";"BR-050/MG";"Norte";"Colisão lateral no mesmo sentido";1;0;1;0;0;0;0;0;0;0;3;0;0;0;0
"27/09/2022";"02:59:00";"218";"ac02 - Aci";"60.1";"BR-050/MG";"Norte";"Tombamento";0;0;1;0;0;0;0;0;0;0;0;2;0;0;0
"27/09/2022";"09:41:00";"318";"ac03 - Aci";"147.9";"BR-050/MG";"Sul";"Objeto lançado contra veículo";0;0;0;0;0;0;0;0;0;1;2;0;0;0;0
"28/09/2022";"09:59:00";"364";"ac02 - Aci";"56";"BR-050/MG";"Norte";"Choque - Defensa metálica";0;0;1;0;0;0;0;0;0;0;0;1;0;0;0