data;horario;n_da_ocorrencia;tipo_de_ocorrencia;km;trecho;sentido;tipo_de_acidente;automovel;bicicleta;caminhao;moto;onibus;outros;tracao_animal;transporte_de_cargas_especiais;trator_maquinas;utilitarios;ilesos;levemente_feridos;moderadamente_feridos;gravemente_feridos;mortos
"29/09/2022";"08:13:00";"83";"ac03 - Aci";"132";"BR-050/MG";"Norte";"Colisão lateral no mesmo sentido";1;0;1;0;0;0;0;0;0;0;4;0;0;0;0
"29/09/2022";"03:12:00";"253";"ac03 - Aci";"0.3";"BR-050/MG";"Norte";"Colisão lateral no sentido contrário";0;0;2;0;0;0;0;0;0;0;2;0;0;0;0
"29/09/2022";"06:11:00";"301";"ac02 - Aci";"305.36";"BR-050/GO";"Norte";"Colisão Traseira";1;0;0;0;0;1;0;0;0;0;1;1;0;0;0
"29/09/2022";"07:01:00";"315";"ac02 - Aci";"99";"BR-050/GO";"Sul";"Colisão Transversal";2;0;0;0;0;0;0;0;0;0;0;2;0;0;0
"30/09/2022";"08:04:00";"81";"ac02 - Aci";"19.97";"CT-UDI-MG";"Sul";"Colisão lateral no mesmo sentido";1;0;1;0;0;0;0;0;0;0;1;1;0;0;0
"30/09/2022";"06:02:00";"334";"ac02 - Aci";"163.9";"BR-050/MG";"Sul";"Colisão Traseira";0;0;2;0;0;0;0;0;0;0;1;0;1;0;0
"01/10/2022";"04:38:00";"26";"ac01 - Aci";"65";"BR-050/MG";"Sul";"Atropelamento - Pedestre";0;0;0;0;0;1;0;0;0;0;0;0;0;0;1
"01/10/2022";"04:52:00";"28";"ac01 - Aci";"277";"BR-050/GO";"Norte";"Colisão Frontal";1;0;1;0;0;0;0;0;0;0;3;0;0;1;1
"01/10/2022";"06:32:00";"36";"ac03 - Aci";"177.2";"BR-050/MG";"Sul";"Choque - Defensa metálica";1;0;0;0;0;0;0;0;0;0;1;0;0;0;0
"01/10/2022";"03:38:00";"243";"ac02 - Aci";"117.1";"BR-050/GO";"Sul";"Queda de Moto";0;0;0;1;0;0;0;0;0;0;0;1;0;0;0
"01/10/2022";"10:26:00";"342";"ac03 - Aci";"156";"BR-050/GO";"Norte";"Choque - Outros";0;0;1;0;0;1;0;0;0;0;1;0;0;0;0
"01/10/2022";"10:31:00";"343";"ac02 - Aci";"280.3";"BR-050/GO";"Norte";"Queda de Moto";0;0;0;1;0;0;0;0;0;0;0;1;0;0;0
"02/10/2022";"12:50:00";"139";"ac03 - Aci";"256.6";"BR-050/GO";"Norte";"Choque - Talude ou Barranco";1;0;0;0;0;0;0;0;0;0;3;0;0;0;0
"02/10/2022";"01:17:00";"152";"ac02 - Aci";"99.2";"BR-050/GO";"Sul";"Colisão Traseira";0;0;1;1;0;0;0;0;0;0;1;1;0;0;0
"02/10/2022";"01:30:00";"159";"ac03 - Aci";"51.5";"BR-050/MG";"Sul";"Colisão Traseira";2;0;0;0;0;0;0;0;0;0;4;0;0;0;0
"02/10/2022";"09:54:00";"283";"ac02 - Aci";"203.5";"BR-050/MG";"Norte";"Queda de Moto";0;0;0;1;0;0;0;0;0;0;0;0;0;1;0
"03/10/2022";"04:37:00";"33";"ac02 - Aci";"78.35";"BR-050/MG";"Sul";"Atropelamento de Animal";0;0;0;0;0;0;0;0;0;1;2;1;0;0;0
"03/10/2022";"07:56:00";"74";"ac03 - Aci";"196.95";"BR-050/GO";"Sul";"Choque - Elemento de Drenagem";1;0;0;0;0;0;0;0;0;0;3;0;0;0;0
"03/10/2022";"02:32:00";"233";"ac03 - Aci";"163.95";"BR-050/MG";"Sul";"Engavetamento";0;0;0;0;0;1;0;0;0;2;4;0;0;0;0
"03/10/2022";"07:11:00";"307";"ac03 - Aci";"182.96";"BR-050/GO";"Sul";"Atropelamento de Animal";0;0;0;0;0;0;0;0;0;1;1;0;0;0;0
"03/10/2022";"09:18:00";"338";"ac03 - Aci";"161";"BR-050/MG";"Norte";"Choque - Elemento de Drenagem";0;0;1;0;0;0;0;0;0;0;1;0;0;0;0
"04/10/2022";"01:36:00";"17";"ac03 - Aci";"148";"BR-050/MG";"Sul";"Choque - Elemento de Drenagem";1;0;0;0;0;0;0;0;0;0;1;0;0;0;0
"04/10/2022";"01:52:00";"21";"ac02 - Aci";"194.3";"BR-050/MG";"Sul";"Tombamento";0;0;0;1;1;0;0;0;0;0;16;2;4;0;0
"04/10/2022";"06:00:00";"42";"ac03 - Aci";"191.8";"BR-050/MG";"Sul";"Choque - Elemento de Drenagem";0;0;1;0;0;0;0;0;0;0;2;0;0;0;0
"04/10/2022";"09:27:00";"143";"ac03 - Aci";"180.8";"BR-050/MG";"Norte";"Choque - Veiculo parado no acostamento";1;0;0;0;0;0;0;0;0;1;2;0;0;0;0
"04/10/2022";"01:18:00";"247";"ac03 - Aci";"226";"BR-050/GO";"Sul";"Colisão Traseira";0;0;0;0;0;2;0;0;0;0;0;0;0;0;0
"04/10/2022";"02:16:00";"275";"ac02 - Aci";"299.85";"BR-050/GO";"Norte";"Capotamento";1;0;0;0;0;0;0;0;0;0;1;2;0;0;0
"04/10/2022";"03:40:00";"307";"ac02 - Aci";"231.75";"BR-050/GO";"Norte";"Capotamento";1;0;0;0;0;0;0;0;0;0;0;3;0;0;0
"04/10/2022";"10:06:00";"416";"ac03 - Aci";"98";"BR-050/GO";"Norte";"Atropelamento de Animal";0;0;1;0;0;0;0;0;0;0;1;0;0;0;0
"04/10/2022";"10:11:00";"418";"ac03 - Aci";"176";"BR-050/GO";"Sul";"Atropelamento de Animal";0;0;0;0;0;0;0;0;0;1;1;0;0;0;0
"04/10/2022";"10:36:00";"422";"ac03 - Aci";"42.19";"BR-050/MG";"Sul";"Choque - Defensa metálica";0;0;0;0;0;0;0;0;0;1;5;0;0;0;0
"05/10/2022";"12:05:00";"1";"ac03 - Aci";"175.3";"BR-050/MG";"Sul";"Choque - Meio fio";0;0;0;0;0;0;0;0;0;1;2;0;0;0;0
"05/10/2022";"02:52:00";"19";"ac03 - Aci";"16";"BR-050/MG";"Norte";"Choque - Elemento de Drenagem";1;0;0;0;0;0;0;0;0;0;2;0;0;0;0
"05/10/2022";"11:16:00";"445";"ac02 - Aci";"171.5";"BR-050/MG";"Sul";"Capotamento";1;0;0;0;0;0;0;0;0;0;0;1;0;0;0
"06/10/2022";"06:10:00";"34";"ac03 - Aci";"92.8";"BR-050/MG";"Norte";"Colisão Traseira";0;0;2;0;0;0;0;0;0;0;2;0;0;0;0
"06/10/2022";"08:26:00";"89";"ac03 - Aci";"177.9";"BR-050/MG";"Norte";"Engavetamento";1;0;0;0;0;1;0;0;0;2;4;0;0;0;0
"06/10/2022";"07:07:00";"392";"ac02 - Aci";"145.3";"BR-050/GO";"Norte";"Atropelamento de Animal";0;0;0;0;0;0;0;0;0;1;0;1;0;0;0
"06/10/2022";"07:31:00";"404";"ac02 - Aci";"97.1";"BR-050/GO";"Norte";"Colisão Transversal";0;0;0;1;0;0;0;0;0;1;3;1;0;0;0
"06/10/2022";"10:24:00";"448";"ac03 - Aci";"98";"BR-050/GO";"Norte";"Atropelamento de Animal";1;0;0;0;0;0;0;0;0;0;1;0;0;0;0
"06/10/2022";"10:29:00";"450";"ac03 - Aci";"15.35";"CT-UDI-MG";"Norte";"Choque - Defensa metálica";1;0;0;0;0;0;0;0;0;0;1;0;0;0;0
"07/10/2022";"02:49:00";"231";"ac03 - Aci";"27.74";"BR-050/MG";"Sul";"Choque - Defensa metálica";1;0;0;0;0;0;0;0;0;0;1;0;0;0;0
"07/10/2022";"03:12:00";"239";"ac03 - Aci";"250.8";"BR-050/GO";"Norte";"Capotamento";1;0;0;0;0;0;0;0;0;0;1;0;0;0;0
"07/10/2022";"04:17:00";"264";"ac02 - Aci";"250.8";"BR-050/GO";"Sul";"Atropelamento - Pedestre";1;0;0;0;0;0;0;0;0;0;4;0;1;0;0
"07/10/2022";"05:57:00";"295";"ac03 - Aci";"17.5";"BR-050/MG";"Norte";"Colisão Traseira";1;0;1;0;0;0;0;0;0;0;3;0;0;0;0
"07/10/2022";"06:28:00";"303";"ac03 - Aci";"125";"BR-050/GO";"Norte";"Choque - Elemento de Drenagem";1;0;0;0;0;0;0;0;0;0;1;0;0;0;0
"07/10/2022";"08:24:00";"335";"ac02 - Aci";"106";"BR-050/GO";"Norte";"Capotamento";1;0;0;0;0;0;0;0;0;0;1;1;0;0;0
"07/10/2022";"09:35:00";"351";"ac03 - Aci";"87.9";"BR-050/MG";"Sul";"Choque - Objeto sobre a pista";1;0;0;0;0;0;0;0;0;0;3;0;0;0;0
"08/10/2022";"07:12:00";"58";"ac02 - Aci";"29.7";"BR-050/MG";"Norte";"Colisão Traseira";1;0;0;0;0;1;0;0;0;0;0;1;0;0;0
"08/10/2022";"07:58:00";"78";"ac03 - Aci";"51.7";"BR-050/MG";"Sul";"Colisão Traseira";2;0;0;0;0;0;0;0;0;0;4;0;0;0;0
"08/10/2022";"02:10:00";"269";"ac03 - Aci";"28.6";"BR-050/MG";"Norte";"Choque - Talude ou Barranco";0;0;0;0;0;0;0;0;0;1;1;0;0;0;0
"08/10/2022";"07:17:00";"378";"ac03 - Aci";"252";"BR-050/GO";"Norte";"Colisão Frontal";1;0;1;0;0;0;0;0;0;0;2;0;0;0;0
"09/10/2022";"07:09:00";"52";"ac03 - Aci";"282.8";"BR-050/GO";"Norte";"Choque - Outros";1;0;0;0;0;0;0;0;0;0;1;0;0;0;0
"09/10/2022";"05:43:00";"254";"ac03 - Aci";"173.3";"BR-050/MG";"Sul";"Choque - New jersey";1;0;0;1;0;0;0;0;0;0;1;0;0;0;0
"09/10/2022";"07:46:00";"290";"ac03 - Aci";"95.7";"BR-050/GO";"Norte";"Colisão lateral no mesmo sentido";0;0;1;0;0;1;0;0;0;0;2;0;0;0;0
"10/10/2022";"05:59:00";"22";"ac03 - Aci";"1";"BR-050/MG";"Norte";"Choque - Meio fio";1;0;0;0;0;0;0;0;0;0;1;0;0;0;0
"10/10/2022";"07:05:00";"35";"ac02 - Aci";"179.39";"BR-050/MG";"Sul";"Queda de Moto";0;0;0;1;0;0;0;0;0;0;0;0;1;0;0
"11/10/2022";"07:08:00";"53";"ac03 - Aci";"280.95";"BR-050/GO";"Norte";"Colisão Transversal";1;0;1;0;0;0;0;0;0;0;2;0;0;0;0
"11/10/2022";"08:50:00";"82";"ac03 - Aci";"178.3";"BR-050/MG";"Norte";"Colisão Traseira";0;0;2;0;0;0;0;0;0;0;2;0;0;0;0
"11/10/2022";"06:21:00";"304";"ac02 - Aci";"161";"BR-050/MG";"Sul";"Capotamento";1;0;0;0;0;0;0;0;0;0;0;0;1;0;0
"12/10/2022";"03:16:00";"33";"ac03 - Aci";"162";"BR-050/MG";"Norte";"Tombamento";0;0;1;0;0;0;0;0;0;0;1;0;0;0;0
"12/10/2022";"07:27:00";"352";"ac03 - Aci";"235.5";"BR-050/GO";"Sul";"Choque - Sinalização";1;0;0;0;0;0;0;0;0;0;3;0;0;0;0
"12/10/2022";"08:22:00";"371";"ac02 - Aci";"106.18";"BR-050/GO";"Norte";"Choque - Elemento de Drenagem";0;0;1;0;0;0;0;0;0;0;0;1;0;0;0
"13/10/2022";"12:21:00";"2";"ac03 - Aci";"161.8";"BR-050/MG";"Norte";"Choque - Sinalização";0;0;1;0;0;0;0;0;0;0;1;0;0;0;0
"13/10/2022";"02:20:00";"241";"ac02 - Aci";"57.4";"BR-050/MG";"Norte";"Choque - Elemento de Drenagem";1;0;0;0;0;0;0;0;0;0;0;1;0;0;0
"13/10/2022";"07:10:00";"366";"ac02 - Aci";"174";"BR-050/MG";"Sul";"Atropelamento - Pedestre";1;0;0;0;0;0;0;0;0;0;3;0;1;0;0
"13/10/2022";"09:55:00";"413";"ac02 - Aci";"92.25";"BR-050/MG";"Norte";"Choque - Elemento de Drenagem";0;0;0;0;0;0;0;0;0;1;1;0;1;0;0
"14/10/2022";"08:57:00";"85";"ac03 - Aci";"114.15";"BR-050/MG";"Norte";"Colisão Traseira";1;0;1;0;0;0;0;0;0;0;4;0;0;0;0
"14/10/2022";"12:54:00";"177";"ac02 - Aci";"61.06";"BR-050/MG";"Norte";"Queda de Moto";0;0;0;1;0;0;0;0;0;0;0;1;0;0;0
"15/10/2022";"09:48:00";"117";"ac03 - Aci";"60.8";"BR-050/MG";"Sul";"Choque - Elemento de Drenagem";0;0;0;0;0;0;0;0;0;1;1;0;0;0;0
"15/10/2022";"10:51:00";"141";"ac03 - Aci";"85.3";"BR-050/MG";"Sul";"Colisão Traseira";0;0;2;0;0;0;0;0;0;0;2;0;0;0;0
"15/10/2022";"01:43:00";"189";"ac03 - Aci";"58.95";"BR-050/MG";"Sul";"Choque - Elemento de Drenagem";1;0;0;0;0;0;0;0;0;0;1;0;0;0;0
"15/10/2022";"03:59:00";"231";"ac03 - Aci";"51.3";"BR-050/MG";"Sul";"Colisão Traseira";2;0;0;0;0;0;0;0;0;0;5;0;0;0;0
"15/10/2022";"06:39:00";"290";"ac03 - Aci";"80.8";"BR-050/MG";"Sul";"Choque - Defensa metálica";1;0;0;0;0;0;0;0;0;0;1;0;0;0;0
"15/10/2022";"06:50:00";"293";"ac03 - Aci";"311.8";"BR-050/GO";"Sul";"Choque - Meio fio";1;0;0;0;0;0;0;0;0;0;1;0;0;0;0
"16/10/2022";"12:29:00";"182";"ac02 - Aci";"16.8";"CT-UDI-MG";"Sul";"Engavetamento";2;0;0;0;0;2;0;0;0;0;4;0;1;0;0
"16/10/2022";"05:06:00";"272";"ac03 - Aci";"154";"BR-050/MG";"Sul";"Choque - Elemento de Drenagem";1;0;0;0;0;0;0;0;0;0;1;0;0;0;0
"16/10/2022";"07:28:00";"318";"ac03 - Aci";"51.8";"BR-050/MG";"Sul";"Colisão Transversal";1;0;0;0;0;1;0;0;0;0;3;0;0;0;0
"16/10/2022";"08:01:00";"325";"ac02 - Aci";"206.5";"BR-050/MG";"Norte";"Colisão Traseira";0;0;0;2;0;0;0;0;0;0;0;0;2;0;0
"16/10/2022";"10:31:00";"363";"ac02 - Aci";"106.8";"BR-050/MG";"Norte";"Tombamento";0;0;1;0;0;0;0;0;0;0;0;0;1;0;0
"17/10/2022";"01:29:00";"8";"ac03 - Aci";"176.2";"BR-050/GO";"Sul";"Colisão Traseira";0;0;1;0;1;0;0;0;0;0;3;0;0;0;0
"17/10/2022";"10:42:00";"191";"ac03 - Aci";"105";"BR-050/MG";"Sul";"Choque - Veiculo parado no acostamento";1;0;1;0;0;0;0;0;0;0;2;0;0;0;0
"18/10/2022";"06:48:00";"44";"ac03 - Aci";"18.4";"CT-UDI-MG";"Norte";"Colisão Traseira";1;1;0;0;0;0;0;0;0;0;2;0;0;0;0
"18/10/2022";"06:58:00";"50";"ac02 - Aci";"171";"BR-050/MG";"Norte";"Colisão Traseira";1;0;0;1;0;0;0;0;0;0;1;1;0;0;0
"18/10/2022";"10:19:00";"158";"ac03 - Aci";"171.7";"BR-050/MG";"Norte";"Engavetamento";1;0;1;0;1;0;0;0;0;1;38;0;0;0;0
"18/10/2022";"05:05:00";"317";"ac03 - Aci";"280.5";"BR-050/GO";"Sul";"Colisão Traseira";0;0;1;1;0;0;0;0;0;0;3;0;0;0;0
"18/10/2022";"06:09:00";"335";"ac03 - Aci";"279";"BR-050/GO";"Norte";"Colisão Traseira";0;0;1;0;0;0;0;0;0;1;2;0;0;0;0
"18/10/2022";"10:27:00";"390";"ac02 - Aci";"274.12";"BR-050/GO";"Norte";"Colisão Traseira";1;0;1;0;0;0;0;0;0;0;1;0;1;0;0
"19/10/2022";"09:11:00";"112";"ac03 - Aci";"97.16";"BR-050/GO";"Sul";"Colisão Traseira";0;0;1;0;0;1;0;0;0;0;0;0;0;0;0
"19/10/2022";"11:59:00";"183";"ac01 - Aci";"176.95";"BR-050/MG";"Norte";"Atropelamento - Pedestre";0;0;1;0;0;0;0;0;0;0;1;0;0;0;1
"19/10/2022";"03:50:00";"271";"ac03 - Aci";"55.5";"BR-050/MG";"Norte";"Tombamento";0;0;1;0;0;0;0;0;0;0;1;0;0;0;0
"19/10/2022";"03:53:00";"273";"ac03 - Aci";"243.4";"BR-050/GO";"Norte";"Choque - Elemento de Drenagem";1;0;0;0;0;0;0;0;0;0;1;0;0;0;0
"19/10/2022";"04:04:00";"282";"ac03 - Aci";"13.7";"BR-050/MG";"Norte";"Choque - Sinalização";1;0;1;0;0;0;0;0;0;0;2;0;0;0;0
"19/10/2022";"04:42:00";"299";"ac03 - Aci";"154";"BR-050/GO";"Sul";"Colisão lateral no mesmo sentido";0;0;1;0;0;0;0;0;0;1;5;0;0;0;0
"19/10/2022";"09:27:00";"379";"ac03 - Aci";"192.5";"BR-050/MG";"Sul";"Colisão Traseira";0;0;2;0;0;0;0;0;0;0;2;0;0;0;0
"20/10/2022";"04:50:00";"28";"ac02 - Aci";"3.5";"BR-050/MG";"Sul";"Colisão Traseira";0;0;2;0;0;0;0;0;0;0;1;0;1;0;0
"20/10/2022";"07:27:00";"66";"ac02 - Aci";"192.88";"BR-050/GO";"Norte";"Capotamento";0;0;1;0;0;0;0;0;0;0;0;0;0;1;0
"20/10/2022";"11:23:00";"197";"ac02 - Aci";"157";"BR-050/MG";"Norte";"Tombamento";0;0;1;0;0;0;0;0;0;0;0;0;1;0;0
"20/10/2022";"02:44:00";"272";"ac03 - Aci";"157.7";"BR-050/MG";"Norte";"Colisão Traseira";0;0;1;0;0;0;0;0;0;1;3;0;0;0;0
"20/10/2022";"07:39:00";"364";"ac03 - Aci";"167";"BR-050/MG";"Norte";"Choque - New jersey";1;0;0;0;0;0;0;0;0;0;4;0;0;0;0
"20/10/2022";"10:21:00";"396";"ac02 - Aci";"182";"BR-050/MG";"Norte";"Colisão Traseira";1;0;0;0;0;0;0;0;0;1;1;1;0;0;0
"21/10/2022";"01:06:00";"4";"ac03 - Aci";"207";"BR-050/MG";"Norte";"Choque - Sinalização";0;0;1;0;0;0;0;0;0;0;1;0;0;0;0
"21/10/2022";"01:42:00";"8";"ac02 - Aci";"173";"BR-050/MG";"Norte";"Tombamento";0;0;1;0;0;0;0;0;0;0;0;1;0;0;0
"21/10/2022";"05:18:00";"23";"ac03 - Aci";"35.3";"BR-050/MG";"Norte";"Choque - Elemento de Drenagem";1;0;0;0;0;0;0;0;0;0;2;0;0;0;0
"21/10/2022";"06:19:00";"35";"ac02 - Aci";"206.5";"BR-050/MG";"Sul";"Choque - Meio fio";0;0;1;0;0;0;0;0;0;0;0;1;0;0;0
"21/10/2022";"06:53:00";"51";"ac03 - Aci";"173.6";"BR-050/MG";"Norte";"Engavetamento";2;0;0;0;0;1;0;0;0;0;3;0;0;0;0
"21/10/2022";"08:26:00";"97";"ac02 - Aci";"39.65";"BR-050/MG";"Sul";"Choque - Defensa metálica";0;0;0;0;0;0;0;0;0;1;0;1;0;0;0
"21/10/2022";"09:54:00";"135";"ac03 - Aci";"16.96";"BR-050/MG";"Sul";"Choque - Elemento de Drenagem";0;0;0;0;0;0;0;0;0;1;2;0;0;0;0
"21/10/2022";"12:04:00";"185";"ac03 - Aci";"198.06";"BR-050/MG";"Norte";"Colisão Traseira";1;0;1;0;0;0;0;0;0;0;3;0;0;0;0
"21/10/2022";"12:52:00";"196";"ac03 - Aci";"280.5";"BR-050/GO";"Sul";"Colisão lateral no mesmo sentido";0;0;1;0;0;0;0;0;0;1;2;0;0;0;0
"22/10/2022";"08:54:00";"334";"ac03 - Aci";"128.8";"BR-050/MG";"Sul";"Tombamento";0;0;1;0;0;0;0;0;0;0;1;0;0;0;0
"22/10/2022";"10:26:00";"361";"ac02 - Aci";"7";"BR-050/MG";"Sul";"Choque - Elemento de Drenagem";0;0;0;0;0;0;0;0;0;1;0;1;0;0;0
"23/10/2022";"01:04:00";"10";"ac03 - Aci";"7";"CT-UDI-MG";"Sul";"Choque - Elemento de Drenagem";1;0;0;0;0;0;0;0;0;0;1;0;0;0;0
"23/10/2022";"02:44:00";"16";"ac03 - Aci";"128";"BR-050/GO";"Norte";"Choque - Elemento de Drenagem";1;0;0;0;0;0;0;0;0;0;1;0;0;0;0
"23/10/2022";"05:42:00";"32";"ac03 - Aci";"214.5";"BR-050/GO";"Sul";"Choque - Outros";0;0;1;0;0;0;0;0;0;0;2;0;0;0;0
"23/10/2022";"12:03:00";"165";"ac02 - Aci";"87.8";"BR-050/MG";"Norte";"Capotamento";1;0;0;0;0;0;0;0;0;0;0;2;2;0;0
"23/10/2022";"12:17:00";"169";"ac03 - Aci";"60.26";"BR-050/MG";"Sul";"Choque - Talude ou Barranco";1;0;0;0;0;0;0;0;0;0;1;0;0;0;0
"23/10/2022";"03:46:00";"229";"ac02 - Aci";"192.3";"BR-050/MG";"Sul";"Choque - Meio fio";0;0;0;0;0;0;0;0;0;1;1;1;0;0;0
"24/10/2022";"09:06:00";"143";"ac02 - Aci";"175.6";"BR-050/GO";"Norte";"Choque - Talude ou Barranco";1;0;0;0;0;0;0;0;0;0;2;1;0;0;0
"24/10/2022";"11:49:00";"224";"ac03 - Aci";"106.6";"BR-050/MG";"Norte";"Choque - Sinalização";0;0;1;0;0;0;0;0;0;0;1;0;0;0;0
"24/10/2022";"03:39:00";"311";"ac02 - Aci";"54.4";"BR-050/MG";"Sul";"Tombamento";0;0;1;0;0;0;0;0;0;0;0;1;1;0;0
"24/10/2022";"04:59:00";"343";"ac03 - Aci";"156";"BR-050/MG";"Norte";"Colisão Traseira";0;0;0;0;0;0;0;0;0;2;3;0;0;0;0
"24/10/2022";"05:12:00";"349";"ac03 - Aci";"151.9";"BR-050/MG";"Sul";"Queda de veículo em ribanceira, ponte ou viaduto";1;0;0;0;0;0;0;0;0;0;1;0;0;0;0
"24/10/2022";"05:21:00";"353";"ac02 - Aci";"59";"BR-050/MG";"Sul";"Colisão Traseira";0;0;1;0;0;0;0;0;0;1;1;0;1;0;0
"25/10/2022";"02:15:00";"22";"ac02 - Aci";"101";"BR-050/MG";"Norte";"Capotamento";0;0;1;0;0;0;0;0;0;0;0;0;0;1;0
"25/10/2022";"12:51:00";"223";"ac02 - Aci";"169.15";"BR-050/MG";"Norte";"Engavetamento";1;0;2;0;0;0;0;0;0;0;1;0;1;1;0
"25/10/2022";"01:44:00";"238";"ac02 - Aci";"7";"CT-UDI-MG";"Sul";"Colisão Traseira";0;0;2;0;0;0;0;0;0;0;1;1;0;0;0
"25/10/2022";"03:26:00";"270";"ac02 - Aci";"105.65";"BR-050/GO";"Norte";"Capotamento";1;0;0;0;0;0;0;0;0;0;0;1;0;0;0
"25/10/2022";"04:45:00";"290";"ac03 - Aci";"88.8";"BR-050/MG";"Sul";"Engavetamento";0;0;3;0;0;0;0;0;0;0;3;0;0;0;0
"25/10/2022";"07:41:00";"321";"ac02 - Aci";"29.92";"BR-050/MG";"Norte";"Capotamento";1;0;0;0;0;0;0;0;0;0;0;2;0;0;0
"25/10/2022";"08:24:00";"332";"ac03 - Aci";"59.1";"BR-050/MG";"Sul";"Choque - Elemento de Drenagem";0;0;0;0;0;1;0;0;0;1;4;0;0;0;0
"25/10/2022";"08:34:00";"337";"ac03 - Aci";"57";"BR-050/MG";"Sul";"Choque - Outros";0;0;0;0;0;1;0;0;0;1;0;0;0;0;0
"26/10/2022";"01:56:00";"265";"ac02 - Aci";"63";"BR-050/MG";"Sul";"Choque - Meio fio";1;0;0;0;0;0;0;0;0;0;1;1;0;0;0
"26/10/2022";"05:13:00";"332";"ac02 - Aci";"0.5";"BR-050/MG";"Sul";"Colisão Frontal";0;0;1;1;0;0;0;0;0;0;1;0;0;1;0
"27/10/2022";"08:06:00";"99";"ac02 - Aci";"172.85";"BR-050/MG";"Norte";"Engavetamento";1;0;0;1;0;0;0;0;0;1;2;1;0;0;0
"27/10/2022";"01:54:00";"249";"ac03 - Aci";"176.2";"BR-050/GO";"Norte";"Choque - Talude ou Barranco";0;0;1;0;0;0;0;0;0;0;1;0;0;0;0
"28/10/2022";"01:26:00";"14";"ac02 - Aci";"104";"BR-050/GO";"Norte";"Choque - Meio fio";1;0;0;0;0;0;0;0;0;0;3;1;0;0;0
"28/10/2022";"05:37:00";"36";"ac02 - Aci";"119";"BR-050/MG";"Sul";"Capotamento";1;0;0;0;0;0;0;0;0;0;2;2;0;0;0
"28/10/2022";"10:26:00";"193";"ac02 - Aci";"172";"BR-050/MG";"Norte";"Tombamento";0;0;1;0;0;0;0;0;0;0;2;0;1;0;0
"28/10/2022";"03:21:00";"307";"ac03 - Aci";"116";"BR-050/MG";"Norte";"Tombamento";0;0;0;0;0;0;0;0;0;1;1;0;0;0;0
"28/10/2022";"04:30:00";"329";"ac03 - Aci";"29.8";"BR-050/MG";"Norte";"Choque - Meio fio";1;0;0;0;0;0;0;0;0;0;4;0;0;0;0
"28/10/2022";"11:23:00";"448";"ac02 - Aci";"118.95";"BR-050/MG";"Norte";"Colisão Traseira";1;0;0;0;0;1;0;0;0;0;0;1;0;0;0
"29/10/2022";"08:37:00";"89";"ac02 - Aci";"164.9";"BR-050/MG";"Norte";"Atropelamento - Andarilho";0;0;1;0;0;0;0;0;0;0;1;1;0;0;0
"29/10/2022";"09:35:00";"118";"ac02 - Aci";"52";"BR-050/MG";"Norte";"Colisão lateral no mesmo sentido";1;0;0;1;0;1;0;0;0;0;3;0;1;0;0
"29/10/2022";"01:11:00";"200";"ac02 - Aci";"162.4";"BR-050/GO";"Norte";"Capotamento";1;0;0;0;0;0;0;0;0;0;3;0;1;0;0
"29/10/2022";"03:27:00";"237";"ac03 - Aci";"78.02";"BR-050/MG";"Sul";"Colisão Traseira";1;0;1;0;0;0;0;0;0;0;6;0;0;0;0
"29/10/2022";"03:49:00";"242";"ac02 - Aci";"105.1";"BR-050/GO";"Norte";"Capotamento";1;0;0;0;0;0;0;0;0;0;0;2;0;0;0
"29/10/2022";"04:16:00";"252";"ac03 - Aci";"177.3";"BR-050/MG";"Sul";"Choque - Defensa metálica";1;0;0;0;0;0;0;0;0;0;1;0;0;0;0
"29/10/2022";"05:29:00";"267";"ac03 - Aci";"59.8";"BR-050/MG";"Sul";"Choque - Elemento de Drenagem";1;0;0;0;0;0;0;0;0;0;1;0;0;0;0
"29/10/2022";"07:07:00";"287";"ac02 - Aci";"18";"CT-UDI-MG";"Sul";"Queda de Moto";0;0;0;1;0;0;0;0;0;0;0;0;1;0;0
"30/10/2022";"12:13:00";"3";"ac02 - Aci";"178";"BR-050/MG";"Sul";"Colisão Traseira";0;0;0;1;0;1;0;0;0;0;0;1;0;0;0
"30/10/2022";"12:24:00";"6";"ac03 - Aci";"178";"BR-050/MG";"Sul";"Choque - Outros";0;0;0;1;0;1;0;0;0;0;0;0;0;0;0
"30/10/2022";"01:22:00";"12";"ac02 - Aci";"40";"BR-050/MG";"Sul";"Choque - Defensa metálica";1;0;0;0;0;0;0;0;0;0;0;1;0;0;0
"30/10/2022";"04:06:00";"25";"ac03 - Aci";"147";"BR-050/GO";"Norte";"Capotamento";1;0;0;0;0;0;0;0;0;0;1;0;0;0;0
"30/10/2022";"10:08:00";"122";"ac02 - Aci";"96.6";"BR-050/GO";"Sul";"Colisão Traseira";1;0;0;0;0;0;0;0;0;1;3;2;0;0;0
"30/10/2022";"01:25:00";"202";"ac02 - Aci";"91.1";"BR-050/MG";"Norte";"Capotamento";1;0;0;0;0;0;0;0;0;0;0;2;0;0;0
"30/10/2022";"01:31:00";"204";"ac03 - Aci";"246.19";"BR-050/GO";"Sul";"Choque - Elemento de Drenagem";1;0;0;0;0;0;0;0;0;0;1;0;0;0;0
"30/10/2022";"05:26:00";"282";"ac03 - Aci";"0.7";"BR-050/MG";"Norte";"Choque - Defensa metálica";0;0;1;0;0;0;0;0;0;0;1;0;0;0;0
"30/10/2022";"08:20:00";"324";"ac02 - Aci";"168.07";"BR-050/MG";"Sul";"Choque - New jersey";0;0;1;1;0;0;0;0;0;0;0;0;1;0;0
"31/10/2022";"08:05:00";"92";"ac02 - Aci";"280";"BR-050/GO";"Sul";"Colisão lateral no mesmo sentido";0;0;0;1;0;0;0;0;0;1;12;1;0;0;0
"31/10/2022";"11:31:00";"167";"ac02 - Aci";"59.4";"BR-050/MG";"Sul";"Choque - Sinalização";0;0;0;0;0;0;0;0;0;1;1;4;0;0;0
"31/10/2022";"12:07:00";"185";"ac03 - Aci";"36.94";"BR-050/MG";"Sul";"Choque - Elemento de Drenagem";1;0;0;0;0;0;0;0;0;0;1;0;0;0;0