data;horario;n_da_ocorrencia;tipo_de_ocorrencia;km;trecho;sentido;tipo_de_acidente;automovel;bicicleta;caminhao;moto;onibus;outros;tracao_animal;transporte_de_cargas_especiais;trator_maquinas;utilitarios;ilesos;levemente_feridos;moderadamente_feridos;gravemente_feridos;mortos
"11/12/2022";"02:23:00";"22";"ac03 - Aci";"177";"BR-050/MG";"Sul";"Choque - New jersey";1;0;0;0;0;0;0;0;0;0;1;0;0;0;0
"11/12/2022";"03:44:00";"28";"ac03 - Aci";"113.7";"BR-050/GO";"Sul";"Tombamento";0;0;1;0;0;0;0;0;0;0;1;0;0;0;0
"11/12/2022";"03:54:00";"29";"ac03 - Aci";"47";"BR-050/MG";"Sul";"Choque - Talude ou Barranco";1;0;0;0;0;0;0;0;0;0;3;0;0;0;0
"11/12/2022";"06:51:00";"61";"ac03 - Aci";"10";"CT-UDI-MG";"Sul";"Choque - Elemento de Drenagem";1;0;0;0;0;0;0;0;0;0;2;0;0;0;0
"11/12/2022";"01:43:00";"179";"ac03 - Aci";"96.1";"BR-050/GO";"Sul";"Choque - Meio fio";1;0;0;0;0;0;0;0;0;0;2;0;0;0;0
"12/12/2022";"12:46:00";"5";"ac03 - Aci";"275.4";"BR-050/GO";"Norte";"Choque - Meio fio";1;0;0;0;0;0;0;0;0;0;1;0;0;0;0
"12/12/2022";"05:37:00";"39";"ac03 - Aci";"273";"BR-050/GO";"Sul";"Choque - Elemento de Drenagem";1;0;0;0;0;0;0;0;0;0;3;0;0;0;0
"12/12/2022";"10:46:00";"188";"ac03 - Aci";"192.2";"BR-050/MG";"Sul";"Colisão lateral no mesmo sentido";0;0;1;0;0;1;0;0;0;1;3;0;0;0;0
"12/12/2022";"01:40:00";"247";"ac03 - Aci";"229.52";"BR-050/GO";"Norte";"Choque - Sinalização";1;0;0;0;0;0;0;0;0;0;3;0;0;0;0
"12/12/2022";"03:08:00";"277";"ac03 - Aci";"211.16";"BR-050/GO";"Norte";"Choque - Talude ou Barranco";1;0;0;0;0;0;0;0;0;0;4;0;0;0;0
"12/12/2022";"04:20:00";"297";"ac03 - Aci";"18.7";"BR-050/MG";"Norte";"Choque - Defensa metálica";1;0;0;0;0;0;0;0;0;0;2;0;0;0;0
"12/12/2022";"04:54:00";"311";"ac03 - Aci";"198";"BR-050/MG";"Norte";"Colisão Traseira";1;0;1;0;0;0;0;0;0;0;6;0;0;0;0
"12/12/2022";"05:51:00";"329";"ac03 - Aci";"58.1";"BR-050/MG";"Norte";"Capotamento";0;0;0;0;0;0;0;0;0;1;2;0;0;0;0
"12/12/2022";"05:56:00";"331";"ac03 - Aci";"58.1";"BR-050/MG";"Norte";"Capotamento";1;0;0;0;0;0;0;0;0;0;2;0;0;0;0
"12/12/2022";"06:56:00";"344";"ac02 - Aci";"3.7";"BR-050/MG";"Sul";"Queda de Moto";0;0;0;1;0;0;0;0;0;0;0;0;1;0;0
"12/12/2022";"07:01:00";"346";"ac02 - Aci";"96";"BR-050/GO";"Sul";"Colisão Transversal";1;0;0;1;0;0;0;0;0;0;2;1;0;0;0
"13/12/2022";"07:05:00";"39";"ac03 - Aci";"173.25";"BR-050/MG";"Norte";"Colisão Traseira";0;0;0;0;1;1;0;0;0;0;32;0;0;0;0
"13/12/2022";"08:22:00";"65";"ac03 - Aci";"146.5";"BR-050/MG";"Norte";"Choque - Elemento de Drenagem";0;0;0;0;0;0;0;0;0;1;1;0;0;0;0
"13/12/2022";"12:59:00";"156";"ac02 - Aci";"194";"BR-050/MG";"Sul";"Tombamento";0;0;1;0;0;0;0;0;0;0;0;1;0;0;0
"13/12/2022";"01:16:00";"162";"ac03 - Aci";"29.8";"BR-050/MG";"Norte";"Choque - Elemento de Drenagem";1;0;0;0;0;0;0;0;0;0;1;0;0;0;0
"13/12/2022";"01:29:00";"166";"ac03 - Aci";"137.3";"BR-050/MG";"Sul";"Choque - Elemento de Drenagem";1;0;0;0;0;0;0;0;0;0;2;0;0;0;0
"13/12/2022";"03:57:00";"219";"ac03 - Aci";"146.45";"BR-050/MG";"Sul";"Choque - Elemento de Drenagem";1;0;0;0;0;0;0;0;0;0;2;0;0;0;0
"13/12/2022";"04:23:00";"228";"ac03 - Aci";"168.8";"BR-050/MG";"Sul";"Colisão lateral no sentido contrário";0;0;0;0;0;0;0;0;0;2;2;0;0;0;0
"13/12/2022";"05:15:00";"244";"ac03 - Aci";"18.5";"BR-050/MG";"Sul";"Capotamento";0;0;0;0;0;1;0;0;0;1;1;0;0;0;0
"13/12/2022";"09:18:00";"298";"ac03 - Aci";"140.5";"BR-050/MG";"Norte";"Choque - Sinalização";0;0;1;0;0;0;0;0;0;0;1;0;0;0;0
"13/12/2022";"09:34:00";"303";"ac03 - Aci";"29.8";"BR-050/MG";"Norte";"Choque - Defensa metálica";0;0;0;0;0;0;0;0;0;1;1;0;0;0;0
"14/12/2022";"12:19:00";"2";"ac03 - Aci";"84.05";"BR-050/MG";"Norte";"Colisão Traseira";0;0;1;0;1;0;0;0;0;0;35;0;0;0;0
"14/12/2022";"06:06:00";"36";"ac03 - Aci";"44";"BR-050/MG";"Sul";"Tombamento";0;0;0;0;0;1;0;0;0;1;3;0;0;0;0
"14/12/2022";"06:08:00";"38";"ac03 - Aci";"187";"BR-050/MG";"Norte";"Choque - Elemento de Drenagem";0;0;1;0;0;0;0;0;0;0;1;0;0;0;0
"14/12/2022";"06:48:00";"41";"ac03 - Aci";"92.1";"BR-050/MG";"Norte";"Choque - Arvore";0;0;1;0;0;0;0;0;0;0;1;0;0;0;0
"14/12/2022";"10:52:00";"175";"ac02 - Aci";"29.7";"BR-050/MG";"Sul";"Queda de Moto";0;0;0;1;0;0;0;0;0;0;0;1;0;0;0
"14/12/2022";"12:49:00";"211";"ac03 - Aci";"245.1";"BR-050/GO";"Norte";"Queda de Moto";0;0;0;1;0;0;0;0;0;0;0;0;0;0;0
"14/12/2022";"09:41:00";"374";"ac03 - Aci";"89.55";"BR-050/MG";"Norte";"Capotamento";0;0;1;0;0;0;0;0;0;1;1;0;0;0;0
"15/12/2022";"06:19:00";"40";"ac03 - Aci";"10.65";"BR-050/MG";"Norte";"Choque - Elemento de Drenagem";1;0;0;0;0;0;0;0;0;0;1;0;0;0;0
"15/12/2022";"02:24:00";"234";"ac02 - Aci";"99.7";"BR-050/GO";"Norte";"Colisão Frontal";1;0;0;0;0;0;0;0;0;1;0;3;0;0;0
"15/12/2022";"09:52:00";"348";"ac02 - Aci";"151";"BR-050/MG";"Sul";"Colisão Traseira";1;0;0;0;0;0;0;0;0;0;1;1;0;0;0
"15/12/2022";"10:26:00";"351";"ac03 - Aci";"32.4";"BR-050/MG";"Sul";"Atropelamento de Animal";1;0;0;0;0;0;0;0;0;0;5;0;0;0;0
"16/12/2022";"05:58:00";"33";"ac02 - Aci";"180.08";"BR-050/GO";"Norte";"Choque - Defensa metálica";1;0;0;0;0;0;0;0;0;0;0;2;0;0;0
"16/12/2022";"06:15:00";"35";"ac03 - Aci";"79";"BR-050/MG";"Norte";"Choque - Elemento de Drenagem";1;0;0;0;0;0;0;0;0;0;2;0;0;0;0
"16/12/2022";"01:23:00";"253";"ac02 - Aci";"252.7";"BR-050/GO";"Sul";"Choque - Talude ou Barranco";1;0;0;0;0;0;0;0;0;0;1;0;1;0;0
"16/12/2022";"05:02:00";"337";"ac03 - Aci";"123.3";"BR-050/MG";"Norte";"Colisão lateral no mesmo sentido";1;0;1;0;0;0;0;0;0;0;2;0;0;0;0
"16/12/2022";"11:05:00";"427";"ac03 - Aci";"82";"BR-050/MG";"Sul";"Atropelamento de Animal";1;0;0;0;0;0;0;0;0;0;3;0;0;0;0
"17/12/2022";"04:08:00";"26";"ac02 - Aci";"18.08";"BR-050/MG";"Norte";"Choque - Defensa metálica";1;0;0;0;0;0;0;0;0;0;0;1;0;0;0
"17/12/2022";"05:43:00";"41";"ac02 - Aci";"33";"BR-050/MG";"Norte";"Choque - Elemento de Drenagem";1;0;0;0;0;0;0;0;0;0;0;3;0;0;0
"17/12/2022";"12:09:00";"194";"ac03 - Aci";"213.4";"BR-050/GO";"Sul";"Choque - Sinalização";0;0;0;0;0;0;0;0;0;1;3;0;0;0;0
"17/12/2022";"01:29:00";"217";"ac02 - Aci";"241.54";"BR-050/GO";"Sul";"Choque - Talude ou Barranco";1;0;0;0;0;0;0;0;0;0;0;3;0;0;0
"17/12/2022";"01:55:00";"230";"ac02 - Aci";"241.62";"BR-050/GO";"Sul";"Atropelamento - Pedestre";1;0;0;0;0;0;0;0;0;1;0;6;0;1;0
"18/12/2022";"03:08:00";"19";"ac03 - Aci";"100.1";"BR-050/MG";"Norte";"Choque - Elemento de Drenagem";1;0;0;0;0;0;0;0;0;0;1;0;0;0;0
"18/12/2022";"08:45:00";"95";"ac02 - Aci";"109.9";"BR-050/GO";"Norte";"Queda de veículo em ribanceira, ponte ou viaduto";1;0;0;0;0;0;0;0;0;0;1;3;0;0;0
"18/12/2022";"11:18:00";"169";"ac02 - Aci";"175";"BR-050/MG";"Norte";"Capotamento";1;0;0;1;0;0;0;0;0;0;0;7;0;0;0
"18/12/2022";"07:36:00";"314";"ac03 - Aci";"97.95";"BR-050/MG";"Sul";"Atropelamento de Animal";0;0;1;0;0;0;0;0;0;0;1;0;0;0;0
"18/12/2022";"08:39:00";"330";"ac03 - Aci";"169.4";"BR-050/MG";"Norte";"Choque - Meio fio";1;0;0;0;0;0;0;0;0;0;2;0;0;0;0
"19/12/2022";"07:30:00";"73";"ac03 - Aci";"119";"BR-050/GO";"Sul";"Tombamento";0;0;1;0;0;0;0;0;0;0;1;0;0;0;0
"19/12/2022";"04:10:00";"272";"ac03 - Aci";"177.15";"BR-050/MG";"Sul";"Choque - New jersey";1;0;0;0;0;0;0;0;0;0;1;0;0;0;0
"19/12/2022";"05:48:00";"306";"ac02 - Aci";"274";"BR-050/GO";"Sul";"Queda de Moto";0;0;0;1;0;0;0;0;0;0;0;0;1;0;0
"19/12/2022";"06:23:00";"314";"ac03 - Aci";"206";"BR-050/MG";"Sul";"Colisão Traseira";2;0;0;0;0;0;0;0;0;0;6;0;0;0;0
"19/12/2022";"08:03:00";"339";"ac03 - Aci";"164.5";"BR-050/MG";"Norte";"Choque - Elemento de Drenagem";0;0;1;0;0;0;0;0;0;0;1;0;0;0;0
"19/12/2022";"11:59:00";"372";"ac03 - Aci";"174.8";"BR-050/MG";"Sul";"Colisão Traseira";1;0;1;0;0;0;0;0;0;0;4;0;0;0;0
"20/12/2022";"11:30:00";"175";"ac03 - Aci";"51.6";"BR-050/MG";"Sul";"Colisão Traseira";1;0;1;0;0;0;0;0;0;0;0;0;0;0;0
"20/12/2022";"02:08:00";"220";"ac03 - Aci";"24.1";"BR-050/MG";"Norte";"Choque - Elemento de Drenagem";0;0;0;0;0;0;0;0;0;1;2;0;0;0;0
"20/12/2022";"02:20:00";"225";"ac03 - Aci";"16.95";"BR-050/MG";"Norte";"Choque - Elemento de Drenagem";0;0;0;0;0;0;0;0;0;1;4;0;0;0;0
"21/12/2022";"02:53:00";"17";"ac03 - Aci";"286";"BR-050/GO";"Sul";"Choque - Sinalização";1;0;0;0;0;0;0;0;0;0;0;0;0;0;0
"21/12/2022";"04:42:00";"28";"ac02 - Aci";"106.5";"BR-050/GO";"Sul";"Capotamento";0;0;1;0;0;0;0;0;0;0;0;0;1;0;0
"21/12/2022";"06:40:00";"42";"ac03 - Aci";"17.12";"BR-050/MG";"Sul";"Choque - Defensa metálica";1;0;0;0;0;0;0;0;0;0;2;0;0;0;0
"21/12/2022";"07:13:00";"60";"ac02 - Aci";"306";"BR-050/GO";"Sul";"Choque - Defensa metálica";1;0;0;0;0;0;0;0;0;0;3;0;1;0;0
"21/12/2022";"09:51:00";"144";"ac03 - Aci";"105.1";"BR-050/GO";"Sul";"Colisão Traseira";0;0;0;0;0;0;0;0;0;1;2;0;0;0;0
"21/12/2022";"06:33:00";"335";"ac03 - Aci";"268.2";"BR-050/GO";"Sul";"Atropelamento de Animal";0;0;0;0;0;0;0;0;0;1;2;0;0;0;0
"21/12/2022";"09:05:00";"385";"ac03 - Aci";"132";"BR-050/MG";"Norte";"Choque - Elemento de Drenagem";1;0;0;0;0;0;0;0;0;0;1;0;0;0;0
"22/12/2022";"05:22:00";"50";"ac03 - Aci";"165";"BR-050/MG";"Norte";"Choque - Sinalização";1;0;0;0;0;0;0;0;0;0;3;0;0;0;0
"22/12/2022";"06:27:00";"62";"ac02 - Aci";"159.7";"BR-050/GO";"Norte";"Capotamento";0;0;1;0;0;0;0;0;0;0;0;1;0;0;0
"22/12/2022";"06:54:00";"74";"ac03 - Aci";"112.4";"BR-050/GO";"Norte";"Colisão lateral no mesmo sentido";0;0;2;0;0;0;0;0;0;0;2;0;0;0;0
"22/12/2022";"10:40:00";"198";"ac03 - Aci";"18";"CT-UDI-MG";"Norte";"Tombamento";0;0;1;0;0;0;0;0;0;0;1;0;0;0;0
"22/12/2022";"02:31:00";"303";"ac03 - Aci";"185.75";"BR-050/GO";"Sul";"Queda de Carro";1;0;0;0;0;0;0;0;0;0;2;0;0;0;0
"22/12/2022";"04:39:00";"368";"ac03 - Aci";"261.72";"BR-050/GO";"Norte";"Choque - Sinalização";1;0;0;0;0;0;0;0;0;0;4;0;0;0;0
"22/12/2022";"05:21:00";"386";"ac02 - Aci";"198.9";"BR-050/GO";"Norte";"Choque - Outros";1;0;0;0;0;0;0;0;0;0;4;2;0;0;0
"22/12/2022";"11:08:00";"486";"ac03 - Aci";"147.1";"BR-050/GO";"Norte";"Capotamento";1;0;0;0;0;0;0;0;0;0;5;0;0;0;0
"22/12/2022";"11:55:00";"500";"ac03 - Aci";"169.2";"BR-050/MG";"Norte";"Choque - Defensa metálica";0;0;0;0;0;0;0;0;0;1;1;0;0;0;0
"23/12/2022";"02:25:00";"22";"ac02 - Aci";"176.85";"BR-050/MG";"Sul";"Capotamento";1;0;0;0;0;0;0;0;0;0;0;2;0;0;0
"23/12/2022";"12:30:00";"197";"ac02 - Aci";"279";"BR-050/GO";"Norte";"Choque - Talude ou Barranco";1;0;0;0;0;0;0;0;0;0;3;0;1;0;0
"23/12/2022";"04:32:00";"290";"ac03 - Aci";"194";"BR-050/MG";"Sul";"Engavetamento";2;0;0;0;0;0;0;0;0;1;3;0;0;0;0
"24/12/2022";"06:29:00";"58";"ac03 - Aci";"177.7";"BR-050/MG";"Norte";"Choque - Elemento de Drenagem";1;0;0;0;0;0;0;0;0;0;0;0;0;0;0
"24/12/2022";"01:57:00";"218";"ac02 - Aci";"41.44";"BR-050/MG";"Sul";"Capotamento";1;0;0;0;0;0;0;0;0;0;2;2;0;0;0
"24/12/2022";"06:13:00";"302";"ac03 - Aci";"159.1";"BR-050/MG";"Sul";"Choque - Talude ou Barranco";0;0;1;0;0;0;0;0;0;0;1;0;0;0;0
"24/12/2022";"11:47:00";"355";"ac03 - Aci";"105";"BR-050/GO";"Norte";"Choque - Meio fio";1;0;0;0;0;0;0;0;0;0;1;0;0;0;0
"25/12/2022";"06:47:00";"24";"ac02 - Aci";"189";"BR-050/MG";"Sul";"Choque - New jersey";0;0;0;1;0;0;0;0;0;0;0;1;0;0;0
"25/12/2022";"10:05:00";"69";"ac02 - Aci";"129.9";"BR-050/MG";"Sul";"Choque - Arvore";1;0;0;0;0;0;0;0;0;0;0;1;0;0;0
"25/12/2022";"12:09:00";"98";"ac03 - Aci";"60.3";"BR-050/MG";"Norte";"Tombamento";1;0;0;0;0;0;0;0;0;0;1;0;0;0;0
"25/12/2022";"02:21:00";"124";"ac03 - Aci";"142.5";"BR-050/GO";"Sul";"Capotamento";0;0;0;0;0;0;0;0;0;1;2;0;0;0;0
"25/12/2022";"04:17:00";"151";"ac03 - Aci";"171.8";"BR-050/MG";"Norte";"Queda de Carro";1;0;0;0;0;0;0;0;0;0;1;0;0;0;0
"25/12/2022";"05:04:00";"168";"ac03 - Aci";"174.8";"BR-050/MG";"Sul";"Choque - New jersey";1;0;0;0;0;0;0;0;0;0;2;0;0;0;0
"25/12/2022";"06:47:00";"206";"ac03 - Aci";"289.6";"BR-050/GO";"Norte";"Choque - Defensa metálica";1;0;1;0;0;0;0;0;0;0;3;0;0;0;0
"26/12/2022";"12:00:00";"158";"ac03 - Aci";"39.8";"BR-050/MG";"Sul";"Choque - New jersey";1;0;0;0;0;0;0;0;0;0;4;0;0;0;0
"26/12/2022";"12:04:00";"159";"ac02 - Aci";"17.11";"BR-050/MG";"Sul";"Capotamento";1;0;0;0;0;0;0;0;0;0;0;1;0;0;0
"26/12/2022";"02:10:00";"192";"ac03 - Aci";"29.75";"BR-050/MG";"Sul";"Choque - Meio fio";1;0;0;0;0;0;0;0;0;0;2;0;0;0;0
"26/12/2022";"03:53:00";"230";"ac03 - Aci";"196.55";"BR-050/GO";"Sul";"Choque - Defensa metálica";1;0;0;0;0;0;0;0;0;0;3;0;0;0;0
"26/12/2022";"05:43:00";"269";"ac03 - Aci";"29.78";"BR-050/MG";"Sul";"Choque - Elemento de Drenagem";1;0;0;0;0;0;0;0;0;0;1;0;0;0;0
"26/12/2022";"07:46:00";"301";"ac03 - Aci";"60.1";"BR-050/MG";"Sul";"Colisão Traseira";0;0;1;0;0;1;0;0;0;0;1;0;0;0;0
"26/12/2022";"08:01:00";"304";"ac03 - Aci";"16.5";"BR-050/MG";"Sul";"Atropelamento de Animal";0;0;1;0;0;0;0;0;0;0;1;0;0;0;0
"27/12/2022";"03:16:00";"24";"ac03 - Aci";"195.65";"BR-050/GO";"Norte";"Choque - Outros";1;0;0;0;0;0;0;0;0;0;5;0;0;0;0
"27/12/2022";"11:45:00";"175";"ac03 - Aci";"29.7";"BR-050/MG";"Norte";"Choque - Defensa metálica";0;0;0;0;0;0;0;0;0;1;4;0;0;0;0
"27/12/2022";"01:56:00";"202";"ac02 - Aci";"147.16";"BR-050/GO";"Sul";"Colisão lateral no mesmo sentido";1;0;1;0;0;0;0;0;0;0;2;0;1;0;0
"27/12/2022";"03:43:00";"238";"ac03 - Aci";"17";"BR-050/MG";"Norte";"Capotamento";1;0;0;0;0;0;0;0;0;0;1;0;0;0;0
"28/12/2022";"03:35:00";"17";"ac03 - Aci";"170";"BR-050/MG";"Norte";"Choque - Outros";0;0;0;0;1;0;0;0;0;0;2;0;0;0;0
"28/12/2022";"09:28:00";"110";"ac03 - Aci";"164.75";"BR-050/MG";"Sul";"Colisão Traseira";0;0;2;0;0;0;0;0;0;0;4;0;0;0;0
"28/12/2022";"10:36:00";"139";"ac02 - Aci";"99.75";"BR-050/MG";"Sul";"Colisão lateral no mesmo sentido";1;0;1;0;0;0;0;0;0;0;3;1;0;0;0
"28/12/2022";"04:25:00";"273";"ac03 - Aci";"196.7";"BR-050/GO";"Sul";"Choque - Sinalização";1;0;0;0;0;0;0;0;0;0;4;0;0;0;0
"28/12/2022";"05:42:00";"297";"ac03 - Aci";"164.2";"BR-050/MG";"Sul";"Colisão Traseira";1;0;0;0;0;0;0;0;0;1;6;0;0;0;0
"29/12/2022";"06:58:00";"38";"ac01 - Aci";"257";"BR-050/GO";"Norte";"Colisão Traseira";0;2;0;0;0;0;0;0;0;1;2;0;1;0;1
"29/12/2022";"07:33:00";"47";"ac03 - Aci";"174.95";"BR-050/MG";"Sul";"Choque - Meio fio";1;0;0;0;0;0;0;0;0;0;1;0;0;0;0
"29/12/2022";"03:33:00";"230";"ac03 - Aci";"78";"BR-050/MG";"Sul";"Colisão Traseira";1;0;0;1;0;0;0;0;0;0;1;0;0;0;0
"29/12/2022";"06:18:00";"291";"ac03 - Aci";"138.13";"BR-050/MG";"Norte";"Colisão Traseira";0;0;0;0;0;0;0;0;0;2;7;0;0;0;0
"29/12/2022";"09:24:00";"346";"ac02 - Aci";"98";"BR-050/GO";"Norte";"Colisão Transversal";1;0;0;1;0;0;0;0;0;0;3;1;0;0;0
"29/12/2022";"10:12:00";"357";"ac03 - Aci";"206";"BR-050/MG";"Sul";"Colisão Traseira";2;0;0;0;0;0;0;0;0;0;4;0;0;0;0
"30/12/2022";"07:30:00";"51";"ac02 - Aci";"108.05";"BR-050/GO";"Sul";"Capotamento";1;0;0;0;0;0;0;0;0;0;0;2;0;0;0
"30/12/2022";"11:02:00";"127";"ac02 - Aci";"197";"BR-050/MG";"Sul";"Queda de Moto";0;0;0;1;0;0;0;0;0;0;0;0;2;0;0
"30/12/2022";"12:31:00";"152";"ac03 - Aci";"305.9";"BR-050/GO";"Norte";"Choque - Defensa metálica";0;0;0;0;0;0;0;0;0;1;4;0;0;0;0
"30/12/2022";"01:32:00";"172";"ac03 - Aci";"146.5";"BR-050/MG";"Sul";"Choque - Elemento de Drenagem";1;0;0;0;0;0;0;0;0;0;3;0;0;0;0
"30/12/2022";"10:43:00";"311";"ac03 - Aci";"98";"BR-050/GO";"Sul";"Colisão Transversal";1;0;0;1;0;0;0;0;0;0;1;0;0;0;0
"31/12/2022";"03:28:00";"21";"ac02 - Aci";"180";"BR-050/GO";"Norte";"Capotamento";1;0;0;0;0;0;0;0;0;0;3;1;0;0;0
"01/01/2023";"01:02:00";"4";"ac02 - Aci";"202.7";"BR-050/MG";"Sul";"Queda de Moto";0;0;0;1;0;0;0;0;0;0;0;2;0;0;0
"01/01/2023";"02:04:00";"10";"ac02 - Aci";"63.8";"BR-050/MG";"Norte";"Colisão Traseira";0;0;0;1;0;1;0;0;0;0;0;0;1;0;0
"01/01/2023";"03:29:00";"19";"ac02 - Aci";"79.2";"BR-050/MG";"Norte";"Atropelamento de Animal";0;0;0;0;0;0;0;0;0;1;0;4;0;0;0
"01/01/2023";"04:45:00";"23";"ac03 - Aci";"61";"BR-050/MG";"Sul";"Choque - Meio fio";1;0;0;0;0;0;0;0;0;0;2;0;0;0;0
"01/01/2023";"04:56:00";"217";"ac03 - Aci";"174.7";"BR-050/MG";"Sul";"Choque - New jersey";1;0;0;0;0;0;0;0;0;0;4;0;0;0;0
"01/01/2023";"05:47:00";"239";"ac02 - Aci";"147.4";"BR-050/GO";"Norte";"Colisão Transversal";1;0;0;0;0;1;0;0;0;0;0;1;0;0;0
"02/01/2023";"06:20:00";"34";"ac03 - Aci";"48.2";"BR-050/MG";"Sul";"Choque - Talude ou Barranco";1;0;0;0;0;0;0;0;0;0;1;0;0;0;0
"02/01/2023";"09:42:00";"140";"ac02 - Aci";"308";"BR-050/GO";"Sul";"Colisão lateral no mesmo sentido";1;0;1;0;0;0;0;0;0;0;1;1;0;0;0
"02/01/2023";"10:01:00";"147";"ac02 - Aci";"110.7";"BR-050/MG";"Norte";"Capotamento";1;0;0;0;0;0;0;0;0;0;3;2;0;0;0
"02/01/2023";"11:16:00";"187";"ac02 - Aci";"172.4";"BR-050/MG";"Norte";"Colisão Traseira";1;0;0;0;0;0;0;0;0;1;5;1;0;0;0
"02/01/2023";"12:25:00";"212";"ac02 - Aci";"233.35";"BR-050/GO";"Norte";"Colisão Traseira";1;0;1;0;0;0;0;0;0;0;1;1;0;0;0
"02/01/2023";"04:31:00";"312";"ac02 - Aci";"165.3";"BR-050/MG";"Sul";"Colisão Traseira";1;0;0;1;0;0;0;0;0;0;4;1;0;0;0
"02/01/2023";"04:46:00";"324";"ac03 - Aci";"168.8";"BR-050/MG";"Norte";"Colisão Traseira";0;0;0;0;0;1;0;0;0;1;1;0;0;0;0
"03/01/2023";"08:26:00";"78";"ac03 - Aci";"287";"BR-050/GO";"Norte";"Choque - New jersey";1;0;0;0;0;0;0;0;0;0;3;0;0;0;0
"03/01/2023";"09:22:00";"110";"ac03 - Aci";"81.9";"BR-050/MG";"Norte";"Colisão Traseira";0;0;2;0;0;0;0;0;0;0;2;0;0;0;0
"03/01/2023";"10:52:00";"156";"ac03 - Aci";"180.05";"BR-050/MG";"Sul";"Colisão lateral no mesmo sentido";1;0;1;0;0;0;0;0;0;0;2;0;0;0;0
"03/01/2023";"11:59:00";"172";"ac03 - Aci";"18.7";"BR-050/MG";"Sul";"Colisão Traseira";2;0;0;0;0;0;0;0;0;0;5;0;0;0;0
"03/01/2023";"04:23:00";"268";"ac03 - Aci";"278";"BR-050/GO";"Sul";"Colisão Transversal";2;0;0;0;0;0;0;0;0;0;4;0;0;0;0
"03/01/2023";"04:38:00";"271";"ac03 - Aci";"77.8";"BR-050/MG";"Norte";"Engavetamento";2;0;0;0;0;0;0;0;0;1;3;0;0;0;0
"04/01/2023";"12:26:00";"173";"ac03 - Aci";"127.9";"BR-050/MG";"Norte";"Colisão Traseira";1;0;0;0;0;1;0;0;0;0;3;0;0;0;0
"04/01/2023";"03:35:00";"246";"ac03 - Aci";"128.3";"BR-050/MG";"Norte";"Colisão lateral no mesmo sentido";1;0;1;0;0;0;0;0;0;0;3;0;0;0;0
"04/01/2023";"05:33:00";"285";"ac02 - Aci";"176";"BR-050/MG";"Norte";"Colisão Traseira";2;0;0;0;0;0;0;0;0;0;3;2;0;0;0
"05/01/2023";"02:09:00";"13";"ac03 - Aci";"58.2";"BR-050/MG";"Norte";"Choque - Elemento de Drenagem";1;0;0;0;0;0;0;0;0;0;5;0;0;0;0
"05/01/2023";"01:43:00";"203";"ac03 - Aci";"5";"BR-050/MG";"Sul";"Choque - Veiculo parado no acostamento";0;0;1;0;0;1;0;0;0;0;1;0;0;0;0
"05/01/2023";"02:09:00";"211";"ac02 - Aci";"194.3";"BR-050/MG";"Sul";"Tombamento";0;0;1;0;0;0;0;0;0;0;0;1;0;0;0
"05/01/2023";"03:00:00";"230";"ac03 - Aci";"290.5";"BR-050/GO";"Norte";"Choque - Defensa metálica";1;0;0;0;0;0;0;0;0;0;3;0;0;0;0
"05/01/2023";"03:58:00";"251";"ac03 - Aci";"188.5";"BR-050/MG";"Norte";"Colisão Traseira";1;0;0;0;0;1;0;0;0;0;1;0;0;0;0
"06/01/2023";"08:50:00";"90";"ac03 - Aci";"2.52";"BR-050/MG";"Sul";"Colisão lateral no mesmo sentido";1;0;0;0;0;1;0;0;0;0;2;0;0;0;0
"06/01/2023";"11:56:00";"184";"ac03 - Aci";"85.7";"BR-050/MG";"Norte";"Choque - Meio fio";1;0;0;0;0;0;0;0;0;0;2;0;0;0;0
"06/01/2023";"02:19:00";"226";"ac03 - Aci";"40.88";"BR-050/MG";"Norte";"Choque - Defensa metálica";0;0;0;0;0;0;0;0;0;1;2;0;0;0;0
"06/01/2023";"05:02:00";"273";"ac03 - Aci";"163.5";"BR-050/MG";"Sul";"Colisão Traseira";0;0;2;0;0;0;0;0;0;0;2;0;0;0;0
"06/01/2023";"05:02:00";"281";"ac03 - Aci";"163.5";"BR-050/MG";"Sul";"Colisão Traseira";0;0;0;0;0;1;0;0;0;1;1;0;0;0;0
"06/01/2023";"07:11:00";"310";"ac03 - Aci";"186";"BR-050/MG";"Sul";"Choque - New jersey";0;0;0;1;0;0;0;0;0;1;1;0;0;0;0
"06/01/2023";"07:46:00";"320";"ac03 - Aci";"44";"BR-050/MG";"Norte";"Colisão Traseira";0;0;2;0;0;0;0;0;0;1;3;0;0;0;0
"06/01/2023";"08:09:00";"326";"ac02 - Aci";"176.5";"BR-050/MG";"Norte";"Queda de Moto";0;0;0;1;0;0;0;0;0;0;1;1;0;0;0
"07/01/2023";"12:09:00";"1";"ac03 - Aci";"286.85";"BR-050/GO";"Norte";"Choque - New jersey";0;0;1;0;0;0;0;0;0;0;1;0;0;0;0
"07/01/2023";"08:07:00";"79";"ac03 - Aci";"29.66";"BR-050/MG";"Sul";"Choque - Defensa metálica";0;0;1;0;0;0;0;0;0;0;2;0;0;0;0
"07/01/2023";"10:19:00";"147";"ac03 - Aci";"151.5";"BR-050/MG";"Norte";"Choque - Elemento de Drenagem";1;0;0;0;0;0;0;0;0;0;3;0;0;0;0
"07/01/2023";"11:45:00";"189";"ac03 - Aci";"156.09";"BR-050/MG";"Norte";"Engavetamento";2;0;0;0;0;0;0;0;0;1;6;0;0;0;0
"07/01/2023";"12:22:00";"206";"ac03 - Aci";"107.4";"BR-050/GO";"Norte";"Choque - Talude ou Barranco";1;0;0;0;0;0;0;0;0;0;3;0;0;0;0
"07/01/2023";"04:06:00";"274";"ac03 - Aci";"78.3";"BR-050/MG";"Sul";"Choque - Elemento de Drenagem";1;0;0;0;0;0;0;0;0;0;2;0;0;0;0