data;horario;n_da_ocorrencia;tipo_de_ocorrencia;km;trecho;sentido;tipo_de_acidente;automovel;bicicleta;caminhao;moto;onibus;outros;tracao_animal;transporte_de_cargas_especiais;trator_maquinas;utilitarios;ilesos;levemente_feridos;moderadamente_feridos;gravemente_feridos;mortos
"07/01/2023";"04:15:00";"276";"ac03 - Aci";"290.5";"BR-050/GO";"Norte";"Choque - Talude ou Barranco";1;0;0;0;0;0;0;0;0;0;1;0;0;0;0
"08/01/2023";"12:28:00";"4";"ac03 - Aci";"31.95";"BR-050/MG";"Norte";"Choque - Elemento de Drenagem";1;0;0;0;0;0;0;0;0;0;5;0;0;0;0
"08/01/2023";"01:49:00";"15";"ac03 - Aci";"195.47";"BR-050/GO";"Sul";"Choque - Talude ou Barranco";1;0;0;0;0;0;0;0;0;0;5;0;0;0;0
"08/01/2023";"01:59:00";"18";"ac03 - Aci";"194.45";"BR-050/GO";"Sul";"Choque - Outros";1;0;0;0;0;0;0;0;0;0;1;0;0;0;0
"08/01/2023";"05:03:00";"28";"ac03 - Aci";"259.8";"BR-050/GO";"Norte";"Colisão Traseira";0;0;0;0;1;1;0;0;0;0;2;0;0;0;0
"08/01/2023";"08:03:00";"61";"ac03 - Aci";"82.45";"BR-050/MG";"Sul";"Choque - Elemento de Drenagem";1;0;0;0;0;0;0;0;0;0;5;0;0;0;0
"08/01/2023";"09:31:00";"93";"ac03 - Aci";"26.9";"BR-050/MG";"Norte";"Colisão lateral no mesmo sentido";0;0;1;0;0;0;0;0;0;1;3;0;0;0;0
"08/01/2023";"10:12:00";"113";"ac03 - Aci";"129.5";"BR-050/MG";"Norte";"Colisão lateral no mesmo sentido";0;0;0;0;0;1;0;0;0;1;1;0;0;0;0
"08/01/2023";"11:09:00";"143";"ac03 - Aci";"29.7";"BR-050/MG";"Sul";"Choque - Sinalização";1;0;0;0;0;0;0;0;0;0;2;0;0;0;0
"08/01/2023";"11:10:00";"145";"ac03 - Aci";"18.76";"BR-050/MG";"Sul";"Choque - Elemento de Drenagem";0;0;0;0;0;0;0;0;0;1;3;0;0;0;0
"08/01/2023";"11:19:00";"148";"ac03 - Aci";"285";"BR-050/GO";"Sul";"Capotamento";1;0;0;0;0;0;0;0;0;0;3;0;0;0;0
"08/01/2023";"11:57:00";"160";"ac02 - Aci";"270";"BR-050/GO";"Sul";"Choque - Elemento de Drenagem";1;0;0;0;0;0;0;0;0;0;0;2;0;0;0
"08/01/2023";"01:28:00";"180";"ac03 - Aci";"115.3";"BR-050/GO";"Norte";"Choque - Talude ou Barranco";0;0;0;0;0;0;0;0;0;1;3;0;0;0;0
"08/01/2023";"02:02:00";"191";"ac02 - Aci";"178";"BR-050/MG";"Norte";"Colisão Traseira";1;0;0;0;0;0;0;0;0;1;2;1;0;0;0
"08/01/2023";"05:41:00";"277";"ac03 - Aci";"289.7";"BR-050/GO";"Norte";"Choque - Defensa metálica";1;0;0;0;0;0;0;0;0;0;1;0;0;0;0
"08/01/2023";"08:00:00";"321";"ac03 - Aci";"97.5";"BR-050/GO";"Norte";"Colisão Traseira";1;0;0;0;0;0;0;0;0;1;5;0;0;0;0
"08/01/2023";"08:34:00";"331";"ac03 - Aci";"180";"BR-050/MG";"Sul";"Choque - Elemento de Drenagem";1;0;0;0;0;0;0;0;0;0;1;0;0;0;0
"08/01/2023";"11:10:00";"369";"ac02 - Aci";"123.18";"BR-050/MG";"Norte";"Choque - Talude ou Barranco";0;0;0;0;0;0;0;0;0;1;1;0;1;0;0
"09/01/2023";"03:32:00";"27";"ac03 - Aci";"99";"BR-050/GO";"Norte";"Choque - Sinalização";1;0;0;0;0;0;0;0;0;0;4;0;0;0;0
"09/01/2023";"09:21:00";"125";"ac03 - Aci";"185.75";"BR-050/MG";"Sul";"Colisão Traseira";2;0;1;0;0;0;0;0;0;0;6;0;0;0;0
"09/01/2023";"11:59:00";"239";"ac03 - Aci";"29.7";"BR-050/MG";"Norte";"Choque - Elemento de Drenagem";1;0;0;0;0;0;0;0;0;0;4;0;0;0;0
"09/01/2023";"12:06:00";"243";"ac03 - Aci";"169";"BR-050/MG";"Norte";"Colisão Traseira";0;0;1;0;0;0;0;0;0;1;3;0;0;0;0
"09/01/2023";"02:40:00";"291";"ac03 - Aci";"171";"BR-050/MG";"Norte";"Colisão lateral no mesmo sentido";1;0;1;0;0;0;0;0;0;0;3;0;0;0;0
"09/01/2023";"02:40:00";"292";"ac02 - Aci";"173.3";"BR-050/GO";"Sul";"Capotamento";0;0;0;0;0;0;0;0;0;1;0;2;0;0;0
"10/01/2023";"11:49:00";"214";"ac03 - Aci";"114.4";"BR-050/MG";"Norte";"Tombamento";0;0;1;0;0;0;0;0;0;0;2;0;0;0;0
"10/01/2023";"02:39:00";"283";"ac03 - Aci";"25";"BR-050/MG";"Norte";"Colisão Traseira";0;0;1;0;0;0;0;0;0;1;2;0;0;0;0
"10/01/2023";"06:50:00";"359";"ac02 - Aci";"268.8";"BR-050/GO";"Sul";"Capotamento";0;0;0;0;0;0;0;0;0;1;1;1;0;0;0
"10/01/2023";"07:48:00";"377";"ac03 - Aci";"81";"BR-050/MG";"Norte";"Atropelamento de Animal";1;0;0;0;0;0;0;0;0;0;4;0;0;0;0
"10/01/2023";"08:50:00";"390";"ac03 - Aci";"60.9";"BR-050/MG";"Sul";"Choque - Elemento de Drenagem";0;0;0;0;0;0;0;0;0;1;2;0;0;0;0
"11/01/2023";"04:17:00";"39";"ac02 - Aci";"179";"BR-050/MG";"Norte";"Choque - New jersey";1;0;0;0;0;0;0;0;0;0;0;1;0;0;0
"12/01/2023";"12:41:00";"5";"ac02 - Aci";"180";"BR-050/MG";"Norte";"Choque - Meio fio";0;0;0;1;0;0;0;0;0;0;0;1;0;0;0
"12/01/2023";"04:26:00";"24";"ac03 - Aci";"134";"BR-050/MG";"Norte";"Choque - Elemento de Drenagem";0;0;0;0;1;0;0;0;0;0;49;0;0;0;0
"12/01/2023";"08:07:00";"78";"ac03 - Aci";"116.3";"BR-050/GO";"Sul";"Objeto lançado contra veículo";1;0;0;0;0;0;0;0;0;0;5;0;0;0;0
"12/01/2023";"01:52:00";"243";"ac02 - Aci";"308";"BR-050/GO";"Sul";"Tombamento";0;0;1;0;0;0;0;0;0;0;0;0;1;0;0
"12/01/2023";"03:35:00";"281";"ac03 - Aci";"53.74";"BR-050/MG";"Sul";"Colisão Traseira";0;0;1;0;1;0;0;0;0;0;34;0;0;0;0
"12/01/2023";"07:52:00";"376";"ac02 - Aci";"190.4";"BR-050/MG";"Norte";"Tombamento";0;0;1;0;0;0;0;0;0;0;0;1;0;0;0
"13/01/2023";"12:33:00";"5";"ac03 - Aci";"258.9";"BR-050/GO";"Norte";"Choque - Sinalização";0;0;0;0;0;0;0;0;0;1;2;0;0;0;0
"13/01/2023";"12:40:00";"9";"ac03 - Aci";"106";"BR-050/GO";"Norte";"Choque - Elemento de Drenagem";0;0;1;0;0;0;0;0;0;0;1;0;0;0;0
"13/01/2023";"03:06:00";"269";"ac03 - Aci";"122";"BR-050/MG";"Sul";"Colisão Traseira";1;0;0;0;0;1;0;0;0;0;2;0;0;0;0
"13/01/2023";"04:00:00";"297";"ac02 - Aci";"194";"BR-050/MG";"Sul";"Choque - Talude ou Barranco";0;0;1;0;0;0;0;0;0;0;0;1;0;0;0
"13/01/2023";"05:34:00";"339";"ac03 - Aci";"182";"BR-050/MG";"Norte";"Colisão lateral no mesmo sentido";1;0;1;0;0;0;0;0;0;0;3;0;0;0;0
"13/01/2023";"07:32:00";"381";"ac02 - Aci";"64";"BR-050/MG";"Sul";"Choque - Elemento de Drenagem";1;0;0;0;0;0;0;0;0;0;0;1;0;0;0
"14/01/2023";"06:06:00";"41";"ac01 - Aci";"165.45";"BR-050/MG";"Norte";"Atropelamento - Pedestre";0;0;0;0;0;1;0;0;0;0;0;0;0;0;1
"14/01/2023";"06:52:00";"59";"ac03 - Aci";"46.9";"BR-050/MG";"Norte";"Choque - Elemento de Drenagem";1;0;0;0;0;0;0;0;0;0;1;0;0;0;0
"14/01/2023";"03:56:00";"304";"ac03 - Aci";"169.5";"BR-050/MG";"Norte";"Choque - Meio fio";0;0;1;0;0;0;0;0;0;0;1;0;0;0;0
"14/01/2023";"04:22:00";"314";"ac03 - Aci";"313.32";"BR-050/GO";"Sul";"Colisão Traseira";2;0;0;0;0;0;0;0;0;0;6;0;0;0;0
"14/01/2023";"04:55:00";"337";"ac03 - Aci";"190.5";"BR-050/MG";"Norte";"Choque - Meio fio";1;0;0;0;0;0;0;0;0;0;1;0;0;0;0
"15/01/2023";"12:47:00";"10";"ac03 - Aci";"120.55";"BR-050/MG";"Norte";"Colisão lateral no mesmo sentido";1;0;1;0;0;0;0;0;0;0;1;0;0;0;0
"15/01/2023";"02:19:00";"211";"ac03 - Aci";"178.1";"BR-050/MG";"Sul";"Choque - New jersey";1;0;0;0;0;0;0;0;0;0;2;0;0;0;0
"15/01/2023";"05:34:00";"277";"ac02 - Aci";"185.2";"BR-050/MG";"Norte";"Queda de Moto";0;0;0;1;0;0;0;0;0;0;0;1;0;0;0
"16/01/2023";"02:22:00";"10";"ac03 - Aci";"132.7";"BR-050/GO";"Norte";"Colisão Traseira";0;0;1;0;0;0;0;0;0;1;2;0;0;0;0
"16/01/2023";"06:58:00";"45";"ac03 - Aci";"195.9";"BR-050/MG";"Sul";"Atropelamento de Animal";1;0;0;0;0;0;0;0;0;0;1;0;0;0;0
"17/01/2023";"04:31:00";"279";"ac02 - Aci";"126";"BR-050/MG";"Norte";"Engavetamento";2;0;2;0;0;0;0;0;0;0;7;1;0;0;0
"17/01/2023";"06:48:00";"316";"ac03 - Aci";"193";"BR-050/MG";"Sul";"Colisão lateral no mesmo sentido";0;0;1;0;0;0;0;0;0;1;4;0;0;0;0
"17/01/2023";"08:45:00";"343";"ac03 - Aci";"147.7";"BR-050/MG";"Sul";"Choque - Elemento de Drenagem";0;0;1;0;0;0;0;0;0;0;1;0;0;0;0
"17/01/2023";"09:40:00";"352";"ac02 - Aci";"176";"BR-050/MG";"Norte";"Choque - New jersey";0;0;1;0;0;0;0;0;0;0;1;2;0;0;0
"18/01/2023";"03:39:00";"20";"ac02 - Aci";"169";"BR-050/MG";"Norte";"Capotamento";1;0;0;0;0;0;0;0;0;0;4;1;0;0;0
"18/01/2023";"01:32:00";"245";"ac03 - Aci";"279.1";"BR-050/GO";"Norte";"Colisão lateral no mesmo sentido";0;0;1;1;0;0;0;0;0;0;2;0;0;0;0
"18/01/2023";"04:46:00";"323";"ac03 - Aci";"194.8";"BR-050/MG";"Sul";"Choque - Defensa metálica";0;0;1;0;0;0;0;0;0;0;1;0;0;0;0
"18/01/2023";"10:16:00";"412";"ac03 - Aci";"183.5";"BR-050/MG";"Norte";"Choque - New jersey";0;0;1;0;0;0;0;0;0;0;1;0;0;0;0
"20/01/2023";"01:28:00";"10";"ac02 - Aci";"244.34";"BR-050/GO";"Sul";"Choque - Defensa metálica";0;0;1;0;0;0;0;0;0;0;0;0;1;0;0
"20/01/2023";"08:16:00";"72";"ac03 - Aci";"194.7";"BR-050/MG";"Sul";"Choque - Talude ou Barranco";1;0;0;0;0;0;0;0;0;0;1;0;0;0;0
"20/01/2023";"02:04:00";"211";"ac02 - Aci";"175.5";"BR-050/MG";"Norte";"Capotamento";0;0;0;0;0;0;0;0;0;1;0;1;0;0;0
"20/01/2023";"04:41:00";"275";"ac02 - Aci";"27";"BR-050/MG";"Sul";"Tombamento";0;0;1;0;0;0;0;0;0;0;0;0;1;0;0
"20/01/2023";"05:29:00";"296";"ac03 - Aci";"167.2";"BR-050/MG";"Sul";"Choque - Meio fio";1;0;0;0;0;1;0;0;0;0;3;0;0;0;0
"20/01/2023";"10:05:00";"364";"ac02 - Aci";"174.7";"BR-050/MG";"Sul";"Colisão lateral no mesmo sentido";0;1;0;1;0;0;0;0;0;0;1;1;0;0;0
"21/01/2023";"02:29:00";"9";"ac03 - Aci";"144";"BR-050/GO";"Norte";"Colisão Traseira";0;0;2;0;0;0;0;0;0;0;3;0;0;0;0
"21/01/2023";"05:24:00";"21";"ac03 - Aci";"34";"BR-050/MG";"Norte";"Choque - Elemento de Drenagem";1;0;0;0;0;0;0;0;0;0;3;0;0;0;0
"21/01/2023";"05:48:00";"23";"ac03 - Aci";"161.64";"BR-050/GO";"Sul";"Choque - Elemento de Drenagem";1;0;0;0;0;0;0;0;0;0;3;0;0;0;0
"21/01/2023";"10:17:00";"129";"ac02 - Aci";"196.6";"BR-050/GO";"Sul";"Choque - Sinalização";1;0;0;0;0;0;0;0;0;0;3;1;0;0;0
"21/01/2023";"11:02:00";"146";"ac03 - Aci";"165.45";"BR-050/MG";"Sul";"Choque - Arvore";0;0;0;0;0;0;0;0;0;1;3;0;0;0;0
"21/01/2023";"01:51:00";"212";"ac03 - Aci";"261.16";"BR-050/GO";"Sul";"Choque - Elemento de Drenagem";0;0;0;0;0;0;0;0;0;1;1;0;0;0;0
"22/01/2023";"07:38:00";"79";"ac02 - Aci";"174.5";"BR-050/MG";"Norte";"Queda de Moto";0;0;0;1;0;0;0;0;0;0;0;2;0;0;0
"22/01/2023";"10:01:00";"139";"ac03 - Aci";"1.5";"BR-050/MG";"Sul";"Choque - Elemento de Drenagem";1;0;0;0;0;0;0;0;0;0;3;0;0;0;0
"22/01/2023";"03:37:00";"224";"ac03 - Aci";"29.8";"BR-050/MG";"Sul";"Choque - Elemento de Drenagem";1;0;0;0;0;0;0;0;0;0;4;0;0;0;0
"22/01/2023";"04:21:00";"245";"ac03 - Aci";"146.4";"BR-050/MG";"Sul";"Choque - Talude ou Barranco";1;0;0;0;0;0;0;0;0;0;2;0;0;0;0
"23/01/2023";"07:08:00";"348";"ac02 - Aci";"96.4";"BR-050/GO";"Sul";"Colisão Transversal";1;0;0;1;0;0;0;0;0;0;1;1;0;0;0
"23/01/2023";"07:24:00";"351";"ac03 - Aci";"43.3";"BR-050/MG";"Sul";"Choque - Meio fio";1;0;0;0;0;0;0;0;0;0;3;0;0;0;0
"23/01/2023";"10:27:00";"373";"ac02 - Aci";"172.8";"BR-050/MG";"Norte";"Queda de Ciclista";0;1;0;0;0;0;0;0;0;0;0;1;0;0;0
"24/01/2023";"06:21:00";"33";"ac03 - Aci";"22.3";"BR-050/MG";"Sul";"Choque - Meio fio";1;0;0;0;0;0;0;0;0;0;2;0;0;0;0
"24/01/2023";"02:47:00";"269";"ac03 - Aci";"182.4";"BR-050/MG";"Sul";"Tombamento";0;0;0;0;0;0;0;0;0;1;2;0;0;0;0
"24/01/2023";"02:59:00";"274";"ac02 - Aci";"182";"BR-050/MG";"Sul";"Queda de Moto";0;0;0;1;0;0;0;0;0;0;0;1;0;0;0
"24/01/2023";"03:10:00";"279";"ac03 - Aci";"29.7";"BR-050/MG";"Norte";"Choque - Arvore";1;0;0;0;0;0;0;0;0;0;2;0;0;0;0
"24/01/2023";"08:57:00";"387";"ac03 - Aci";"133";"BR-050/GO";"Norte";"Choque - Elemento de Drenagem";1;0;0;0;0;0;0;0;0;0;3;0;0;0;0
"25/01/2023";"01:02:00";"16";"ac03 - Aci";"78.5";"BR-050/MG";"Norte";"Colisão lateral no mesmo sentido";0;0;1;0;0;0;0;0;0;1;3;0;0;0;0
"25/01/2023";"02:45:00";"31";"ac03 - Aci";"106.36";"BR-050/GO";"Norte";"Choque - Elemento de Drenagem";0;0;1;0;0;0;0;0;0;0;1;0;0;0;0
"25/01/2023";"03:51:00";"34";"ac03 - Aci";"28.95";"BR-050/MG";"Norte";"Choque - Talude ou Barranco";1;0;0;0;0;0;0;0;0;0;1;0;0;0;0
"25/01/2023";"10:27:00";"160";"ac02 - Aci";"34.3";"BR-050/MG";"Norte";"Choque - Defensa metálica";1;0;0;0;0;0;0;0;0;0;0;1;0;0;0
"25/01/2023";"03:34:00";"266";"ac03 - Aci";"59.52";"BR-050/MG";"Norte";"Choque - Elemento de Drenagem";0;0;0;0;0;0;0;0;0;1;3;0;0;0;0
"25/01/2023";"05:16:00";"312";"ac02 - Aci";"278.8";"BR-050/GO";"Norte";"Atropelamento - Pedestre";1;0;0;0;0;0;0;0;0;0;1;1;0;0;0
"25/01/2023";"11:55:00";"407";"ac03 - Aci";"56";"BR-050/MG";"Sul";"Colisão lateral no mesmo sentido";0;0;1;0;0;1;0;0;0;0;2;0;0;0;0
"26/01/2023";"05:25:00";"24";"ac03 - Aci";"29.5";"BR-050/MG";"Norte";"Choque - Elemento de Drenagem";0;0;1;0;0;0;0;0;0;0;1;0;0;0;0
"26/01/2023";"12:07:00";"228";"ac03 - Aci";"267.6";"BR-050/GO";"Sul";"Capotamento";1;0;0;0;0;0;0;0;0;0;1;0;0;0;0
"26/01/2023";"12:16:00";"234";"ac02 - Aci";"15.85";"CT-UDI-MG";"Norte";"Queda de Moto";0;0;0;1;0;0;0;0;0;0;0;1;0;0;0
"26/01/2023";"03:22:00";"280";"ac02 - Aci";"123.5";"BR-050/MG";"Norte";"Choque - Elemento de Drenagem";1;0;0;0;0;0;0;0;0;0;2;1;0;0;0
"26/01/2023";"03:55:00";"297";"ac02 - Aci";"148.5";"BR-050/MG";"Sul";"Capotamento";1;0;0;0;0;0;0;0;0;0;0;0;2;2;0
"26/01/2023";"10:03:00";"405";"ac03 - Aci";"118.85";"BR-050/GO";"Sul";"Colisão Traseira";1;0;1;0;0;0;0;0;0;0;2;0;0;0;0
"27/01/2023";"07:34:00";"69";"ac02 - Aci";"304.28";"BR-050/GO";"Norte";"Colisão Traseira";0;0;2;0;0;0;0;0;0;0;0;2;0;0;0
"27/01/2023";"11:42:00";"212";"ac03 - Aci";"102.4";"BR-050/MG";"Norte";"Choque - Arvore";0;0;0;0;1;0;0;0;0;0;1;0;0;0;0
"27/01/2023";"07:16:00";"360";"ac02 - Aci";"177";"BR-050/MG";"Norte";"Capotamento";0;0;0;0;0;0;0;0;0;1;0;0;1;0;0
"27/01/2023";"07:34:00";"363";"ac03 - Aci";"243.46";"BR-050/GO";"Sul";"Choque - Talude ou Barranco";1;0;0;0;0;0;0;0;0;0;2;0;0;0;0
"27/01/2023";"07:41:00";"368";"ac02 - Aci";"299.85";"BR-050/GO";"Norte";"Choque - New jersey";1;0;0;0;0;0;0;0;0;0;0;2;0;0;0
"27/01/2023";"08:51:00";"384";"ac03 - Aci";"134";"BR-050/MG";"Sul";"Choque - Elemento de Drenagem";0;0;0;0;0;0;0;0;0;1;5;0;0;0;0
"28/01/2023";"02:12:00";"18";"ac02 - Aci";"2.9";"CT-UDI-MG";"Norte";"Choque - Talude ou Barranco";1;0;0;0;0;0;0;0;0;0;0;1;0;0;0
"28/01/2023";"06:39:00";"43";"ac03 - Aci";"175.05";"BR-050/MG";"Sul";"Engavetamento";0;0;0;0;1;1;0;0;0;1;47;0;0;0;0
"28/01/2023";"11:24:00";"149";"ac03 - Aci";"3.7";"BR-050/MG";"Sul";"Choque - Elemento de Drenagem";0;0;0;0;0;0;0;0;0;1;1;0;0;0;0
"28/01/2023";"02:40:00";"219";"ac02 - Aci";"175.5";"BR-050/MG";"Norte";"Colisão Traseira";2;0;0;0;0;0;0;0;0;0;5;1;0;0;0
"28/01/2023";"05:21:00";"278";"ac03 - Aci";"180.2";"BR-050/GO";"Norte";"Choque - Defensa metálica";1;0;0;0;0;0;0;0;0;0;1;0;0;0;0
"28/01/2023";"09:31:00";"334";"ac03 - Aci";"201.7";"BR-050/MG";"Norte";"Choque - Talude ou Barranco";1;0;0;0;0;0;0;0;0;0;1;0;0;0;0
"28/01/2023";"09:41:00";"338";"ac03 - Aci";"196";"BR-050/MG";"Sul";"Choque - Defensa metálica";1;0;0;0;0;0;0;0;0;0;1;0;0;0;0
"29/01/2023";"09:29:00";"103";"ac03 - Aci";"132.8";"BR-050/MG";"Sul";"Colisão Traseira";0;0;0;0;0;1;0;0;0;1;2;0;0;0;0
"29/01/2023";"10:08:00";"120";"ac03 - Aci";"155";"BR-050/MG";"Sul";"Choque - Defensa metálica";1;0;0;0;0;0;0;0;0;0;1;0;0;0;0
"29/01/2023";"01:03:00";"168";"ac03 - Aci";"260.93";"BR-050/GO";"Norte";"Choque - Elemento de Drenagem";1;0;0;0;0;0;0;0;0;0;2;0;0;0;0
"29/01/2023";"03:08:00";"196";"ac02 - Aci";"173.05";"BR-050/MG";"Norte";"Queda de Moto";0;0;0;1;0;0;0;0;0;0;1;1;0;0;0
"29/01/2023";"04:56:00";"229";"ac02 - Aci";"165";"BR-050/MG";"Norte";"Colisão Traseira";1;0;0;0;0;0;0;0;0;1;4;1;0;0;0
"29/01/2023";"08:46:00";"292";"ac02 - Aci";"119";"BR-050/GO";"Sul";"Choque - Elemento de Drenagem";1;0;0;0;0;0;0;0;0;0;2;1;0;0;0
"29/01/2023";"09:51:00";"302";"ac02 - Aci";"168";"BR-050/MG";"Sul";"Choque - New jersey";0;0;0;0;0;0;0;0;0;1;1;3;0;0;0
"30/01/2023";"06:14:00";"36";"ac02 - Aci";"6.65";"BR-050/MG";"Norte";"Colisão Traseira";0;0;1;0;0;0;0;0;0;1;1;1;0;0;0
"30/01/2023";"01:34:00";"223";"ac03 - Aci";"165.4";"BR-050/MG";"Norte";"Colisão Traseira";0;0;2;0;0;0;0;0;0;0;2;0;0;0;0
"30/01/2023";"03:32:00";"269";"ac02 - Aci";"158.44";"BR-050/GO";"Norte";"Capotamento";1;0;0;0;0;0;0;0;0;0;0;1;1;0;0
"30/01/2023";"08:32:00";"363";"ac02 - Aci";"168.015";"BR-050/MG";"Sul";"Choque - New jersey";0;0;0;1;0;0;0;0;0;0;0;1;1;0;0
"31/01/2023";"05:44:00";"29";"ac03 - Aci";"129";"BR-050/MG";"Norte";"Tombamento";0;0;1;0;0;0;0;0;0;0;1;0;0;0;0
"31/01/2023";"05:53:00";"33";"ac02 - Aci";"170";"BR-050/MG";"Norte";"Choque - New jersey";0;0;0;1;0;0;0;0;0;0;0;0;1;0;0
"31/01/2023";"02:19:00";"253";"ac02 - Aci";"206.57";"BR-050/MG";"Norte";"Choque - Meio fio";0;0;1;0;0;0;0;0;0;0;0;2;0;0;0
"31/01/2023";"03:09:00";"273";"ac03 - Aci";"170.1";"BR-050/MG";"Norte";"Choque - Defensa metálica";1;0;0;0;0;0;0;0;0;0;1;0;0;0;0
"31/01/2023";"05:09:00";"325";"ac02 - Aci";"194.9";"BR-050/MG";"Sul";"Choque - New jersey";0;0;1;0;0;0;0;0;0;0;0;1;0;0;0
"31/01/2023";"09:15:00";"394";"ac02 - Aci";"80.71";"BR-050/MG";"Sul";"Queda de Moto";0;0;0;1;0;0;0;0;0;0;0;1;0;0;0
"01/02/2023";"10:27:00";"357";"ac03 - Aci";"97";"BR-050/GO";"Sul";"Atropelamento de Animal";0;0;1;0;0;0;0;0;0;0;1;0;0;0;0
"02/02/2023";"08:01:00";"312";"ac03 - Aci";"15.2";"CT-UDI-MG";"Norte";"Colisão Traseira";0;0;0;1;0;0;0;0;0;1;2;0;0;0;0
"03/02/2023";"04:13:00";"282";"ac03 - Aci";"21.53";"CT-UDI-MG";"Sul";"Colisão lateral no mesmo sentido";2;0;0;0;0;0;0;0;0;0;1;0;0;0;0
"03/02/2023";"04:14:00";"283";"ac03 - Aci";"167";"BR-050/MG";"Sul";"Colisão Traseira";1;0;0;0;0;0;0;0;0;1;3;0;0;0;0
"04/02/2023";"01:04:00";"14";"ac02 - Aci";"194.5";"BR-050/MG";"Sul";"Choque - New jersey";0;0;1;0;0;0;0;0;0;0;0;1;0;0;0
"04/02/2023";"04:19:00";"29";"ac03 - Aci";"173.27";"BR-050/MG";"Norte";"Choque - Elemento de Drenagem";0;0;0;0;0;0;0;0;0;1;1;0;0;0;0
"04/02/2023";"09:00:00";"322";"ac03 - Aci";"42";"BR-050/MG";"Sul";"Colisão Traseira";2;0;0;0;0;0;0;0;0;0;3;0;0;0;0
"04/02/2023";"10:49:00";"347";"ac02 - Aci";"96.2";"BR-050/GO";"Norte";"Colisão Traseira";1;0;1;0;0;0;0;0;0;0;0;2;0;0;0
"05/02/2023";"05:34:00";"31";"ac02 - Aci";"185";"BR-050/GO";"Norte";"Queda de Ciclista";0;1;0;0;0;0;0;0;0;0;0;1;0;0;0
"05/02/2023";"01:41:00";"154";"ac03 - Aci";"270";"BR-050/GO";"Norte";"Queda de Moto";0;0;0;1;0;0;0;0;0;0;1;0;0;0;0
"06/02/2023";"05:41:00";"29";"ac03 - Aci";"153.8";"BR-050/MG";"Sul";"Capotamento";1;0;0;0;0;0;0;0;0;0;2;0;0;0;0
"06/02/2023";"05:42:00";"30";"ac03 - Aci";"56.8";"BR-050/MG";"Sul";"Choque - Objeto sobre a pista";1;0;1;0;0;0;0;0;0;0;1;0;0;0;0
"06/02/2023";"08:45:00";"97";"ac03 - Aci";"55.5";"BR-050/MG";"Sul";"Colisão Traseira";1;0;0;0;0;0;0;0;0;1;2;0;0;0;0
"06/02/2023";"12:20:00";"192";"ac02 - Aci";"200.1";"BR-050/MG";"Norte";"Capotamento";1;0;0;0;0;0;0;0;0;0;0;2;0;0;0
"06/02/2023";"12:49:00";"202";"ac02 - Aci";"304.6";"BR-050/GO";"Sul";"Tombamento";0;0;1;0;0;0;0;0;0;0;0;1;0;0;0
"06/02/2023";"02:37:00";"222";"ac02 - Aci";"39.85";"BR-050/MG";"Sul";"Choque - Defensa metálica";1;0;0;0;0;0;0;0;0;0;0;1;0;0;0
"06/02/2023";"05:48:00";"281";"ac02 - Aci";"179.5";"BR-050/MG";"Sul";"Queda de Moto";0;0;0;1;0;0;0;0;0;0;1;1;0;0;0
"07/02/2023";"05:25:00";"251";"ac03 - Aci";"168";"BR-050/MG";"Sul";"Engavetamento";1;0;0;0;0;1;0;0;0;2;8;0;0;0;0
"08/02/2023";"12:54:00";"177";"ac03 - Aci";"206.9";"BR-050/MG";"Sul";"Choque - New jersey";0;0;1;0;0;0;0;0;0;0;2;0;0;0;0
"08/02/2023";"03:30:00";"221";"ac02 - Aci";"88.8";"BR-050/MG";"Norte";"Choque - Defensa metálica";1;0;0;0;0;0;0;0;0;0;0;1;0;0;0
"08/02/2023";"05:02:00";"257";"ac03 - Aci";"18.2";"CT-UDI-MG";"Norte";"Capotamento";1;0;0;0;0;0;0;0;0;0;1;0;0;0;0
"08/02/2023";"08:40:00";"313";"ac03 - Aci";"81.4";"BR-050/MG";"Sul";"Choque - Talude ou Barranco";1;0;0;0;0;0;0;0;0;0;2;0;0;0;0
"09/02/2023";"12:37:00";"4";"ac02 - Aci";"144";"BR-050/GO";"Norte";"Choque - Elemento de Drenagem";1;0;0;0;0;0;0;0;0;0;1;1;0;0;0
"09/02/2023";"10:48:00";"137";"ac02 - Aci";"60.65";"BR-050/MG";"Sul";"Choque - Elemento de Drenagem";1;0;0;0;0;0;0;0;0;0;0;1;0;0;0
"09/02/2023";"11:33:00";"149";"ac02 - Aci";"78.6";"BR-050/MG";"Sul";"Choque - Defensa metálica";0;0;0;0;0;0;1;0;0;0;0;1;0;0;0
"09/02/2023";"11:44:00";"152";"ac03 - Aci";"8.8";"BR-050/MG";"Norte";"Choque - Meio fio";0;0;1;0;0;0;0;0;0;0;1;0;0;0;0
"09/02/2023";"01:09:00";"178";"ac02 - Aci";"196.9";"BR-050/GO";"Sul";"Choque - Arvore";0;0;0;0;0;0;0;0;0;1;0;1;0;0;0
"10/02/2023";"10:18:00";"123";"ac03 - Aci";"5.6";"BR-050/MG";"Norte";"Choque - Elemento de Drenagem";0;0;1;0;0;0;0;0;0;0;1;0;0;0;0
"10/02/2023";"02:09:00";"192";"ac03 - Aci";"173.2";"BR-050/MG";"Norte";"Choque - Elemento de Drenagem";0;0;1;0;0;0;0;0;0;0;1;0;0;0;0
"10/02/2023";"03:39:00";"226";"ac03 - Aci";"62";"BR-050/MG";"Sul";"Choque - Elemento de Drenagem";1;0;0;0;0;0;0;0;0;0;3;0;0;0;0
"10/02/2023";"05:53:00";"271";"ac03 - Aci";"77.3";"BR-050/MG";"Sul";"Choque - Sinalização";1;0;0;0;0;0;0;0;0;0;1;0;0;0;0
"10/02/2023";"11:45:00";"370";"ac02 - Aci";"101.3";"BR-050/GO";"Sul";"Queda de Moto";1;0;0;1;0;0;0;0;0;0;1;2;0;0;0