data;horario;n_da_ocorrencia;tipo_de_ocorrencia;km;trecho;sentido;tipo_de_acidente;automovel;bicicleta;caminhao;moto;onibus;outros;tracao_animal;transporte_de_cargas_especiais;trator_maquinas;utilitarios;ilesos;levemente_feridos;moderadamente_feridos;gravemente_feridos;mortos
"11/02/2023";"06:30:00";"45";"ac03 - Aci";"29";"BR-050/MG";"Norte";"Choque - Defensa metálica";1;0;0;0;0;0;0;0;0;0;4;0;0;0;0
"11/02/2023";"08:28:00";"74";"ac03 - Aci";"51.45";"BR-050/MG";"Sul";"Colisão Traseira";1;0;1;0;0;0;0;0;0;0;2;0;0;0;0
"11/02/2023";"09:45:00";"111";"ac03 - Aci";"172";"BR-050/MG";"Sul";"Colisão lateral no mesmo sentido";1;0;1;0;0;0;0;0;0;0;2;0;0;0;0
"11/02/2023";"12:47:00";"199";"ac02 - Aci";"45";"BR-050/MG";"Sul";"Capotamento";1;0;0;0;0;0;0;0;0;0;0;1;1;0;0
"12/02/2023";"09:32:00";"102";"ac03 - Aci";"29";"BR-050/MG";"Sul";"Choque - Defensa metálica";0;0;1;0;0;0;0;0;0;0;1;0;0;0;0
"12/02/2023";"01:55:00";"170";"ac03 - Aci";"229.36";"BR-050/GO";"Sul";"Choque - Defensa metálica";0;0;0;0;0;0;0;0;0;1;1;0;0;0;0
"12/02/2023";"05:38:00";"230";"ac03 - Aci";"305.25";"BR-050/GO";"Sul";"Choque - Objeto sobre a pista";0;0;0;0;0;0;0;0;0;1;2;0;0;0;0
"13/02/2023";"02:14:00";"10";"ac04 - Aci";"187";"BR-050/GO";"Norte";"Choque - Sinalização";0;0;0;0;0;0;0;0;0;1;1;0;0;0;0
"13/02/2023";"12:03:00";"165";"ac03 - Aci";"203.7";"BR-050/GO";"Norte";"Choque - Elemento de Drenagem";0;0;0;0;0;0;0;0;0;1;2;0;0;0;0
"14/02/2023";"12:26:00";"4";"ac02 - Aci";"168";"BR-050/MG";"Sul";"Choque - New jersey";0;0;1;0;0;0;0;0;0;0;0;1;0;0;0
"14/02/2023";"06:16:00";"28";"ac03 - Aci";"277";"BR-050/GO";"Sul";"Colisão Frontal";0;0;1;0;0;0;0;0;0;1;2;0;0;0;0
"14/02/2023";"09:24:00";"107";"ac02 - Aci";"272.76";"BR-050/GO";"Sul";"Capotamento";0;0;0;0;0;0;0;0;0;1;3;2;0;0;0
"14/02/2023";"10:07:00";"126";"ac03 - Aci";"148.2";"BR-050/GO";"Norte";"Colisão Traseira";1;0;1;0;0;0;0;0;0;0;2;0;0;0;0
"14/02/2023";"11:53:00";"172";"ac03 - Aci";"198.65";"BR-050/MG";"Sul";"Choque - Defensa metálica";0;0;1;0;0;0;0;0;0;0;1;0;0;0;0
"14/02/2023";"02:28:00";"224";"ac03 - Aci";"183.2";"BR-050/GO";"Norte";"Capotamento";1;0;0;0;0;0;0;0;0;0;1;0;0;0;0
"15/02/2023";"06:59:00";"53";"ac03 - Aci";"177.6";"BR-050/MG";"Norte";"Engavetamento";3;0;0;1;0;1;0;0;0;0;6;0;0;0;0
"15/02/2023";"07:57:00";"69";"ac02 - Aci";"177.1";"BR-050/MG";"Norte";"Colisão Traseira";0;0;0;1;0;0;0;0;0;1;1;1;0;0;0
"15/02/2023";"01:40:00";"218";"ac03 - Aci";"146";"BR-050/MG";"Sul";"Choque - Elemento de Drenagem";1;0;0;0;0;0;0;0;0;0;2;0;0;0;0
"15/02/2023";"08:37:00";"381";"ac03 - Aci";"137.8";"BR-050/GO";"Norte";"Atropelamento de Animal";1;0;0;0;0;0;0;0;0;0;2;0;0;0;0
"16/02/2023";"08:15:00";"66";"ac03 - Aci";"156.2";"BR-050/MG";"Sul";"Choque - Outros";0;0;1;0;0;0;0;0;0;0;0;0;0;0;0
"16/02/2023";"01:50:00";"206";"ac03 - Aci";"185";"BR-050/GO";"Sul";"Capotamento";1;0;0;0;0;0;0;0;0;0;1;0;0;0;0
"17/02/2023";"02:46:00";"22";"ac03 - Aci";"305";"BR-050/GO";"Sul";"Choque - New jersey";1;0;0;0;0;0;0;0;0;0;3;0;0;0;0
"17/02/2023";"06:26:00";"38";"ac02 - Aci";"175";"BR-050/MG";"Sul";"Colisão Traseira";0;1;1;0;0;0;0;0;0;0;1;1;0;0;0
"17/02/2023";"07:35:00";"55";"ac03 - Aci";"22.7";"BR-050/MG";"Norte";"Choque - Defensa metálica";0;0;1;0;0;0;0;0;0;0;2;0;0;0;0
"17/02/2023";"08:29:00";"77";"ac03 - Aci";"134";"BR-050/MG";"Norte";"Choque - Sinalização";1;0;0;0;0;0;0;0;0;0;4;0;0;0;0
"17/02/2023";"09:57:00";"104";"ac02 - Aci";"119";"BR-050/MG";"Sul";"Queda de Moto";0;0;0;1;0;0;0;0;0;0;0;1;0;0;0
"17/02/2023";"11:00:00";"131";"ac03 - Aci";"274";"BR-050/GO";"Sul";"Colisão lateral no mesmo sentido";0;0;0;0;0;0;0;0;0;2;3;0;0;0;0
"17/02/2023";"11:19:00";"140";"ac03 - Aci";"156";"BR-050/MG";"Norte";"Engavetamento";2;0;0;0;0;0;0;0;0;0;4;0;0;0;0
"17/02/2023";"03:45:00";"222";"ac02 - Aci";"153.1";"BR-050/MG";"Sul";"Choque - Sinalização";0;0;0;1;0;0;0;0;0;0;1;0;1;0;0
"18/02/2023";"01:09:00";"12";"ac02 - Aci";"154";"BR-050/MG";"Norte";"Capotamento";1;0;0;0;0;0;0;0;0;0;0;1;0;0;0
"18/02/2023";"05:03:00";"26";"ac02 - Aci";"177";"BR-050/MG";"Sul";"Colisão Traseira";1;0;1;0;0;0;0;0;0;0;1;0;1;0;0
"18/02/2023";"07:30:00";"61";"ac02 - Aci";"111.1";"BR-050/MG";"Norte";"Capotamento";0;0;0;0;0;0;0;0;0;1;0;1;0;0;0
"18/02/2023";"10:45:00";"129";"ac02 - Aci";"145.445";"BR-050/GO";"Sul";"Capotamento";1;0;0;0;0;0;0;0;0;0;3;1;0;0;0
"18/02/2023";"03:29:00";"230";"ac02 - Aci";"169.25";"BR-050/MG";"Norte";"Colisão lateral no mesmo sentido";0;0;0;1;0;0;0;0;0;1;5;1;0;0;0
"18/02/2023";"08:17:00";"326";"ac03 - Aci";"119";"BR-050/GO";"Sul";"Choque - Elemento de Drenagem";1;0;0;0;0;0;0;0;0;0;1;0;0;0;0
"18/02/2023";"08:21:00";"327";"ac02 - Aci";"155.1";"BR-050/MG";"Norte";"Choque - Sinalização";1;0;0;0;0;0;0;0;0;0;1;1;0;0;0
"19/02/2023";"02:28:00";"8";"ac03 - Aci";"165";"BR-050/MG";"Norte";"Choque - Elemento de Drenagem";1;0;0;0;0;0;0;0;0;0;3;0;0;0;0
"19/02/2023";"05:18:00";"25";"ac03 - Aci";"52";"BR-050/MG";"Norte";"Choque - New jersey";1;0;0;0;0;0;0;0;0;0;2;0;0;0;0
"19/02/2023";"10:13:00";"94";"ac02 - Aci";"189";"BR-050/MG";"Sul";"Choque - Talude ou Barranco";1;0;0;0;0;0;0;0;0;0;0;1;0;0;0
"19/02/2023";"03:53:00";"188";"ac03 - Aci";"116.1";"BR-050/MG";"Norte";"Colisão Traseira";0;0;1;0;0;1;0;0;0;0;1;0;0;0;0
"19/02/2023";"09:08:00";"271";"ac03 - Aci";"175.1";"BR-050/MG";"Norte";"Choque - New jersey";1;0;0;0;0;0;0;0;0;0;1;0;0;0;0
"21/02/2023";"06:49:00";"40";"ac03 - Aci";"41";"BR-050/MG";"Sul";"Colisão Traseira";2;0;0;0;0;0;0;0;0;0;3;0;0;0;0
"21/02/2023";"12:07:00";"145";"ac03 - Aci";"196.4";"BR-050/MG";"Sul";"Choque - Talude ou Barranco";1;0;0;0;0;0;0;0;0;0;1;0;0;0;0
"21/02/2023";"12:14:00";"148";"ac04 - Aci";"104.8";"BR-050/MG";"Sul";"Choque - Outros";0;0;0;0;0;0;0;0;0;0;0;1;0;0;0
"21/02/2023";"01:39:00";"183";"ac02 - Aci";"17.84";"BR-050/MG";"Norte";"Choque - Objeto sobre a pista";1;0;0;0;0;0;0;0;0;0;1;2;0;0;0
"21/02/2023";"02:24:00";"197";"ac03 - Aci";"124";"BR-050/MG";"Norte";"Choque - Elemento de Drenagem";1;0;0;0;0;0;0;0;0;0;2;0;0;0;0
"21/02/2023";"04:41:00";"262";"ac02 - Aci";"106";"BR-050/GO";"Sul";"Colisão Traseira";0;0;1;0;0;0;0;0;0;1;4;1;0;0;0
"21/02/2023";"05:31:00";"273";"ac03 - Aci";"14.8";"BR-050/MG";"Norte";"Choque - Elemento de Drenagem";1;0;0;0;0;0;0;0;0;0;4;0;0;0;0
"22/02/2023";"07:47:00";"58";"ac03 - Aci";"256.95";"BR-050/GO";"Norte";"Choque - Defensa metálica";1;0;0;0;0;0;0;0;0;0;5;0;0;0;0
"22/02/2023";"12:06:00";"137";"ac04 - Aci";"127.94";"BR-050/GO";"Sul";"Atropelamento - Funcionário";0;0;0;0;0;1;0;0;0;0;0;0;1;0;0
"22/02/2023";"01:09:00";"166";"ac03 - Aci";"139";"BR-050/GO";"Sul";"Atropelamento de Animal";0;0;0;0;0;0;0;0;0;1;1;0;0;0;0
"22/02/2023";"03:53:00";"212";"ac02 - Aci";"240.85";"BR-050/GO";"Sul";"Capotamento";0;0;0;0;0;0;0;0;0;1;0;0;1;0;0
"22/02/2023";"05:59:00";"250";"ac03 - Aci";"167.5";"BR-050/MG";"Sul";"Colisão Traseira";1;0;0;0;0;0;0;0;0;1;6;0;0;0;0
"23/02/2023";"09:13:00";"81";"ac03 - Aci";"196";"BR-050/MG";"Sul";"Choque - New jersey";1;0;0;0;0;0;0;0;0;0;1;0;0;0;0
"23/02/2023";"03:20:00";"250";"ac03 - Aci";"115.8";"BR-050/MG";"Norte";"Choque - Elemento de Drenagem";1;0;0;0;0;0;0;0;0;0;1;0;0;0;0
"23/02/2023";"04:04:00";"263";"ac02 - Aci";"25.74";"BR-050/MG";"Norte";"Capotamento";1;0;0;0;0;0;0;0;0;0;0;0;1;0;0
"23/02/2023";"06:22:00";"304";"ac03 - Aci";"106.6";"BR-050/GO";"Norte";"Colisão Traseira";1;0;0;0;0;0;0;0;0;1;4;0;0;0;0
"24/02/2023";"08:12:00";"76";"ac02 - Aci";"107.7";"BR-050/MG";"Norte";"Capotamento";0;0;0;0;0;0;0;0;0;1;0;1;1;0;0
"24/02/2023";"09:59:00";"116";"ac03 - Aci";"143";"BR-050/GO";"Norte";"Choque - Defensa metálica";1;0;0;0;0;0;0;0;0;0;1;0;0;0;0
"24/02/2023";"12:36:00";"190";"ac03 - Aci";"165.8";"BR-050/MG";"Sul";"Colisão Traseira";1;0;0;0;0;0;0;0;0;1;5;0;0;0;0
"24/02/2023";"03:01:00";"249";"ac02 - Aci";"98.5";"BR-050/GO";"Norte";"Colisão lateral no mesmo sentido";1;0;0;1;0;0;0;0;0;0;4;0;1;0;0
"25/02/2023";"12:27:00";"5";"ac03 - Aci";"19.1";"BR-050/MG";"Sul";"Choque - Elemento de Drenagem";0;0;1;0;0;0;0;0;0;0;1;0;0;0;0
"25/02/2023";"05:55:00";"38";"ac02 - Aci";"187";"BR-050/MG";"Norte";"Queda de Moto";0;0;0;1;0;0;0;0;0;0;0;1;0;0;0
"25/02/2023";"10:05:00";"133";"ac03 - Aci";"51.475";"BR-050/MG";"Norte";"Colisão Traseira";2;0;0;0;0;0;0;0;0;0;6;0;0;0;0
"25/02/2023";"01:38:00";"192";"ac03 - Aci";"142.3";"BR-050/MG";"Norte";"Choque - Arvore";0;0;1;0;0;0;0;0;0;0;1;0;0;0;0
"25/02/2023";"02:36:00";"212";"ac02 - Aci";"229.55";"BR-050/GO";"Norte";"Capotamento";0;0;0;0;0;0;0;0;0;1;0;0;1;0;0
"25/02/2023";"04:53:00";"249";"ac03 - Aci";"167";"BR-050/MG";"Sul";"Colisão Traseira";2;0;0;0;0;0;0;0;0;0;5;0;0;0;0
"25/02/2023";"06:51:00";"282";"ac02 - Aci";"21.5";"CT-UDI-MG";"Norte";"Tombamento";0;0;1;0;0;0;0;0;0;0;0;1;0;0;0
"26/02/2023";"04:21:00";"210";"ac03 - Aci";"57.5";"BR-050/MG";"Sul";"Colisão Traseira";1;0;0;0;0;0;0;0;0;1;4;0;0;0;0
"26/02/2023";"04:45:00";"215";"ac02 - Aci";"101";"BR-050/GO";"Sul";"Capotamento";1;0;0;0;0;0;0;0;0;0;0;0;1;0;0
"26/02/2023";"08:26:00";"311";"ac03 - Aci";"123.25";"BR-050/MG";"Norte";"Choque - Elemento de Drenagem";1;0;0;0;0;0;0;0;0;0;2;0;0;0;0
"26/02/2023";"10:18:00";"328";"ac03 - Aci";"176.65";"BR-050/MG";"Norte";"Choque - Defensa metálica";1;0;0;0;0;0;0;0;0;0;2;0;0;0;0
"27/02/2023";"10:40:00";"141";"ac03 - Aci";"164.9";"BR-050/MG";"Norte";"Tombamento";0;0;1;0;0;0;0;0;0;0;1;0;0;0;0
"27/02/2023";"02:29:00";"196";"ac03 - Aci";"118.9";"BR-050/MG";"Sul";"Colisão Traseira";1;0;1;0;0;0;0;0;0;0;5;0;0;0;0
"27/02/2023";"07:08:00";"290";"ac03 - Aci";"175.5";"BR-050/MG";"Sul";"Choque - Meio fio";1;0;0;0;0;0;0;0;0;0;2;0;0;0;0
"28/02/2023";"09:04:00";"78";"ac03 - Aci";"176";"BR-050/MG";"Sul";"Colisão Traseira";0;0;2;0;0;0;0;0;0;0;2;0;0;0;0
"28/02/2023";"09:30:00";"83";"ac03 - Aci";"175.5";"BR-050/MG";"Sul";"Colisão Traseira";1;0;0;0;0;1;0;0;0;0;1;0;0;0;0
"01/03/2023";"05:57:00";"22";"ac03 - Aci";"171.5";"BR-050/MG";"Sul";"Colisão Traseira";1;0;0;0;0;0;0;0;0;1;2;0;0;0;0
"01/03/2023";"08:38:00";"331";"ac02 - Aci";"194.47";"BR-050/MG";"Sul";"Choque - Talude ou Barranco";0;0;1;0;0;0;0;0;0;0;0;1;0;0;0
"01/03/2023";"08:58:00";"337";"ac02 - Aci";"194.5";"BR-050/MG";"Sul";"Choque - Objeto sobre a pista";0;0;0;1;0;0;0;0;0;0;0;1;0;0;0
"02/03/2023";"03:13:00";"236";"ac02 - Aci";"119";"BR-050/GO";"Norte";"Capotamento";0;0;0;0;0;0;0;0;0;1;0;1;0;0;0
"02/03/2023";"07:21:00";"339";"ac04 - Aci";"14";"BR-050/MG";"Sul";"Choque - Outros";0;0;0;0;0;0;0;0;0;0;0;1;0;0;0
"02/03/2023";"11:16:00";"378";"ac03 - Aci";"175.4";"BR-050/MG";"Sul";"Choque - New jersey";0;0;0;0;0;0;0;0;0;1;1;0;0;0;0
"03/03/2023";"12:25:00";"2";"ac03 - Aci";"156";"BR-050/MG";"Norte";"Choque - Elemento de Drenagem";1;0;0;0;0;0;0;0;0;0;3;0;0;0;0
"03/03/2023";"02:43:00";"16";"ac02 - Aci";"29.8";"BR-050/MG";"Norte";"Tombamento";0;0;1;0;0;0;0;0;0;0;0;0;1;0;0
"03/03/2023";"02:49:00";"17";"ac02 - Aci";"166";"BR-050/MG";"Norte";"Tombamento";0;0;1;0;0;0;0;0;0;0;0;1;0;0;0
"03/03/2023";"12:56:00";"172";"ac03 - Aci";"58.5";"BR-050/MG";"Norte";"Choque - Elemento de Drenagem";0;0;1;0;0;0;0;0;0;0;1;0;0;0;0
"03/03/2023";"01:41:00";"178";"ac03 - Aci";"40.6";"BR-050/MG";"Norte";"Colisão lateral no mesmo sentido";1;0;0;1;0;0;0;0;0;0;2;0;0;0;0
"03/03/2023";"04:15:00";"225";"ac03 - Aci";"115.38";"BR-050/GO";"Norte";"Choque - Talude ou Barranco";1;0;0;0;0;1;0;0;0;0;2;0;0;0;0
"03/03/2023";"04:30:00";"233";"ac03 - Aci";"287.4";"BR-050/GO";"Sul";"Choque - Meio fio";0;0;0;0;0;0;0;0;0;1;2;0;0;0;0
"04/03/2023";"02:11:00";"20";"ac02 - Aci";"164.5";"BR-050/MG";"Norte";"Choque - Defensa metálica";0;0;1;0;0;0;0;0;0;0;0;1;2;0;0
"04/03/2023";"03:54:00";"29";"ac03 - Aci";"271.5";"BR-050/GO";"Sul";"Choque - Elemento de Drenagem";1;0;0;0;0;0;0;0;0;0;1;0;0;0;0
"04/03/2023";"05:50:00";"35";"ac03 - Aci";"181.4";"BR-050/GO";"Norte";"Queda de Moto";0;0;0;1;0;0;0;0;0;0;1;0;0;0;0
"04/03/2023";"12:28:00";"215";"ac03 - Aci";"0";"CT-UDI-MG";"Sul";"Choque - Talude ou Barranco";0;0;0;1;0;0;0;0;0;0;1;0;0;0;0
"04/03/2023";"06:40:00";"351";"ac03 - Aci";"132.8";"BR-050/GO";"Norte";"Choque - Elemento de Drenagem";1;0;0;0;0;0;0;0;0;0;1;0;0;0;0
"04/03/2023";"09:54:00";"401";"ac03 - Aci";"169.4";"BR-050/MG";"Norte";"Choque - Meio fio";0;0;1;0;0;0;0;0;0;0;1;0;0;0;0
"05/03/2023";"06:50:00";"47";"ac03 - Aci";"169";"BR-050/MG";"Sul";"Choque - Outros";0;0;0;0;0;0;0;0;0;1;0;0;0;0;0
"05/03/2023";"12:05:00";"142";"ac02 - Aci";"25.5";"BR-050/MG";"Sul";"Capotamento";1;0;0;0;0;0;0;0;0;0;0;0;1;0;0
"05/03/2023";"01:47:00";"165";"ac03 - Aci";"47.77";"BR-050/MG";"Sul";"Choque - Meio fio";1;0;0;0;0;0;0;0;0;0;2;0;0;0;0
"07/03/2023";"01:00:00";"6";"ac03 - Aci";"91.4";"BR-050/MG";"Norte";"Capotamento";1;0;0;0;0;0;0;0;0;0;2;0;0;0;0
"07/03/2023";"12:11:00";"176";"ac04 - Aci";"314";"BR-050/GO";"Sul";"Queda de Carro";0;0;0;0;0;0;0;0;0;0;0;0;1;0;0
"07/03/2023";"12:28:00";"180";"ac02 - Aci";"137.9";"BR-050/MG";"Norte";"Capotamento";0;0;0;0;0;1;0;0;0;1;0;1;0;0;0
"07/03/2023";"09:04:00";"318";"ac02 - Aci";"6.7";"CT-UDI-MG";"Sul";"Choque - Defensa metálica";0;0;1;0;0;0;0;0;0;0;0;0;1;0;0
"09/03/2023";"07:54:00";"56";"ac03 - Aci";"12.62";"BR-050/MG";"Sul";"Capotamento";1;0;0;0;0;0;0;0;0;0;0;0;0;0;0
"09/03/2023";"07:57:00";"58";"ac03 - Aci";"273";"BR-050/GO";"Norte";"Colisão lateral no mesmo sentido";0;1;0;0;0;1;0;0;0;0;1;0;0;0;0
"09/03/2023";"12:12:00";"161";"ac02 - Aci";"99";"BR-050/GO";"Norte";"Colisão Transversal";1;0;1;1;0;0;0;0;0;0;1;0;0;1;0
"09/03/2023";"04:54:00";"260";"ac03 - Aci";"271.8";"BR-050/GO";"Norte";"Choque - Talude ou Barranco";1;0;0;0;0;0;0;0;0;0;2;0;0;0;0
"09/03/2023";"05:28:00";"272";"ac03 - Aci";"271.9";"BR-050/GO";"Norte";"Choque - Outros";0;0;0;0;0;0;0;0;1;0;1;0;0;0;0
"09/03/2023";"05:55:00";"285";"ac03 - Aci";"229";"BR-050/GO";"Sul";"Choque - Elemento de Drenagem";1;0;0;0;0;0;0;0;0;0;1;0;0;0;0
"09/03/2023";"06:38:00";"294";"ac03 - Aci";"235";"BR-050/GO";"Norte";"Choque - Elemento de Drenagem";1;0;0;0;0;0;0;0;0;0;1;0;0;0;0
"09/03/2023";"07:19:00";"299";"ac02 - Aci";"206";"BR-050/GO";"Sul";"Colisão Traseira";1;0;0;1;0;0;0;0;0;0;1;1;0;0;0
"09/03/2023";"07:30:00";"303";"ac03 - Aci";"30.48";"BR-050/MG";"Sul";"Queda de Carro";0;0;0;0;0;0;0;0;0;1;1;0;0;0;0
"09/03/2023";"11:45:00";"352";"ac03 - Aci";"18.2";"BR-050/MG";"Sul";"Choque - Elemento de Drenagem";0;0;1;0;0;0;0;0;0;0;1;0;0;0;0
"10/03/2023";"09:43:00";"135";"ac03 - Aci";"97";"BR-050/GO";"Sul";"Colisão Traseira";1;0;0;0;0;1;0;0;0;0;2;0;0;0;0
"10/03/2023";"12:21:00";"209";"ac03 - Aci";"160.25";"BR-050/MG";"Sul";"Capotamento";0;0;0;0;0;0;0;0;0;1;0;0;0;0;0
"10/03/2023";"04:51:00";"315";"ac03 - Aci";"186";"BR-050/MG";"Sul";"Choque - New jersey";1;0;0;0;0;0;0;0;0;0;2;0;0;0;0
"10/03/2023";"07:05:00";"365";"ac03 - Aci";"59.7";"BR-050/MG";"Norte";"Choque - Defensa metálica";0;0;1;0;0;0;0;0;0;0;1;0;0;0;0
"10/03/2023";"09:06:00";"400";"ac02 - Aci";"165";"BR-050/MG";"Norte";"Choque - Defensa metálica";0;0;1;0;0;0;0;0;0;0;0;1;0;0;0
"10/03/2023";"10:07:00";"415";"ac02 - Aci";"123.5";"BR-050/GO";"Sul";"Tombamento";0;0;1;0;0;0;0;0;0;0;0;1;0;0;0
"10/03/2023";"10:18:00";"420";"ac03 - Aci";"190";"BR-050/MG";"Sul";"Choque - Outros";1;0;0;0;0;0;0;0;0;0;1;0;0;0;0
"11/03/2023";"02:51:00";"14";"ac03 - Aci";"176";"BR-050/MG";"Norte";"Colisão Traseira";1;0;1;0;0;0;0;0;0;0;2;0;0;0;0
"11/03/2023";"05:32:00";"27";"ac03 - Aci";"114.45";"BR-050/MG";"Norte";"Tombamento";0;0;1;0;0;0;0;0;0;0;1;0;0;0;0
"11/03/2023";"07:41:00";"45";"ac02 - Aci";"310";"BR-050/GO";"Norte";"Choque - Defensa metálica";0;0;0;1;0;0;0;0;0;0;0;0;0;1;0
"11/03/2023";"12:33:00";"155";"ac02 - Aci";"126.5";"BR-050/MG";"Norte";"Capotamento";0;0;0;0;0;0;0;0;0;1;0;2;0;0;0
"11/03/2023";"01:50:00";"170";"ac03 - Aci";"62.28";"BR-050/MG";"Norte";"Choque - Elemento de Drenagem";0;0;0;0;0;0;0;0;0;1;1;0;0;0;0
"11/03/2023";"04:26:00";"231";"ac03 - Aci";"8.7";"BR-050/MG";"Sul";"Choque - Veiculo parado no acostamento";0;0;1;0;0;0;0;0;0;1;2;0;0;0;0
"12/03/2023";"02:16:00";"14";"ac03 - Aci";"114.5";"BR-050/MG";"Sul";"Capotamento";1;0;0;0;0;0;0;0;0;0;1;0;0;0;0
"12/03/2023";"09:49:00";"79";"ac04 - Aci";"198";"BR-050/MG";"Sul";"Choque na praça – cabine";0;0;0;0;0;0;0;0;0;0;0;1;0;0;0
"12/03/2023";"03:59:00";"198";"ac02 - Aci";"152.2";"BR-050/GO";"Norte";"Tombamento";0;0;1;0;0;0;0;0;0;0;0;0;1;0;0
"12/03/2023";"08:45:00";"281";"ac03 - Aci";"197.9";"BR-050/MG";"Sul";"Colisão Traseira";1;0;0;0;0;1;0;0;0;0;2;0;0;0;0
"13/03/2023";"09:04:00";"121";"ac03 - Aci";"196.95";"BR-050/GO";"Sul";"Choque - Veiculo parado na pista";0;0;0;0;0;0;0;0;0;1;1;0;0;0;0
"13/03/2023";"01:02:00";"241";"ac02 - Aci";"171.3";"BR-050/MG";"Norte";"Choque - New jersey";0;0;1;0;0;0;0;0;0;0;0;1;0;0;0
"13/03/2023";"03:46:00";"297";"ac03 - Aci";"146.5";"BR-050/MG";"Sul";"Choque - Elemento de Drenagem";1;0;0;0;0;0;0;0;0;0;1;0;0;0;0
"13/03/2023";"04:28:00";"312";"ac02 - Aci";"119";"BR-050/MG";"Norte";"Capotamento";1;0;0;0;0;0;0;0;0;0;0;1;0;0;0
"13/03/2023";"05:05:00";"322";"ac03 - Aci";"306.3";"BR-050/GO";"Sul";"Choque - Elemento de Drenagem";0;0;0;0;0;0;0;0;0;1;3;0;0;0;0
"13/03/2023";"11:38:00";"408";"ac03 - Aci";"59.9";"BR-050/MG";"Sul";"Choque - Elemento de Drenagem";0;0;1;0;0;0;0;0;0;0;1;0;0;0;0
"14/03/2023";"01:30:00";"13";"ac03 - Aci";"306";"BR-050/GO";"Norte";"Tombamento";0;0;1;0;0;0;0;0;0;0;2;0;0;0;0
"14/03/2023";"04:05:00";"19";"ac03 - Aci";"22.86";"BR-050/MG";"Norte";"Choque - Elemento de Drenagem";1;0;0;0;0;0;0;0;0;0;5;0;0;0;0
"14/03/2023";"01:45:00";"222";"ac03 - Aci";"192.4";"BR-050/MG";"Norte";"Colisão Traseira";2;0;0;0;0;0;0;0;0;0;3;0;0;0;0
"14/03/2023";"03:35:00";"249";"ac03 - Aci";"109.07";"BR-050/MG";"Norte";"Choque - Sinalização";1;0;0;0;0;0;0;0;0;0;1;0;0;0;0
"14/03/2023";"09:10:00";"330";"ac03 - Aci";"255";"BR-050/GO";"Sul";"Choque - Defensa metálica";1;0;0;0;0;0;0;0;0;0;1;0;0;0;0
"14/03/2023";"09:12:00";"332";"ac03 - Aci";"96.84";"BR-050/MG";"Norte";"Colisão Traseira";0;0;2;0;0;0;0;0;0;0;2;0;0;0;0
"15/03/2023";"02:24:00";"23";"ac03 - Aci";"252.1";"BR-050/GO";"Sul";"Choque - Talude ou Barranco";1;0;0;0;0;0;0;0;0;0;3;0;0;0;0
"15/03/2023";"04:10:00";"33";"ac03 - Aci";"21.03";"BR-050/MG";"Sul";"Choque - Elemento de Drenagem";0;0;1;0;0;0;0;0;0;0;1;0;0;0;0
"15/03/2023";"06:52:00";"57";"ac03 - Aci";"106.4";"BR-050/GO";"Sul";"Choque - Outros";0;0;0;0;1;0;0;0;0;0;4;0;0;0;0
"16/03/2023";"06:28:00";"30";"ac03 - Aci";"201";"BR-050/MG";"Sul";"Choque - New jersey";1;0;0;0;0;0;0;0;0;0;1;0;0;0;0
"16/03/2023";"07:08:00";"39";"ac03 - Aci";"100.4";"BR-050/GO";"Sul";"Choque - Talude ou Barranco";1;0;0;0;0;0;0;0;0;0;1;0;0;0;0
"16/03/2023";"11:14:00";"144";"ac03 - Aci";"279.08";"BR-050/GO";"Sul";"Colisão lateral no mesmo sentido";1;0;1;0;0;0;0;0;0;0;2;0;0;0;0
"16/03/2023";"01:50:00";"197";"ac02 - Aci";"194.6";"BR-050/MG";"Norte";"Colisão Traseira";1;0;1;0;0;0;0;0;0;0;1;3;0;0;0
"16/03/2023";"05:45:00";"266";"ac02 - Aci";"83.4";"BR-050/MG";"Norte";"Colisão Traseira";2;0;0;0;0;0;0;0;0;0;2;1;0;0;0
"16/03/2023";"07:13:00";"284";"ac03 - Aci";"206.4";"BR-050/GO";"Norte";"Atropelamento de Animal";0;0;0;0;0;0;0;0;0;1;1;0;0;0;0
"17/03/2023";"10:26:00";"141";"ac02 - Aci";"29.744";"BR-050/MG";"Norte";"Tombamento";0;0;1;0;0;0;0;0;0;0;0;1;0;0;0
"17/03/2023";"12:06:00";"181";"ac02 - Aci";"145.2";"BR-050/MG";"Sul";"Choque - Sinalização";1;0;0;0;0;0;0;0;0;0;0;1;0;0;0
"17/03/2023";"01:45:00";"214";"ac03 - Aci";"205.8";"BR-050/MG";"Sul";"Choque - New jersey";1;0;0;0;0;0;0;0;0;0;1;0;0;0;0
"17/03/2023";"02:49:00";"238";"ac02 - Aci";"175.5";"BR-050/MG";"Norte";"Engavetamento";3;0;0;0;0;0;0;0;0;0;2;1;0;0;0
"17/03/2023";"04:31:00";"273";"ac03 - Aci";"207.2";"BR-050/MG";"Sul";"Colisão Traseira";1;0;0;0;0;1;0;0;0;0;1;0;0;0;0
"17/03/2023";"05:21:00";"292";"ac02 - Aci";"178.9";"BR-050/MG";"Norte";"Colisão Traseira";0;0;0;1;0;1;0;0;0;0;0;1;0;0;0
"17/03/2023";"11:06:00";"377";"ac02 - Aci";"121.7";"BR-050/GO";"Norte";"Tombamento";0;0;1;0;0;0;0;0;0;0;0;0;1;0;0
"18/03/2023";"04:37:00";"281";"ac02 - Aci";"100";"BR-050/GO";"Norte";"Capotamento";1;0;0;0;0;0;0;0;0;0;2;0;1;0;0
"18/03/2023";"06:40:00";"316";"ac03 - Aci";"59";"BR-050/MG";"Norte";"Choque - Defensa metálica";1;0;0;0;0;0;0;0;0;0;1;0;0;0;0