data;horario;n_da_ocorrencia;tipo_de_ocorrencia;km;trecho;sentido;tipo_de_acidente;automovel;bicicleta;caminhao;moto;onibus;outros;tracao_animal;transporte_de_cargas_especiais;trator_maquinas;utilitarios;ilesos;levemente_feridos;moderadamente_feridos;gravemente_feridos;mortos
"14/04/2023";"03:54:00";"246";"ac03 - Aci";"169.9";"BR-050/MG";"Norte";"Choque - New jersey";0;0;1;0;0;0;0;0;0;0;2;0;0;0;0
"14/04/2023";"04:58:00";"270";"ac03 - Aci";"198";"BR-050/MG";"Norte";"Colisão Traseira";1;0;0;0;0;0;0;0;0;1;4;0;0;0;0
"14/04/2023";"05:13:00";"277";"ac03 - Aci";"196.7";"BR-050/GO";"Norte";"Choque - Sinalização";1;0;0;0;0;0;0;0;0;0;1;0;0;0;0
"14/04/2023";"10:49:00";"351";"ac03 - Aci";"54.82";"BR-050/MG";"Sul";"Colisão lateral no mesmo sentido";1;0;1;0;0;0;0;0;0;0;8;0;0;0;0
"15/04/2023";"08:00:00";"74";"ac03 - Aci";"58.9";"BR-050/MG";"Norte";"Choque - Sinalização";1;0;0;0;0;0;0;0;0;0;2;0;0;0;0
"16/04/2023";"04:04:00";"22";"ac03 - Aci";"177.3";"BR-050/MG";"Sul";"Colisão lateral no mesmo sentido";0;0;0;0;0;1;0;0;0;1;1;0;0;0;0
"16/04/2023";"09:10:00";"86";"ac02 - Aci";"21.47";"BR-050/MG";"Sul";"Colisão Traseira";0;0;0;1;0;1;0;0;0;0;0;0;0;1;0
"16/04/2023";"10:39:00";"115";"ac02 - Aci";"168.3";"BR-050/GO";"Norte";"Tombamento";0;0;1;0;0;0;0;0;0;0;0;0;1;0;0
"16/04/2023";"02:46:00";"171";"ac02 - Aci";"261.1";"BR-050/GO";"Sul";"Capotamento";0;0;0;0;0;0;0;0;0;1;0;0;1;0;0
"16/04/2023";"08:14:00";"259";"ac03 - Aci";"269.2";"BR-050/GO";"Sul";"Colisão Traseira";0;0;0;0;1;1;0;0;0;1;19;0;0;0;0
"17/04/2023";"02:22:00";"217";"ac03 - Aci";"97";"BR-050/GO";"Norte";"Colisão Transversal";2;0;0;0;0;0;0;0;0;0;2;0;0;0;0
"17/04/2023";"02:34:00";"220";"ac03 - Aci";"20.82";"BR-050/MG";"Norte";"Choque - Elemento de Drenagem";0;0;1;0;0;0;0;0;0;0;1;0;0;0;0
"17/04/2023";"11:14:00";"362";"ac02 - Aci";"109";"BR-050/GO";"Norte";"Atropelamento - Pedestre";1;0;0;0;0;0;0;0;0;0;1;0;1;0;0
"18/04/2023";"07:05:00";"40";"ac03 - Aci";"97.7";"BR-050/GO";"Sul";"Colisão Transversal";2;0;0;0;0;0;0;0;0;0;2;0;0;0;0
"18/04/2023";"10:51:00";"164";"ac03 - Aci";"14";"BR-050/MG";"Norte";"Colisão Traseira";0;0;0;0;0;0;0;0;0;2;4;0;0;0;0
"18/04/2023";"06:52:00";"335";"ac02 - Aci";"184.75";"BR-050/MG";"Sul";"Choque - Sinalização";0;0;0;1;0;0;0;0;0;0;0;1;0;0;0
"19/04/2023";"06:32:00";"44";"ac03 - Aci";"313.4";"BR-050/GO";"Sul";"Choque - Talude ou Barranco";0;0;1;0;0;0;0;0;0;0;2;0;0;0;0
"19/04/2023";"07:41:00";"91";"ac03 - Aci";"313.3";"BR-050/GO";"Sul";"Choque - Defensa metálica";1;0;0;0;0;0;0;0;0;0;1;0;0;0;0
"19/04/2023";"11:54:00";"208";"ac03 - Aci";"62.85";"BR-050/MG";"Norte";"Choque - Talude ou Barranco";1;0;0;0;0;0;0;0;0;0;2;0;0;0;0
"19/04/2023";"02:00:00";"246";"ac03 - Aci";"133.8";"BR-050/GO";"Norte";"Carreta deu L";0;0;1;0;0;0;0;0;0;0;1;0;0;0;0
"19/04/2023";"03:32:00";"266";"ac03 - Aci";"16.45";"CT-UDI-MG";"Norte";"Colisão lateral no mesmo sentido";1;0;0;0;0;1;0;0;0;0;1;0;0;0;0
"19/04/2023";"03:48:00";"276";"ac03 - Aci";"100";"BR-050/GO";"Sul";"Choque - Elemento de Drenagem";1;0;0;0;0;0;0;0;0;0;1;0;0;0;0
"20/04/2023";"02:16:00";"12";"ac03 - Aci";"238.5";"BR-050/GO";"Sul";"Choque - Sinalização";1;0;0;0;0;0;0;0;0;0;2;0;0;0;0
"20/04/2023";"08:58:00";"337";"ac02 - Aci";"64";"BR-050/MG";"Sul";"Colisão Traseira";1;0;0;0;0;0;0;0;0;1;0;1;1;0;0
"21/04/2023";"12:03:00";"2";"ac02 - Aci";"215.9";"BR-050/GO";"Sul";"Colisão Traseira";0;0;2;0;0;0;0;0;0;0;1;0;0;1;0
"21/04/2023";"10:13:00";"119";"ac03 - Aci";"81";"BR-050/MG";"Sul";"Choque - Defensa metálica";1;0;0;0;0;0;0;0;0;0;7;0;0;0;0
"21/04/2023";"04:12:00";"216";"ac02 - Aci";"173.1";"BR-050/MG";"Norte";"Queda de Moto";0;0;0;1;0;0;0;0;0;0;0;2;0;0;0
"21/04/2023";"08:42:00";"268";"ac04 - Aci";"124.1";"BR-050/GO";"Sul";"Choque - Outros";0;0;0;0;0;0;0;0;0;1;1;0;0;0;0
"22/04/2023";"05:05:00";"28";"ac03 - Aci";"15";"BR-050/MG";"Norte";"Choque - Defensa metálica";1;0;0;0;0;0;0;0;0;0;1;0;0;0;0
"22/04/2023";"09:31:00";"93";"ac03 - Aci";"51.2";"BR-050/MG";"Sul";"Colisão lateral no mesmo sentido";1;0;0;0;0;0;0;0;0;1;3;0;0;0;0
"22/04/2023";"11:25:00";"134";"ac03 - Aci";"101";"BR-050/GO";"Norte";"Queda de Moto";0;0;0;1;0;0;0;0;0;0;0;0;0;0;0
"22/04/2023";"06:19:00";"248";"ac02 - Aci";"36.4";"BR-050/MG";"Norte";"Capotamento";1;0;0;0;0;0;0;0;0;0;0;0;1;0;0
"22/04/2023";"09:13:00";"274";"ac02 - Aci";"89";"BR-050/MG";"Sul";"Queda de Moto";0;0;0;1;0;0;0;0;0;0;0;1;1;0;0
"23/04/2023";"02:03:00";"171";"ac02 - Aci";"161.82";"BR-050/MG";"Sul";"Capotamento";1;0;0;0;0;0;0;0;0;0;1;1;0;0;0
"23/04/2023";"04:16:00";"220";"ac02 - Aci";"95.7";"BR-050/GO";"Norte";"Atropelamento - Pedestre";0;1;0;0;0;1;0;0;0;0;0;1;0;0;0
"23/04/2023";"06:15:00";"266";"ac03 - Aci";"197";"BR-050/MG";"Sul";"Colisão lateral no mesmo sentido";1;0;1;0;0;0;0;0;0;0;2;0;0;0;0
"23/04/2023";"06:23:00";"268";"ac03 - Aci";"272";"BR-050/GO";"Sul";"Choque - Talude ou Barranco";1;0;0;0;0;0;0;0;0;0;1;0;0;0;0
"23/04/2023";"06:41:00";"271";"ac03 - Aci";"246.4";"BR-050/GO";"Sul";"Colisão Traseira";0;0;2;0;0;0;0;0;0;0;2;0;0;0;0
"24/04/2023";"07:25:00";"39";"ac02 - Aci";"152";"BR-050/GO";"Norte";"Colisão Traseira";1;0;1;0;0;0;0;0;0;0;1;1;0;0;0
"24/04/2023";"01:56:00";"155";"ac03 - Aci";"83.5";"BR-050/MG";"Sul";"Colisão lateral no mesmo sentido";0;0;1;0;0;0;0;0;0;1;2;0;0;0;0
"24/04/2023";"03:59:00";"199";"ac03 - Aci";"210.56";"BR-050/GO";"Sul";"Choque - Defensa metálica";1;0;0;0;0;0;0;0;0;0;1;0;0;0;0
"24/04/2023";"05:15:00";"215";"ac02 - Aci";"208.05";"BR-050/GO";"Sul";"Choque - Elemento de Drenagem";1;0;0;0;0;0;0;0;0;0;4;0;1;0;0
"24/04/2023";"06:16:00";"224";"ac02 - Aci";"98";"BR-050/GO";"Norte";"Colisão Transversal";0;0;0;1;0;0;0;0;0;1;1;1;0;0;0
"25/04/2023";"01:18:00";"163";"ac02 - Aci";"236.5";"BR-050/GO";"Sul";"Tombamento";0;0;1;0;0;0;0;0;0;0;0;1;0;0;0
"25/04/2023";"03:03:00";"188";"ac03 - Aci";"234.7";"BR-050/GO";"Norte";"Tombamento";0;0;1;0;0;0;0;0;0;0;1;0;0;0;0
"26/04/2023";"04:01:00";"27";"ac02 - Aci";"188.7";"BR-050/MG";"Sul";"Queda de Moto";0;0;0;1;0;0;0;0;0;0;0;1;0;0;0
"26/04/2023";"06:24:00";"48";"ac03 - Aci";"198.5";"BR-050/MG";"Sul";"Choque - Defensa metálica";1;0;0;0;0;0;0;0;0;0;3;0;0;0;0
"26/04/2023";"10:35:00";"173";"ac02 - Aci";"273";"BR-050/GO";"Sul";"Choque - Elemento de Drenagem";0;0;0;0;0;0;0;0;0;1;0;0;0;1;0
"26/04/2023";"01:03:00";"236";"ac03 - Aci";"182.5";"BR-050/MG";"Sul";"Colisão Traseira";1;0;1;0;0;0;0;0;0;0;5;0;0;0;0
"26/04/2023";"05:03:00";"300";"ac03 - Aci";"18.4";"BR-050/MG";"Sul";"Choque - Defensa metálica";1;0;0;0;0;0;0;0;0;0;2;0;0;0;0
"26/04/2023";"05:08:00";"303";"ac03 - Aci";"175.35";"BR-050/MG";"Norte";"Choque - New jersey";1;0;0;0;0;0;0;0;0;0;1;0;0;0;0
"27/04/2023";"05:05:00";"19";"ac02 - Aci";"181.2";"BR-050/GO";"Norte";"Capotamento";1;0;0;0;0;0;0;0;0;0;0;1;0;0;0
"27/04/2023";"05:46:00";"21";"ac02 - Aci";"138.2";"BR-050/MG";"Norte";"Atropelamento - Pedestre";0;0;1;0;0;0;0;0;0;0;0;0;1;0;0
"27/04/2023";"07:55:00";"71";"ac03 - Aci";"233.12";"BR-050/GO";"Sul";"Engavetamento";0;0;1;0;0;0;0;0;0;2;5;0;0;0;0
"27/04/2023";"01:27:00";"190";"ac03 - Aci";"290.48";"BR-050/GO";"Norte";"Tombamento";0;0;1;0;0;0;0;0;0;0;0;0;0;0;0
"27/04/2023";"07:42:00";"309";"ac02 - Aci";"123.66";"BR-050/MG";"Norte";"Capotamento";1;0;0;0;0;0;0;0;0;0;0;1;0;0;0
"27/04/2023";"11:30:00";"342";"ac03 - Aci";"147";"BR-050/GO";"Sul";"Atropelamento de Animal";0;0;0;0;1;0;0;0;0;0;20;0;0;0;0
"28/04/2023";"01:29:00";"11";"ac03 - Aci";"34";"BR-050/MG";"Norte";"Tombamento";0;0;1;0;0;0;0;0;0;0;1;0;0;0;0
"28/04/2023";"04:29:00";"23";"ac02 - Aci";"234.8";"BR-050/GO";"Norte";"Choque - Elemento de Drenagem";0;0;1;0;0;0;0;0;0;0;0;1;0;0;0
"28/04/2023";"04:49:00";"28";"ac03 - Aci";"13.4";"CT-UDI-MG";"Sul";"Atropelamento de Animal";1;0;0;0;0;0;0;0;0;0;1;0;0;0;0
"28/04/2023";"06:14:00";"32";"ac03 - Aci";"125.6";"BR-050/MG";"Sul";"Choque - Elemento de Drenagem";0;0;0;0;0;0;0;0;0;1;1;0;0;0;0
"28/04/2023";"02:11:00";"190";"ac02 - Aci";"209.8";"BR-050/GO";"Norte";"Capotamento";0;0;0;0;0;0;0;0;0;1;0;1;0;0;0
"28/04/2023";"08:02:00";"299";"ac01 - Aci";"85.98";"BR-050/MG";"Norte";"Colisão Traseira";2;0;0;0;0;0;0;0;0;0;0;3;0;0;1
"29/04/2023";"12:46:00";"9";"ac02 - Aci";"104.5";"BR-050/MG";"Sul";"Colisão Traseira";1;0;1;0;0;0;0;0;0;0;2;0;3;0;0
"29/04/2023";"05:15:00";"35";"ac03 - Aci";"206";"BR-050/MG";"Sul";"Colisão Traseira";0;0;2;0;0;0;0;0;0;0;2;0;0;0;0
"29/04/2023";"03:26:00";"216";"ac03 - Aci";"305.5";"BR-050/GO";"Sul";"Tombamento";0;0;1;0;0;0;0;0;0;0;1;0;0;0;0
"30/04/2023";"07:37:00";"63";"ac03 - Aci";"98.95";"BR-050/GO";"Sul";"Choque - Talude ou Barranco";1;0;0;0;0;0;0;0;0;0;0;0;0;0;0
"30/04/2023";"07:33:00";"274";"ac03 - Aci";"119.07";"BR-050/MG";"Norte";"Capotamento";1;0;0;0;0;0;0;0;0;0;1;0;0;0;0
"30/04/2023";"09:47:00";"296";"ac03 - Aci";"104.24";"BR-050/GO";"Sul";"Choque - Elemento de Drenagem";1;0;0;0;0;0;0;0;0;0;2;0;0;0;0
"30/04/2023";"10:18:00";"305";"ac02 - Aci";"178.4";"BR-050/MG";"Sul";"Choque - New jersey";1;0;0;0;0;0;0;0;0;0;0;2;0;0;0
"01/05/2023";"07:31:00";"48";"ac02 - Aci";"126";"BR-050/MG";"Sul";"Capotamento";1;0;0;0;0;0;0;0;0;0;0;2;0;0;0
"01/05/2023";"07:46:00";"52";"ac03 - Aci";"112.8";"BR-050/MG";"Sul";"Choque - Outros";0;0;0;0;0;0;0;0;0;1;2;0;0;0;0
"01/05/2023";"09:22:00";"82";"ac03 - Aci";"10.05";"BR-050/MG";"Norte";"Choque - Meio fio";1;0;0;0;0;0;0;0;0;0;2;0;0;0;0
"01/05/2023";"12:08:00";"134";"ac01 - Aci";"265.46";"BR-050/GO";"Sul";"Capotamento";1;0;0;0;0;0;0;0;0;0;0;0;2;0;1
"01/05/2023";"02:30:00";"189";"ac02 - Aci";"29.9";"BR-050/MG";"Norte";"Queda de Moto";0;0;0;1;0;0;0;0;0;0;0;0;1;0;0
"01/05/2023";"05:32:00";"268";"ac02 - Aci";"268";"BR-050/GO";"Norte";"Queda de Moto";0;0;0;1;0;0;0;0;0;0;0;1;0;0;0
"02/05/2023";"12:36:00";"4";"ac02 - Aci";"56";"BR-050/MG";"Norte";"Capotamento";1;0;0;0;0;0;0;0;0;0;0;1;0;0;0
"02/05/2023";"01:09:00";"9";"ac03 - Aci";"17.6";"CT-UDI-MG";"Sul";"Atropelamento de Animal";0;0;0;0;1;0;0;0;0;0;25;0;0;0;0
"02/05/2023";"10:02:00";"113";"ac03 - Aci";"48.58";"BR-050/MG";"Norte";"Colisão Traseira";0;0;2;0;0;0;0;0;0;0;2;0;0;0;0
"02/05/2023";"01:23:00";"182";"ac02 - Aci";"183.5";"BR-050/MG";"Norte";"Queda de Moto";0;0;0;1;0;0;0;0;0;0;0;1;0;0;0
"02/05/2023";"07:22:00";"293";"ac02 - Aci";"29.9";"BR-050/MG";"Sul";"Queda de Moto";0;0;0;1;0;0;0;0;0;0;0;2;0;0;0
"03/05/2023";"05:42:00";"35";"ac02 - Aci";"206.8";"BR-050/MG";"Sul";"Colisão Traseira";1;0;0;0;0;0;0;0;0;1;0;2;0;0;0
"03/05/2023";"07:52:00";"66";"ac03 - Aci";"47.1";"BR-050/MG";"Norte";"Colisão lateral no mesmo sentido";1;0;0;0;0;1;0;0;0;0;2;0;0;0;0
"03/05/2023";"10:37:00";"137";"ac02 - Aci";"260";"BR-050/GO";"Norte";"Choque - Defensa metálica";1;0;0;0;0;0;0;0;0;0;1;0;1;0;0
"03/05/2023";"07:41:00";"291";"ac03 - Aci";"0.32";"BR-050/MG";"Sul";"Colisão Traseira";1;0;1;0;0;0;0;0;0;0;3;0;0;0;0
"05/05/2023";"03:43:00";"257";"ac02 - Aci";"178.68";"BR-050/MG";"Sul";"Engavetamento";2;0;1;0;0;0;0;0;0;2;4;0;1;0;0
"05/05/2023";"08:36:00";"344";"ac03 - Aci";"174";"BR-050/MG";"Norte";"Colisão lateral no mesmo sentido";1;0;0;0;0;1;0;0;0;0;5;0;0;0;0
"05/05/2023";"10:35:00";"374";"ac03 - Aci";"12";"BR-050/MG";"Norte";"Choque - Defensa metálica";0;0;1;0;0;0;0;0;0;0;2;0;0;0;0
"06/05/2023";"10:51:00";"137";"ac03 - Aci";"180";"BR-050/MG";"Sul";"Colisão Traseira";1;0;0;0;0;1;0;0;0;0;1;0;0;0;0
"06/05/2023";"04:38:00";"273";"ac03 - Aci";"33.5";"BR-050/MG";"Norte";"Colisão lateral no mesmo sentido";1;0;1;0;0;0;0;0;0;0;2;0;0;0;0
"07/05/2023";"03:23:00";"26";"ac03 - Aci";"30.8";"BR-050/MG";"Norte";"Choque - Elemento de Drenagem";1;0;0;0;0;0;0;0;0;0;2;0;0;0;0
"08/05/2023";"07:05:00";"49";"ac02 - Aci";"171.4";"BR-050/MG";"Norte";"Atropelamento de Animal";0;0;0;1;0;0;0;0;0;0;0;1;0;0;0
"08/05/2023";"09:42:00";"160";"ac02 - Aci";"140";"BR-050/GO";"Sul";"Capotamento";0;0;1;0;0;0;0;0;0;0;0;1;0;0;0
"08/05/2023";"05:12:00";"329";"ac02 - Aci";"178.8";"BR-050/MG";"Norte";"Engavetamento";1;0;1;0;1;0;0;0;0;0;22;2;0;0;0
"08/05/2023";"08:21:00";"369";"ac02 - Aci";"98";"BR-050/GO";"Sul";"Colisão Traseira";0;0;1;0;0;0;0;0;0;1;1;0;0;1;0
"08/05/2023";"08:32:00";"372";"ac03 - Aci";"183";"BR-050/MG";"Sul";"Atropelamento de Animal";0;0;1;0;0;0;0;0;0;0;1;0;0;0;0
"09/05/2023";"04:22:00";"21";"ac03 - Aci";"120.82";"BR-050/GO";"Sul";"Tombamento";0;0;1;0;0;0;0;0;0;0;1;0;0;0;0
"09/05/2023";"05:38:00";"26";"ac02 - Aci";"83.9";"BR-050/MG";"Sul";"Colisão Traseira";0;0;2;0;0;0;0;0;0;0;0;2;0;0;0
"09/05/2023";"10:05:00";"177";"ac03 - Aci";"272";"BR-050/GO";"Norte";"Queda de Moto";0;0;0;1;0;0;0;0;0;0;1;0;0;0;0
"09/05/2023";"11:01:00";"209";"ac02 - Aci";"180";"BR-050/MG";"Sul";"Queda de Moto";0;0;0;1;0;0;0;0;0;0;0;1;0;0;0
"09/05/2023";"07:03:00";"359";"ac02 - Aci";"280.2";"BR-050/GO";"Norte";"Colisão Transversal";1;0;0;1;0;0;0;0;0;0;2;1;0;0;0
"10/05/2023";"07:42:00";"75";"ac02 - Aci";"41.6";"BR-050/MG";"Sul";"Capotamento";1;0;0;0;0;0;0;0;0;0;0;1;0;0;0
"10/05/2023";"05:35:00";"289";"ac03 - Aci";"85.5";"BR-050/MG";"Norte";"Choque - Talude ou Barranco";1;0;0;0;0;0;0;0;0;0;3;0;0;0;0
"11/05/2023";"01:06:00";"9";"ac03 - Aci";"176";"BR-050/MG";"Norte";"Colisão Traseira";1;0;1;0;0;0;0;0;0;0;1;0;0;0;0
"11/05/2023";"01:31:00";"14";"ac03 - Aci";"80.7";"BR-050/MG";"Norte";"Choque - Defensa metálica";1;0;0;0;0;0;0;0;0;0;3;0;0;0;0
"11/05/2023";"03:27:00";"23";"ac03 - Aci";"60";"BR-050/MG";"Sul";"Colisão Traseira";0;0;1;0;1;0;0;0;0;0;26;0;0;0;0
"11/05/2023";"06:08:00";"34";"ac03 - Aci";"101.4";"BR-050/MG";"Sul";"Choque - Elemento de Drenagem";1;0;0;0;0;0;0;0;0;0;3;0;0;0;0
"11/05/2023";"06:20:00";"275";"ac03 - Aci";"131.2";"BR-050/MG";"Sul";"Colisão lateral no mesmo sentido";0;0;1;0;0;0;0;0;0;1;3;0;0;0;0
"12/05/2023";"09:25:00";"122";"ac02 - Aci";"275";"BR-050/GO";"Sul";"Queda de Moto";0;0;0;1;0;0;0;0;0;0;0;1;0;0;0
"12/05/2023";"09:34:00";"127";"ac03 - Aci";"280";"BR-050/GO";"Sul";"Colisão Transversal";1;0;1;0;0;0;0;0;0;0;2;0;0;0;0
"12/05/2023";"03:45:00";"285";"ac02 - Aci";"176.15";"BR-050/MG";"Sul";"Colisão Traseira";0;0;1;0;1;0;0;0;0;0;17;2;0;0;0
"12/05/2023";"04:00:00";"289";"ac03 - Aci";"176.15";"BR-050/MG";"Sul";"Colisão Traseira";1;0;0;0;0;0;0;0;0;1;2;0;0;0;0
"13/05/2023";"04:20:00";"22";"ac02 - Aci";"108.55";"BR-050/GO";"Sul";"Queda de Moto";0;0;0;1;0;0;0;0;0;0;1;0;0;1;0
"13/05/2023";"11:01:00";"366";"ac03 - Aci";"27.75";"BR-050/MG";"Sul";"Choque - Defensa metálica";0;0;1;0;0;0;0;0;0;0;1;0;0;0;0
"13/05/2023";"11:06:00";"367";"ac03 - Aci";"156";"BR-050/MG";"Norte";"Choque - Sinalização";0;0;1;0;0;0;0;0;0;0;1;0;0;0;0
"14/05/2023";"12:38:00";"6";"ac03 - Aci";"264.5";"BR-050/GO";"Sul";"Capotamento";1;0;0;0;0;0;0;0;0;0;1;0;0;0;0
"14/05/2023";"02:46:00";"22";"ac03 - Aci";"161.1";"BR-050/MG";"Sul";"Choque - Elemento de Drenagem";1;0;0;0;0;0;0;0;0;0;1;0;0;0;0
"14/05/2023";"06:21:00";"236";"ac02 - Aci";"195";"BR-050/MG";"Sul";"Capotamento";1;0;0;0;0;0;0;0;0;0;0;1;0;0;0
"14/05/2023";"09:47:00";"287";"ac03 - Aci";"96.75";"BR-050/GO";"Norte";"Colisão Transversal";1;0;1;0;0;0;0;0;0;0;1;0;0;0;0
"14/05/2023";"10:32:00";"293";"ac03 - Aci";"81";"BR-050/MG";"Sul";"Queda de Moto";0;0;0;1;0;0;0;0;0;0;0;0;0;0;0
"15/05/2023";"08:55:00";"87";"ac03 - Aci";"59.2";"BR-050/MG";"Sul";"Colisão Traseira";2;0;0;0;0;0;0;0;0;0;4;0;0;0;0
"15/05/2023";"10:09:00";"123";"ac02 - Aci";"180";"BR-050/MG";"Norte";"Colisão Traseira";0;0;0;1;0;0;0;0;0;1;2;1;0;0;0
"16/05/2023";"08:55:00";"115";"ac03 - Aci";"163";"BR-050/MG";"Sul";"Tombamento";0;0;1;0;0;0;0;0;0;0;2;0;0;0;0
"16/05/2023";"05:14:00";"305";"ac03 - Aci";"28";"BR-050/MG";"Sul";"Colisão Traseira";0;0;1;0;0;0;0;0;0;1;2;0;0;0;0
"17/05/2023";"06:17:00";"24";"ac03 - Aci";"203.8";"BR-050/GO";"Norte";"Choque - Arvore";1;0;0;0;0;0;0;0;0;0;1;0;0;0;0
"17/05/2023";"07:22:00";"44";"ac03 - Aci";"138.13";"BR-050/MG";"Sul";"Tombamento";0;0;0;0;0;1;0;0;0;1;1;0;0;0;0
"17/05/2023";"07:35:00";"55";"ac03 - Aci";"139";"BR-050/MG";"Sul";"Colisão Traseira";0;0;0;0;0;2;0;0;0;0;0;0;0;0;0
"17/05/2023";"07:57:00";"63";"ac03 - Aci";"53.7";"BR-050/MG";"Sul";"Choque - Elemento de Drenagem";0;0;1;0;0;0;0;0;0;0;1;0;0;0;0
"17/05/2023";"08:55:00";"90";"ac03 - Aci";"101";"BR-050/GO";"Sul";"Atropelamento de Animal";1;0;0;0;0;0;0;0;0;0;2;0;0;0;0
"17/05/2023";"11:29:00";"164";"ac02 - Aci";"21.5";"CT-UDI-MG";"Sul";"Colisão Traseira";0;0;2;0;0;1;0;0;0;0;1;1;0;0;0
"17/05/2023";"03:28:00";"240";"ac03 - Aci";"171.85";"BR-050/MG";"Norte";"Colisão lateral no mesmo sentido";1;0;1;0;0;0;0;0;0;0;2;0;0;0;0
"17/05/2023";"10:00:00";"334";"ac03 - Aci";"177";"BR-050/MG";"Norte";"Choque - New jersey";0;0;1;0;0;0;0;0;0;0;1;0;0;0;0
"18/05/2023";"02:27:00";"12";"ac03 - Aci";"174";"BR-050/MG";"Sul";"Colisão Traseira";0;0;1;0;0;0;0;0;0;1;2;0;0;0;0
"18/05/2023";"05:57:00";"304";"ac03 - Aci";"263.5";"BR-050/GO";"Sul";"Choque - Sinalização";0;0;0;0;0;0;0;0;0;1;1;0;0;0;0
"19/05/2023";"03:12:00";"9";"ac03 - Aci";"170";"BR-050/MG";"Sul";"Choque - Defensa metálica";0;0;1;0;0;0;0;0;0;0;1;0;0;0;0
"19/05/2023";"06:08:00";"310";"ac04 - Aci";"105";"BR-050/MG";"Norte";"Choque - Outros";0;0;0;0;0;0;0;0;0;0;1;0;0;0;0
"19/05/2023";"06:23:00";"295";"ac03 - Aci";"138.13";"BR-050/MG";"Norte";"Choque - Meio fio";0;0;0;0;0;0;0;0;0;1;1;0;0;0;0
"19/05/2023";"09:04:00";"329";"ac03 - Aci";"96.05";"BR-050/MG";"Norte";"Colisão Traseira";0;0;1;0;0;0;0;0;0;1;2;0;0;0;0
"19/05/2023";"10:56:00";"345";"ac03 - Aci";"40";"BR-050/MG";"Norte";"Colisão Traseira";1;0;1;0;0;0;0;0;0;0;3;0;0;0;0
"20/05/2023";"04:57:00";"21";"ac03 - Aci";"85.4";"BR-050/MG";"Norte";"Choque - Talude ou Barranco";1;0;0;0;0;0;0;0;0;0;1;0;0;0;0
"20/05/2023";"03:37:00";"192";"ac03 - Aci";"154.4";"BR-050/GO";"Sul";"Choque - Elemento de Drenagem";1;0;0;0;0;0;0;0;0;0;1;0;0;0;0
"20/05/2023";"08:31:00";"273";"ac03 - Aci";"174.5";"BR-050/MG";"Norte";"Choque - Meio fio";1;0;0;0;0;0;0;0;0;0;1;0;0;0;0
"20/05/2023";"10:44:00";"293";"ac03 - Aci";"278.7";"BR-050/GO";"Sul";"Colisão Traseira";1;0;0;0;0;0;0;0;0;1;2;0;0;0;0
"21/05/2023";"01:01:00";"5";"ac03 - Aci";"56.1";"BR-050/MG";"Norte";"Tombamento";0;0;1;0;0;0;0;0;0;0;1;0;0;0;0
"21/05/2023";"02:31:00";"17";"ac02 - Aci";"126.1";"BR-050/MG";"Norte";"Capotamento";1;0;0;0;0;0;0;0;0;0;0;1;0;0;0
"21/05/2023";"02:48:00";"20";"ac03 - Aci";"55.66";"BR-050/MG";"Sul";"Choque - Elemento de Drenagem";1;0;0;0;0;0;0;0;0;0;2;0;0;0;0
"21/05/2023";"05:48:00";"204";"ac03 - Aci";"86.9";"BR-050/MG";"Norte";"Choque - Defensa metálica";1;0;0;0;0;0;0;0;0;0;1;0;0;0;0
"22/05/2023";"04:37:00";"240";"ac02 - Aci";"25";"BR-050/MG";"Sul";"Colisão Transversal";1;0;1;0;0;0;0;0;0;0;2;0;0;1;0
"23/05/2023";"06:20:00";"18";"ac03 - Aci";"169.3";"BR-050/MG";"Norte";"Choque - New jersey";0;0;0;0;0;1;0;0;0;1;4;0;0;0;0
"23/05/2023";"07:46:00";"62";"ac02 - Aci";"35.7";"BR-050/MG";"Norte";"Colisão Traseira";0;1;1;0;0;0;0;0;0;0;1;0;1;0;0
"24/05/2023";"02:45:00";"248";"ac04 - Aci";"51.9";"BR-050/MG";"Sul";"Choque - Outros";0;0;0;0;0;0;0;0;0;0;0;1;0;0;0
"24/05/2023";"05:12:00";"301";"ac02 - Aci";"125.95";"BR-050/MG";"Norte";"Queda de veículo em ribanceira, ponte ou viaduto";1;0;0;0;0;0;0;0;0;0;0;1;0;0;0
"24/05/2023";"06:20:00";"320";"ac02 - Aci";"206.25";"BR-050/GO";"Norte";"Colisão Traseira";0;0;2;0;0;0;0;0;0;0;1;1;0;0;0
"25/05/2023";"07:08:00";"61";"ac02 - Aci";"99";"BR-050/GO";"Norte";"Colisão Transversal";0;0;0;1;0;1;0;0;0;0;0;0;1;0;0
"25/05/2023";"12:46:00";"224";"ac03 - Aci";"201.35";"BR-050/GO";"Sul";"Choque - Talude ou Barranco";0;0;0;0;0;0;0;0;0;1;1;0;0;0;0
"25/05/2023";"04:05:00";"298";"ac02 - Aci";"245.4";"BR-050/GO";"Norte";"Colisão lateral no mesmo sentido";0;0;0;1;0;0;0;0;0;1;1;0;0;1;0
"25/05/2023";"05:03:00";"323";"ac03 - Aci";"137";"BR-050/MG";"Sul";"Choque - Objeto sobre a pista";0;0;0;0;0;1;0;0;0;0;0;0;0;0;0
"25/05/2023";"10:45:00";"385";"ac02 - Aci";"273";"BR-050/GO";"Norte";"Queda de Moto";0;0;0;1;0;0;0;0;0;0;0;1;0;0;0
"25/05/2023";"11:17:00";"392";"ac02 - Aci";"62.3";"BR-050/MG";"Norte";"Choque - Meio fio";0;0;1;0;0;0;0;0;0;0;1;0;2;0;0
"26/05/2023";"12:24:00";"173";"ac02 - Aci";"177.3";"BR-050/MG";"Norte";"Colisão Traseira";1;0;1;0;0;0;0;0;0;0;3;0;1;0;0
"26/05/2023";"07:02:00";"287";"ac03 - Aci";"124";"BR-050/MG";"Sul";"Choque - Elemento de Drenagem";1;0;0;0;0;0;0;0;0;0;1;0;0;0;0