data;horario;n_da_ocorrencia;tipo_de_ocorrencia;km;trecho;sentido;tipo_de_acidente;automovel;bicicleta;caminhao;moto;onibus;outros;tracao_animal;transporte_de_cargas_especiais;trator_maquinas;utilitarios;ilesos;levemente_feridos;moderadamente_feridos;gravemente_feridos;mortos
"26/05/2023";"11:53:00";"348";"ac03 - Aci";"142.7";"BR-050/GO";"Norte";"Atropelamento de Animal";1;0;0;0;0;0;0;0;0;0;1;0;0;0;0
"27/05/2023";"05:36:00";"54";"ac03 - Aci";"198.1";"BR-050/GO";"Sul";"Atropelamento de Animal";0;0;0;0;0;0;0;0;0;1;3;0;0;0;0
"27/05/2023";"07:14:00";"259";"ac03 - Aci";"97";"BR-050/GO";"Sul";"Choque - Meio fio";1;0;0;0;0;0;0;0;0;0;1;0;0;0;0
"28/05/2023";"02:03:00";"12";"ac02 - Aci";"77.3";"BR-050/MG";"Sul";"Capotamento";1;0;0;0;0;0;0;0;0;0;1;0;1;3;0
"28/05/2023";"02:12:00";"14";"ac03 - Aci";"30.8";"BR-050/MG";"Sul";"Choque - Elemento de Drenagem";1;0;0;0;0;0;0;0;0;0;2;0;0;0;0
"28/05/2023";"04:30:00";"26";"ac03 - Aci";"30.9";"BR-050/MG";"Sul";"Choque - Elemento de Drenagem";1;0;0;0;0;0;0;0;0;0;5;0;0;0;0
"28/05/2023";"07:54:00";"63";"ac02 - Aci";"116";"BR-050/MG";"Sul";"Tombamento";0;0;1;0;0;0;0;0;0;0;0;1;0;0;0
"28/05/2023";"01:11:00";"145";"ac03 - Aci";"99";"BR-050/GO";"Norte";"Capotamento";1;0;0;0;0;0;0;0;0;0;0;0;0;0;0
"28/05/2023";"03:39:00";"180";"ac03 - Aci";"122.9";"BR-050/GO";"Sul";"Colisão lateral no mesmo sentido";1;0;1;0;0;0;0;0;0;0;3;0;0;0;0
"29/05/2023";"12:02:00";"1";"ac02 - Aci";"20.5";"CT-UDI-MG";"Norte";"Colisão Traseira";1;0;0;1;0;0;0;0;0;0;1;0;1;1;0
"29/05/2023";"08:57:00";"115";"ac03 - Aci";"99";"BR-050/MG";"Sul";"Colisão Traseira";1;0;0;0;0;1;0;0;0;0;1;0;0;0;0
"29/05/2023";"03:51:00";"274";"ac02 - Aci";"174.3";"BR-050/MG";"Sul";"Queda de Moto";0;0;0;1;0;0;0;0;0;0;0;0;1;0;0
"30/05/2023";"05:26:00";"275";"ac02 - Aci";"191";"BR-050/MG";"Sul";"Queda de Moto";0;0;0;1;0;0;0;0;0;0;1;1;0;0;0
"31/05/2023";"09:55:00";"118";"ac03 - Aci";"39.8";"BR-050/MG";"Sul";"Choque - New jersey";1;0;0;0;0;0;0;0;0;0;2;0;0;0;0
"31/05/2023";"01:43:00";"208";"ac02 - Aci";"117.4";"BR-050/MG";"Sul";"Capotamento";0;0;0;0;0;0;0;0;0;1;0;1;0;0;0
"31/05/2023";"02:03:00";"219";"ac03 - Aci";"96";"BR-050/MG";"Norte";"Choque - Elemento de Drenagem";0;0;1;0;0;0;0;0;0;0;1;0;0;0;0
"31/05/2023";"06:49:00";"315";"ac02 - Aci";"45.2";"BR-050/MG";"Norte";"Colisão Traseira";0;0;1;0;0;0;0;0;0;1;1;1;0;0;0
"31/05/2023";"11:22:00";"361";"ac03 - Aci";"81.5";"BR-050/MG";"Norte";"Colisão lateral no mesmo sentido";0;0;2;0;0;0;0;0;0;0;2;0;0;0;0
"01/06/2023";"04:48:00";"24";"ac03 - Aci";"133.5";"BR-050/MG";"Norte";"Capotamento";0;0;0;0;0;0;0;0;0;1;1;0;0;0;0
"01/06/2023";"06:27:00";"35";"ac02 - Aci";"193.38";"BR-050/GO";"Sul";"Colisão Traseira";0;0;2;0;0;0;0;0;0;0;1;1;0;0;0
"01/06/2023";"06:44:00";"38";"ac02 - Aci";"180";"BR-050/MG";"Sul";"Atropelamento - Pedestre";0;0;0;1;0;0;0;0;0;0;0;0;2;0;0
"01/06/2023";"05:10:00";"305";"ac02 - Aci";"151.3";"BR-050/GO";"Norte";"Colisão Traseira";1;0;1;0;0;0;0;0;0;0;2;1;0;0;0
"02/06/2023";"06:34:00";"36";"ac02 - Aci";"2.45";"CT-UDI-MG";"Norte";"Choque - Sinalização";0;0;0;1;0;0;0;0;0;0;0;1;0;0;0
"02/06/2023";"09:23:00";"126";"ac03 - Aci";"1.7";"CT-UDI-MG";"Sul";"Choque - Meio fio";0;0;0;0;0;0;0;0;0;1;5;0;0;0;0
"02/06/2023";"11:55:00";"216";"ac03 - Aci";"89.4";"BR-050/MG";"Norte";"Choque - Defensa metálica";1;0;1;0;0;0;0;0;0;0;2;0;0;0;0
"03/06/2023";"01:23:00";"11";"ac02 - Aci";"79.46";"BR-050/MG";"Norte";"Colisão Traseira";1;0;1;0;0;0;0;0;0;0;4;2;0;0;0
"03/06/2023";"04:18:00";"21";"ac02 - Aci";"150.574";"BR-050/MG";"Sul";"Capotamento";1;0;0;0;0;0;0;0;0;0;0;0;1;0;0
"03/06/2023";"06:50:00";"42";"ac02 - Aci";"179";"BR-050/MG";"Sul";"Colisão Traseira";1;0;0;1;0;0;0;0;0;0;1;0;0;1;0
"03/06/2023";"06:59:00";"45";"ac02 - Aci";"97.7";"BR-050/GO";"Norte";"Colisão Transversal";0;0;0;1;0;0;0;0;0;1;1;2;0;0;0
"04/06/2023";"02:04:00";"13";"ac02 - Aci";"97";"BR-050/GO";"Sul";"Colisão Traseira";0;0;0;0;0;0;0;0;0;2;0;2;0;0;0
"04/06/2023";"11:28:00";"117";"ac02 - Aci";"240.68";"BR-050/GO";"Sul";"Queda de Moto";0;0;0;1;0;0;0;0;0;0;0;0;1;0;0
"04/06/2023";"03:46:00";"170";"ac02 - Aci";"99";"BR-050/GO";"Sul";"Queda de Moto";0;0;0;1;0;0;0;0;0;0;0;1;0;0;0
"04/06/2023";"08:04:00";"233";"ac03 - Aci";"19.4";"BR-050/MG";"Sul";"Colisão lateral no mesmo sentido";0;0;0;0;0;1;0;0;0;1;5;0;0;0;0
"04/06/2023";"09:16:00";"256";"ac03 - Aci";"174";"BR-050/MG";"Norte";"Choque - New jersey";1;0;0;0;0;0;0;0;0;0;1;0;0;0;0
"05/06/2023";"06:34:00";"27";"ac02 - Aci";"110";"BR-050/GO";"Norte";"Queda de Moto";0;0;0;1;0;0;0;0;0;0;1;0;1;0;0
"05/06/2023";"08:22:00";"90";"ac03 - Aci";"46.8";"BR-050/MG";"Norte";"Choque - Meio fio";1;0;0;0;0;0;0;0;0;0;1;0;0;0;0
"06/06/2023";"07:34:00";"58";"ac02 - Aci";"178.2";"BR-050/MG";"Norte";"Colisão Traseira";1;0;0;1;0;0;0;0;0;0;1;1;0;0;0
"06/06/2023";"12:09:00";"198";"ac03 - Aci";"87.35";"BR-050/MG";"Norte";"Objeto lançado contra veículo";1;0;0;0;0;0;0;0;0;0;1;0;0;0;0
"07/06/2023";"08:04:00";"82";"ac02 - Aci";"236.12";"BR-050/GO";"Sul";"Tombamento";0;0;1;0;0;0;0;0;0;0;0;0;1;0;0
"07/06/2023";"02:27:00";"242";"ac03 - Aci";"142.5";"BR-050/MG";"Sul";"Colisão Traseira";0;0;2;0;0;0;0;0;0;0;2;0;0;0;0
"07/06/2023";"03:32:00";"281";"ac02 - Aci";"142.3";"BR-050/MG";"Sul";"Engavetamento";3;0;0;0;0;0;0;0;0;0;5;2;0;0;0
"08/06/2023";"07:36:00";"55";"ac02 - Aci";"175";"BR-050/MG";"Norte";"Colisão Traseira";0;0;0;1;0;1;0;0;0;0;0;0;1;0;0
"08/06/2023";"06:04:00";"246";"ac01 - Aci";"177.5";"BR-050/MG";"Norte";"Atropelamento - Andarilho";0;0;1;0;0;0;0;0;0;0;1;0;0;0;1
"08/06/2023";"06:21:00";"251";"ac02 - Aci";"119";"BR-050/MG";"Norte";"Colisão Traseira";0;0;2;0;0;0;0;0;0;0;1;0;1;0;0
"09/06/2023";"12:33:00";"3";"ac03 - Aci";"122.45";"BR-050/MG";"Norte";"Choque - Elemento de Drenagem";1;0;0;0;0;0;0;0;0;0;1;0;0;0;0
"09/06/2023";"05:37:00";"304";"ac03 - Aci";"109.165";"BR-050/GO";"Norte";"Queda de veículo em ribanceira, ponte ou viaduto";1;0;0;0;0;0;0;0;0;0;1;0;0;0;0
"09/06/2023";"07:15:00";"339";"ac03 - Aci";"245.6";"BR-050/GO";"Norte";"Capotamento";0;0;0;0;0;0;0;0;0;1;1;0;0;0;0
"09/06/2023";"07:55:00";"349";"ac02 - Aci";"179";"BR-050/MG";"Norte";"Choque - New jersey";1;0;0;0;0;0;0;0;0;0;1;1;0;0;0
"10/06/2023";"01:53:00";"18";"ac02 - Aci";"287";"BR-050/GO";"Norte";"Choque - Sinalização";1;0;0;0;1;0;0;0;0;0;12;1;2;0;0
"10/06/2023";"08:24:00";"106";"ac02 - Aci";"102.3";"BR-050/MG";"Norte";"Tombamento";0;0;1;0;0;0;0;0;0;0;0;1;0;0;0
"10/06/2023";"03:18:00";"275";"ac02 - Aci";"297.45";"BR-050/GO";"Norte";"Capotamento";1;0;0;0;0;0;0;0;0;0;0;2;1;0;0
"11/06/2023";"12:51:00";"3";"ac02 - Aci";"177.8";"BR-050/MG";"Norte";"Choque - Meio fio";1;0;0;0;0;0;0;0;0;0;2;1;0;0;0
"11/06/2023";"05:53:00";"22";"ac03 - Aci";"21";"CT-UDI-MG";"Sul";"Choque - Sinalização";1;0;0;0;0;0;0;0;0;0;2;0;0;0;0
"11/06/2023";"06:19:00";"25";"ac03 - Aci";"62.72";"BR-050/MG";"Sul";"Choque - Defensa metálica";1;0;0;0;0;0;0;0;0;0;0;0;0;0;0
"11/06/2023";"11:43:00";"102";"ac02 - Aci";"174.05";"BR-050/MG";"Sul";"Colisão Traseira";1;0;0;1;0;0;0;0;0;0;2;1;0;0;0
"11/06/2023";"12:03:00";"111";"ac03 - Aci";"61";"BR-050/MG";"Sul";"Choque - Meio fio";1;0;0;0;0;0;0;0;0;0;1;0;0;0;0
"11/06/2023";"05:51:00";"250";"ac03 - Aci";"55.2";"BR-050/MG";"Norte";"Queda de Moto";0;0;0;1;0;0;0;0;0;0;0;0;0;0;0
"12/06/2023";"01:35:00";"5";"ac03 - Aci";"168.6";"BR-050/MG";"Sul";"Colisão Traseira";1;0;0;0;0;1;0;0;0;1;5;0;0;0;0
"12/06/2023";"07:28:00";"67";"ac03 - Aci";"87.6";"BR-050/MG";"Norte";"Choque - Elemento de Drenagem";1;0;0;0;0;0;0;0;0;0;3;0;0;0;0
"12/06/2023";"08:04:00";"84";"ac03 - Aci";"147";"BR-050/MG";"Sul";"Colisão Traseira";1;0;1;0;0;0;0;0;0;0;4;0;0;0;0
"12/06/2023";"09:10:00";"118";"ac03 - Aci";"8.1";"BR-050/MG";"Sul";"Choque - Elemento de Drenagem";1;0;0;0;0;0;0;0;0;0;5;0;0;0;0
"12/06/2023";"10:24:00";"146";"ac03 - Aci";"198";"BR-050/MG";"Sul";"Colisão lateral no mesmo sentido";1;0;1;0;0;0;0;0;0;0;5;0;0;0;0
"12/06/2023";"03:52:00";"254";"ac04 - Aci";"153.5";"BR-050/MG";"Norte";"Choque - Outros";0;0;0;0;0;0;0;0;0;0;0;1;0;0;0
"13/06/2023";"05:48:00";"18";"ac02 - Aci";"170.6";"BR-050/MG";"Norte";"Colisão Traseira";0;0;2;0;0;0;0;0;0;0;1;1;0;0;0
"13/06/2023";"06:53:00";"31";"ac03 - Aci";"77.3";"BR-050/MG";"Norte";"Colisão Traseira";0;0;0;1;0;1;0;0;0;0;1;0;0;0;0
"13/06/2023";"07:33:00";"61";"ac03 - Aci";"23.7";"BR-050/MG";"Sul";"Colisão lateral no mesmo sentido";1;0;0;0;0;1;0;0;0;0;1;0;0;0;0
"13/06/2023";"01:27:00";"241";"ac03 - Aci";"197.25";"BR-050/MG";"Sul";"Atropelamento de Animal";0;0;0;0;0;0;0;0;0;1;2;0;0;0;0
"14/06/2023";"09:30:00";"145";"ac02 - Aci";"261";"BR-050/GO";"Sul";"Choque - Sinalização";0;0;0;0;0;0;0;0;0;1;4;0;1;0;0
"14/06/2023";"11:13:00";"203";"ac02 - Aci";"176.5";"BR-050/MG";"Sul";"Engavetamento";1;0;1;0;0;1;0;0;0;1;3;1;0;0;0
"14/06/2023";"05:43:00";"384";"ac02 - Aci";"18";"CT-UDI-MG";"Norte";"Choque - New jersey";2;0;0;0;0;0;0;0;0;1;3;0;1;0;0
"14/06/2023";"06:39:00";"396";"ac02 - Aci";"193";"BR-050/MG";"Norte";"Colisão Traseira";0;0;0;1;0;0;0;0;0;1;0;2;0;0;0
"14/06/2023";"07:08:00";"406";"ac03 - Aci";"97";"BR-050/GO";"Sul";"Choque - Meio fio";1;0;0;0;0;0;0;0;0;0;2;0;0;0;0
"14/06/2023";"08:38:00";"433";"ac02 - Aci";"1.45";"BR-050/MG";"Norte";"Queda de Moto";0;0;0;1;0;0;0;0;0;0;0;0;1;0;0
"15/06/2023";"07:27:00";"53";"ac02 - Aci";"175.45";"BR-050/MG";"Sul";"Queda de Moto";0;0;0;1;0;0;0;0;0;0;0;0;0;1;0
"15/06/2023";"07:29:00";"54";"ac03 - Aci";"175.5";"BR-050/MG";"Sul";"Engavetamento";2;0;0;0;0;0;0;0;0;1;4;0;0;0;0
"15/06/2023";"08:06:00";"70";"ac03 - Aci";"106.5";"BR-050/MG";"Sul";"Tombamento";0;0;1;0;0;0;0;0;0;0;1;0;0;0;0
"15/06/2023";"10:31:00";"134";"ac02 - Aci";"178";"BR-050/GO";"Norte";"Tombamento";0;0;1;0;0;0;0;0;0;0;0;1;0;0;0
"15/06/2023";"11:23:00";"152";"ac03 - Aci";"44.3";"BR-050/MG";"Sul";"Choque - Talude ou Barranco";1;0;0;0;0;0;0;0;0;0;1;0;0;0;0
"15/06/2023";"02:17:00";"206";"ac03 - Aci";"115";"BR-050/MG";"Norte";"Tombamento";0;0;0;0;0;0;0;0;0;1;2;0;0;0;0
"15/06/2023";"03:04:00";"213";"ac03 - Aci";"115.2";"BR-050/MG";"Norte";"Tombamento";0;0;1;0;0;0;0;0;0;0;1;0;0;0;0
"15/06/2023";"03:28:00";"219";"ac03 - Aci";"116.2";"BR-050/MG";"Sul";"Choque - Meio fio";0;0;0;0;0;0;0;0;0;1;1;0;0;0;0
"16/06/2023";"12:33:00";"4";"ac03 - Aci";"56.24";"BR-050/MG";"Norte";"Choque - Meio fio";0;0;1;0;0;0;0;0;0;0;1;0;0;0;0
"16/06/2023";"04:24:00";"29";"ac03 - Aci";"136.4";"BR-050/MG";"Sul";"Tombamento";0;0;1;0;0;0;0;0;0;0;1;0;0;0;0
"16/06/2023";"05:18:00";"31";"ac02 - Aci";"108.6";"BR-050/GO";"Norte";"Tombamento";0;0;1;0;0;0;0;0;0;0;2;5;0;0;0
"16/06/2023";"03:15:00";"215";"ac02 - Aci";"117.25";"BR-050/GO";"Norte";"Capotamento";1;0;0;0;0;0;0;0;0;0;0;0;1;1;0
"16/06/2023";"05:15:00";"239";"ac02 - Aci";"174.2";"BR-050/MG";"Norte";"Queda de Moto";0;0;0;1;0;0;0;0;0;0;0;1;1;0;0
"16/06/2023";"05:35:00";"243";"ac03 - Aci";"62.9";"BR-050/MG";"Norte";"Engavetamento";2;0;1;0;0;0;0;0;0;0;7;0;0;0;0
"17/06/2023";"06:18:00";"31";"ac03 - Aci";"60.98";"BR-050/MG";"Norte";"Choque - Meio fio";0;0;0;0;0;0;0;0;0;1;1;0;0;0;0
"17/06/2023";"11:51:00";"146";"ac02 - Aci";"20.8";"BR-050/MG";"Norte";"Colisão Traseira";0;0;2;0;0;0;0;0;0;0;1;1;0;0;0
"17/06/2023";"01:14:00";"178";"ac03 - Aci";"189.9";"BR-050/MG";"Sul";"Colisão lateral no mesmo sentido";1;0;1;0;0;1;0;0;0;0;3;0;0;0;0
"17/06/2023";"02:42:00";"204";"ac02 - Aci";"189.85";"BR-050/MG";"Sul";"Colisão Traseira";1;0;0;1;0;0;0;0;0;0;1;0;1;0;0
"17/06/2023";"09:28:00";"293";"ac03 - Aci";"51";"BR-050/MG";"Sul";"Colisão Traseira";1;0;1;0;0;0;0;0;0;0;5;0;0;0;0
"18/06/2023";"09:40:00";"93";"ac03 - Aci";"204.1";"BR-050/MG";"Sul";"Colisão Traseira";0;0;0;0;0;1;0;0;0;1;2;0;0;0;0
"18/06/2023";"09:59:00";"97";"ac02 - Aci";"298.4";"BR-050/GO";"Norte";"Choque - New jersey";0;0;1;1;0;0;0;0;0;0;1;1;0;0;0
"18/06/2023";"05:18:00";"256";"ac02 - Aci";"90.3";"BR-050/MG";"Norte";"Colisão lateral no mesmo sentido";2;0;0;0;0;0;0;0;0;0;4;0;1;0;0
"18/06/2023";"07:18:00";"301";"ac03 - Aci";"38.2";"BR-050/MG";"Norte";"Choque - Meio fio";1;0;0;0;0;1;0;0;0;0;2;0;0;0;0
"18/06/2023";"09:50:00";"329";"ac03 - Aci";"243.6";"BR-050/GO";"Sul";"Choque - Elemento de Drenagem";1;0;1;0;0;0;0;0;0;0;3;0;0;0;0
"18/06/2023";"10:16:00";"333";"ac03 - Aci";"164.7";"BR-050/MG";"Norte";"Choque - Elemento de Drenagem";1;0;0;0;0;0;0;0;0;0;2;0;0;0;0
"19/06/2023";"12:14:00";"4";"ac03 - Aci";"178.7";"BR-050/MG";"Norte";"Colisão lateral no sentido contrário";2;0;0;0;0;0;0;0;0;0;2;0;0;0;0
"19/06/2023";"08:57:00";"98";"ac03 - Aci";"166";"BR-050/MG";"Norte";"Colisão Traseira";1;0;1;0;0;0;0;0;0;0;6;0;0;0;0
"19/06/2023";"02:06:00";"220";"ac03 - Aci";"180.7";"BR-050/MG";"Norte";"Choque - Meio fio";0;0;0;0;0;0;0;0;0;1;3;0;0;0;0
"19/06/2023";"06:38:00";"294";"ac03 - Aci";"199";"BR-050/MG";"Norte";"Colisão Traseira";0;0;0;0;0;1;0;0;0;1;1;0;0;0;0
"19/06/2023";"08:05:00";"316";"ac03 - Aci";"138";"BR-050/MG";"Norte";"Choque - Elemento de Drenagem";1;0;0;0;0;0;0;0;0;0;1;0;0;0;0
"19/06/2023";"08:24:00";"317";"ac03 - Aci";"155";"BR-050/MG";"Norte";"Choque - Elemento de Drenagem";1;0;0;0;0;0;0;0;0;0;5;0;0;0;0
"19/06/2023";"11:44:00";"348";"ac02 - Aci";"89.05";"BR-050/MG";"Norte";"Tombamento";0;0;1;0;0;0;0;0;0;0;0;1;0;0;0
"20/06/2023";"06:11:00";"26";"ac03 - Aci";"204.2";"BR-050/MG";"Sul";"Colisão lateral no mesmo sentido";0;0;2;0;0;0;0;0;0;0;2;0;0;0;0
"20/06/2023";"06:19:00";"27";"ac02 - Aci";"118.85";"BR-050/GO";"Norte";"Tombamento";0;0;0;0;0;0;0;0;0;1;0;1;0;0;0
"20/06/2023";"04:17:00";"244";"ac02 - Aci";"244.3";"BR-050/GO";"Sul";"Tombamento";0;0;1;0;0;0;0;0;0;0;1;0;1;0;0
"20/06/2023";"04:43:00";"252";"ac04 - Aci";"185";"BR-050/MG";"Sul";"Choque - Outros";0;0;0;0;0;0;0;0;0;0;0;1;0;0;0
"20/06/2023";"05:29:00";"269";"ac02 - Aci";"54";"BR-050/MG";"Norte";"Engavetamento";1;0;0;1;0;1;0;0;0;0;1;0;1;0;0
"20/06/2023";"06:08:00";"282";"ac02 - Aci";"166";"BR-050/MG";"Norte";"Colisão Traseira";0;0;0;0;1;0;0;0;0;1;0;1;0;0;0
"20/06/2023";"06:55:00";"295";"ac03 - Aci";"238.8";"BR-050/GO";"Sul";"Atropelamento de Animal";0;0;0;0;0;0;0;0;0;1;2;0;0;0;0
"20/06/2023";"09:04:00";"319";"ac02 - Aci";"269.4";"BR-050/GO";"Sul";"Choque - Defensa metálica";1;0;0;0;0;0;0;0;0;0;0;1;0;0;0
"21/06/2023";"12:31:00";"5";"ac02 - Aci";"122.2";"BR-050/GO";"Norte";"Capotamento";0;0;1;0;0;0;0;0;0;0;0;0;1;0;0
"21/06/2023";"01:10:00";"194";"ac02 - Aci";"293.5";"BR-050/GO";"Norte";"Choque - Defensa metálica";1;0;0;0;0;0;0;0;0;0;0;1;0;0;0
"21/06/2023";"03:32:00";"251";"ac03 - Aci";"125";"BR-050/MG";"Sul";"Atropelamento de Animal";1;0;0;0;0;0;0;0;0;0;2;0;0;0;0
"21/06/2023";"05:37:00";"302";"ac02 - Aci";"107";"BR-050/MG";"Norte";"Choque - Talude ou Barranco";0;0;1;0;0;0;0;0;0;0;0;1;0;0;0
"22/06/2023";"04:24:00";"21";"ac03 - Aci";"125.8";"BR-050/MG";"Sul";"Choque - Elemento de Drenagem";0;0;0;0;0;0;0;0;0;1;2;0;0;0;0
"22/06/2023";"06:22:00";"346";"ac03 - Aci";"60.9";"BR-050/MG";"Sul";"Queda de Moto";0;0;0;1;0;0;0;0;0;0;1;0;0;0;0
"22/06/2023";"08:53:00";"376";"ac03 - Aci";"51.272";"BR-050/MG";"Sul";"Choque - Sinalização";0;0;0;0;1;0;0;0;0;0;18;0;0;0;0
"23/06/2023";"08:28:00";"88";"ac03 - Aci";"29.1";"BR-050/MG";"Sul";"Colisão Traseira";1;0;1;0;0;0;0;0;0;0;3;0;0;0;0
"23/06/2023";"04:27:00";"270";"ac02 - Aci";"38.6";"BR-050/MG";"Sul";"Choque - Defensa metálica";0;0;0;0;0;0;0;0;0;1;0;1;0;0;0
"23/06/2023";"07:43:00";"319";"ac03 - Aci";"206.8";"BR-050/MG";"Sul";"Colisão Traseira";2;0;0;0;0;0;0;0;0;0;7;0;0;0;0
"23/06/2023";"08:28:00";"336";"ac03 - Aci";"272.2";"BR-050/GO";"Sul";"Choque - Elemento de Drenagem";1;0;0;0;0;0;0;0;0;0;1;0;0;0;0
"23/06/2023";"10:09:00";"359";"ac02 - Aci";"189";"BR-050/MG";"Norte";"Colisão Traseira";0;0;0;0;0;1;0;0;0;1;0;0;1;0;0
"24/06/2023";"07:11:00";"48";"ac01 - Aci";"100.8";"BR-050/GO";"Norte";"Atropelamento - Pedestre";0;0;0;0;0;0;0;0;0;0;0;0;0;0;1
"25/06/2023";"03:33:00";"19";"ac03 - Aci";"9";"CT-UDI-MG";"Sul";"Atropelamento de Animal";0;0;0;0;0;0;0;0;0;1;1;0;0;0;0
"25/06/2023";"08:38:00";"79";"ac02 - Aci";"174.45";"BR-050/GO";"Sul";"Capotamento";0;0;0;0;0;0;0;0;0;1;0;0;1;0;0
"25/06/2023";"04:23:00";"232";"ac02 - Aci";"206.6";"BR-050/MG";"Norte";"Choque - Defensa metálica";0;0;1;0;0;0;0;0;0;0;1;1;0;0;0
"25/06/2023";"05:33:00";"258";"ac02 - Aci";"174.15";"BR-050/MG";"Norte";"Colisão Traseira";1;0;0;0;0;1;0;0;0;0;2;1;0;0;0
"25/06/2023";"06:40:00";"271";"ac02 - Aci";"172.9";"BR-050/MG";"Sul";"Choque - New jersey";1;0;0;0;0;0;0;0;0;0;1;0;1;0;0
"25/06/2023";"08:40:00";"296";"ac03 - Aci";"269";"BR-050/GO";"Sul";"Choque - Outros";1;0;0;0;0;0;0;0;0;0;1;0;0;0;0
"25/06/2023";"09:35:00";"308";"ac03 - Aci";"270";"BR-050/GO";"Sul";"Choque - Defensa metálica";1;0;0;0;0;0;0;0;0;0;1;0;0;0;0
"26/06/2023";"05:52:00";"22";"ac02 - Aci";"248.5";"BR-050/GO";"Norte";"Colisão Traseira";1;0;0;0;0;1;0;0;0;0;0;0;1;0;0
"26/06/2023";"10:40:00";"148";"ac02 - Aci";"153.4";"BR-050/GO";"Norte";"Choque - Talude ou Barranco";1;0;0;0;0;0;0;0;0;0;2;1;0;0;0
"26/06/2023";"02:14:00";"230";"ac03 - Aci";"99.9";"BR-050/MG";"Sul";"Choque - Defensa metálica";0;0;1;0;0;0;0;0;0;0;1;0;0;0;0
"26/06/2023";"08:12:00";"319";"ac03 - Aci";"49.6";"BR-050/MG";"Sul";"Choque - Outros";0;0;0;0;0;0;0;0;0;1;1;0;0;0;0
"27/06/2023";"07:08:00";"46";"ac03 - Aci";"38";"BR-050/MG";"Norte";"Colisão Traseira";0;0;2;0;0;0;0;0;0;0;2;0;0;0;0
"27/06/2023";"01:12:00";"183";"ac03 - Aci";"47";"BR-050/MG";"Sul";"Colisão lateral no mesmo sentido";0;0;1;0;0;1;0;0;0;0;1;0;0;0;0
"27/06/2023";"02:28:00";"200";"ac04 - Aci";"258.1";"BR-050/GO";"Sul";"Capotamento";0;0;0;0;0;0;0;0;0;1;1;0;0;0;0
"27/06/2023";"04:32:00";"235";"ac02 - Aci";"166.05";"BR-050/MG";"Sul";"Colisão Traseira";1;0;0;1;0;0;0;0;0;0;1;1;0;0;0
"28/06/2023";"06:23:00";"31";"ac02 - Aci";"199";"BR-050/MG";"Norte";"Colisão Traseira";0;0;1;1;0;0;0;0;0;0;1;1;0;0;0
"28/06/2023";"06:37:00";"36";"ac02 - Aci";"166.6";"BR-050/MG";"Sul";"Capotamento";1;0;0;0;0;0;0;0;0;0;0;3;0;0;0
"28/06/2023";"07:21:00";"60";"ac01 - Aci";"176.9";"BR-050/MG";"Norte";"Queda de Moto";0;0;0;1;0;0;0;0;0;0;0;0;0;0;1
"28/06/2023";"06:34:00";"268";"ac03 - Aci";"28.7";"BR-050/MG";"Sul";"Colisão Traseira";0;0;1;0;0;0;0;0;0;1;7;0;0;0;0
"29/06/2023";"09:22:00";"116";"ac04 - Aci";"226";"BR-050/GO";"Sul";"Choque - Outros";0;0;0;0;0;0;0;0;0;0;1;0;0;0;0
"29/06/2023";"11:55:00";"193";"ac03 - Aci";"77.3";"BR-050/MG";"Norte";"Colisão Traseira";1;0;0;0;0;1;0;0;0;0;2;0;0;0;0
"29/06/2023";"01:19:00";"216";"ac03 - Aci";"195.2";"BR-050/MG";"Sul";"Colisão Traseira";0;0;0;0;0;0;0;0;0;2;2;0;0;0;0
"29/06/2023";"02:06:00";"230";"ac02 - Aci";"0.43";"CT-UDI-MG";"Sul";"Tombamento";0;0;1;0;0;0;0;0;0;0;0;1;0;0;0
"29/06/2023";"03:31:00";"266";"ac03 - Aci";"292";"BR-050/GO";"Norte";"Choque - Elemento de Drenagem";1;0;0;0;0;0;0;0;0;0;1;0;0;0;0
"30/06/2023";"01:31:00";"229";"ac02 - Aci";"97.2";"BR-050/GO";"Norte";"Colisão Transversal";2;0;0;0;0;0;0;0;0;1;2;2;0;0;0
"30/06/2023";"09:35:00";"367";"ac02 - Aci";"174";"BR-050/MG";"Norte";"Queda de Moto";0;0;0;1;0;0;0;0;0;0;0;1;0;0;0
"01/07/2023";"08:12:00";"288";"ac03 - Aci";"101.8";"BR-050/GO";"Sul";"Choque - Elemento de Drenagem";0;0;1;0;0;0;0;0;0;0;1;0;0;0;0
"02/07/2023";"12:28:00";"6";"ac02 - Aci";"261.45";"BR-050/GO";"Sul";"Choque - Outros";0;0;0;0;0;0;0;0;0;1;0;0;1;0;0
"02/07/2023";"02:03:00";"18";"ac03 - Aci";"274";"BR-050/GO";"Norte";"Choque - Elemento de Drenagem";1;0;0;0;0;0;0;0;0;0;1;0;0;0;0
"02/07/2023";"05:08:00";"34";"ac03 - Aci";"48.7";"BR-050/MG";"Sul";"Capotamento";1;0;0;0;0;0;0;0;0;0;2;0;0;0;0
"02/07/2023";"08:26:00";"69";"ac02 - Aci";"47";"BR-050/MG";"Norte";"Choque - Sinalização";0;0;0;1;0;0;0;0;0;0;0;0;1;0;0
"02/07/2023";"03:19:00";"181";"ac03 - Aci";"45";"BR-050/MG";"Norte";"Colisão Traseira";0;0;2;0;0;0;0;0;0;0;2;0;0;0;0
"02/07/2023";"05:00:00";"217";"ac02 - Aci";"150.8";"BR-050/MG";"Sul";"Capotamento";1;0;0;0;0;0;0;0;0;0;0;1;0;0;0
"03/07/2023";"03:16:00";"15";"ac02 - Aci";"2.272";"BR-050/MG";"Norte";"Colisão Traseira";0;0;0;0;0;1;0;0;0;1;0;0;0;1;0
"03/07/2023";"07:15:00";"56";"ac02 - Aci";"204";"BR-050/MG";"Norte";"Choque - New jersey";0;0;0;0;0;0;0;0;0;1;1;5;0;0;0
"03/07/2023";"12:17:00";"187";"ac04 - Aci";"185.7";"BR-050/MG";"Sul";"Choque - Outros";0;0;0;0;0;0;0;0;0;0;0;0;1;0;0