data;horario;n_da_ocorrencia;tipo_de_ocorrencia;km;trecho;sentido;tipo_de_acidente;automovel;bicicleta;caminhao;moto;onibus;outros;tracao_animal;transporte_de_cargas_especiais;trator_maquinas;utilitarios;ilesos;levemente_feridos;moderadamente_feridos;gravemente_feridos;mortos
"03/07/2023";"02:53:00";"239";"ac02 - Aci";"157.55";"BR-050/GO";"Norte";"Capotamento";0;0;0;0;0;0;0;0;0;1;3;2;0;0;0
"03/07/2023";"07:12:00";"320";"ac02 - Aci";"105";"BR-050/MG";"Norte";"Colisão Traseira";1;0;1;0;0;0;0;0;0;0;1;0;1;0;0
"03/07/2023";"09:17:00";"343";"ac03 - Aci";"206.6";"BR-050/MG";"Sul";"Atropelamento de Animal";1;0;0;0;0;0;0;0;0;0;4;0;0;0;0
"04/07/2023";"12:26:00";"6";"ac03 - Aci";"141.2";"BR-050/MG";"Sul";"Atropelamento de Animal";1;0;0;0;0;0;0;0;0;0;4;0;0;0;0
"04/07/2023";"07:59:00";"86";"ac04 - Aci";"111.85";"BR-050/MG";"Norte";"Objeto lançado contra veículo";0;0;0;0;0;0;0;0;0;1;1;0;0;0;0
"04/07/2023";"08:23:00";"300";"ac02 - Aci";"176.15";"BR-050/MG";"Norte";"Queda de Moto";0;0;0;1;0;0;0;0;0;0;0;2;0;0;0
"05/07/2023";"01:01:00";"7";"ac03 - Aci";"151";"BR-050/GO";"Sul";"Atropelamento de Animal";0;0;0;0;0;0;0;0;0;1;1;0;0;0;0
"05/07/2023";"01:49:00";"13";"ac03 - Aci";"143.5";"BR-050/MG";"Norte";"Atropelamento de Animal";0;0;1;0;0;0;0;0;0;0;1;0;0;0;0
"05/07/2023";"07:00:00";"42";"ac03 - Aci";"51.1";"BR-050/MG";"Norte";"Colisão Traseira";1;0;1;0;0;0;0;0;0;0;2;0;0;0;0
"05/07/2023";"01:33:00";"187";"ac02 - Aci";"287";"BR-050/GO";"Norte";"Capotamento";1;0;0;0;0;0;0;0;0;0;0;1;0;1;0
"06/07/2023";"06:04:00";"34";"ac03 - Aci";"141.5";"BR-050/MG";"Norte";"Choque - Outros";0;0;0;0;0;0;0;0;0;1;1;0;0;0;0
"06/07/2023";"07:13:00";"50";"ac02 - Aci";"45";"BR-050/MG";"Sul";"Choque - Defensa metálica";1;0;0;0;0;0;0;0;0;0;0;1;0;0;0
"06/07/2023";"10:10:00";"137";"ac03 - Aci";"96";"BR-050/MG";"Sul";"Colisão lateral no mesmo sentido";0;0;0;0;0;1;0;0;0;1;1;0;0;0;0
"06/07/2023";"12:13:00";"171";"ac02 - Aci";"204";"BR-050/MG";"Norte";"Colisão Traseira";1;0;0;0;0;0;0;0;0;1;1;0;3;0;0
"06/07/2023";"02:00:00";"206";"ac03 - Aci";"294.1";"BR-050/GO";"Norte";"Tombamento";0;0;1;0;0;0;0;0;0;0;2;0;0;0;0
"06/07/2023";"05:02:00";"274";"ac02 - Aci";"17";"BR-050/MG";"Norte";"Colisão Traseira";0;0;1;0;0;0;0;0;0;1;1;3;0;0;0
"07/07/2023";"08:36:00";"99";"ac03 - Aci";"180";"BR-050/MG";"Norte";"Queda de Moto";0;0;0;1;0;0;0;0;0;0;1;0;0;0;0
"07/07/2023";"09:14:00";"123";"ac04 - Aci";"104.8";"BR-050/GO";"Norte";"Tombamento";0;0;1;0;0;0;0;0;0;0;1;0;0;0;0
"07/07/2023";"01:16:00";"215";"ac03 - Aci";"179";"BR-050/MG";"Sul";"Queda de Moto";0;0;0;0;0;1;0;0;0;0;0;0;0;0;0
"07/07/2023";"04:20:00";"274";"ac03 - Aci";"84.351";"BR-050/MG";"Norte";"Choque - Outros";1;0;0;0;0;0;0;0;0;0;1;0;0;0;0
"07/07/2023";"08:23:00";"360";"ac02 - Aci";"45";"BR-050/MG";"Sul";"Choque - Defensa metálica";0;0;1;0;0;0;0;0;0;0;0;1;0;0;0
"07/07/2023";"10:42:00";"389";"ac03 - Aci";"156.5";"BR-050/MG";"Norte";"Choque - Elemento de Drenagem";1;0;0;0;0;0;0;0;0;0;4;0;0;0;0
"08/07/2023";"08:31:00";"81";"ac03 - Aci";"16.8";"CT-UDI-MG";"Sul";"Colisão lateral no mesmo sentido";0;0;0;0;0;1;0;0;0;1;1;0;0;0;0
"08/07/2023";"12:49:00";"184";"ac02 - Aci";"178.8";"BR-050/MG";"Sul";"Atropelamento - Pedestre";0;1;0;0;0;1;0;0;0;0;0;0;0;1;0
"08/07/2023";"12:59:00";"185";"ac03 - Aci";"178.4";"BR-050/MG";"Sul";"Colisão Traseira";2;0;0;0;0;0;0;0;0;0;6;0;0;0;0
"08/07/2023";"03:46:00";"236";"ac02 - Aci";"171.7";"BR-050/MG";"Norte";"Atropelamento - Pedestre";0;0;0;0;0;1;0;0;0;0;0;0;0;1;0
"08/07/2023";"06:22:00";"278";"ac02 - Aci";"99";"BR-050/GO";"Norte";"Colisão lateral no mesmo sentido";0;0;1;1;0;0;0;0;0;0;1;2;0;0;0
"08/07/2023";"07:19:00";"290";"ac03 - Aci";"58.5";"BR-050/MG";"Sul";"Choque - Elemento de Drenagem";1;0;0;0;0;0;0;0;0;0;2;0;0;0;0
"08/07/2023";"09:06:00";"313";"ac02 - Aci";"173.38";"BR-050/MG";"Sul";"Engavetamento";3;0;0;1;0;0;0;0;0;0;6;0;1;0;0
"08/07/2023";"09:11:00";"315";"ac02 - Aci";"55.11";"BR-050/MG";"Norte";"Colisão Traseira";0;0;2;0;0;0;0;0;0;0;1;0;1;0;0
"08/07/2023";"10:31:00";"324";"ac02 - Aci";"253.5";"BR-050/GO";"Sul";"Capotamento";0;0;0;0;0;0;0;0;0;1;0;1;2;0;0
"08/07/2023";"11:36:00";"332";"ac03 - Aci";"175.3";"BR-050/MG";"Sul";"Choque - Meio fio";1;0;0;0;0;0;0;0;0;0;1;0;0;0;0
"09/07/2023";"05:00:00";"36";"ac03 - Aci";"80.5";"BR-050/MG";"Sul";"Choque - Defensa metálica";1;0;0;0;0;0;0;0;0;0;2;0;0;0;0
"09/07/2023";"06:20:00";"42";"ac02 - Aci";"264.8";"BR-050/GO";"Sul";"Capotamento";0;0;0;0;0;0;0;0;0;1;2;1;0;0;0
"09/07/2023";"07:26:00";"263";"ac03 - Aci";"118.5";"BR-050/MG";"Norte";"Capotamento";0;0;0;0;0;1;0;0;0;1;2;0;0;0;0
"10/07/2023";"06:15:00";"15";"ac03 - Aci";"307.6";"BR-050/GO";"Sul";"Choque - Defensa metálica";1;0;0;0;0;0;0;0;0;0;2;0;0;0;0
"10/07/2023";"06:51:00";"21";"ac02 - Aci";"139.8";"BR-050/MG";"Sul";"Colisão Traseira";1;0;1;0;0;0;0;0;0;0;2;1;0;0;0
"10/07/2023";"08:01:00";"50";"ac03 - Aci";"79";"BR-050/MG";"Norte";"Colisão Traseira";0;0;2;0;0;0;0;0;0;0;2;0;0;0;0
"10/07/2023";"09:19:00";"80";"ac03 - Aci";"44.1";"BR-050/MG";"Sul";"Choque - Elemento de Drenagem";1;0;0;0;0;0;0;0;0;0;1;0;0;0;0
"10/07/2023";"11:48:00";"140";"ac03 - Aci";"157";"BR-050/MG";"Norte";"Tombamento";0;0;1;0;0;0;0;0;0;0;1;0;0;0;0
"10/07/2023";"06:58:00";"280";"ac02 - Aci";"138.45";"BR-050/MG";"Sul";"Colisão Traseira";0;0;1;0;0;0;0;0;0;1;1;0;1;2;0
"11/07/2023";"04:42:00";"284";"ac03 - Aci";"13";"BR-050/MG";"Sul";"Colisão Traseira";1;0;0;0;0;1;0;0;0;0;0;0;0;0;0
"11/07/2023";"06:49:00";"338";"ac01 - Aci";"237.5";"BR-050/GO";"Norte";"Capotamento";1;0;0;0;0;0;0;0;0;0;0;0;0;2;1
"12/07/2023";"03:38:00";"22";"ac03 - Aci";"146.1";"BR-050/GO";"Sul";"Choque - Meio fio";1;0;0;0;0;0;0;0;0;0;2;0;0;0;0
"12/07/2023";"12:08:00";"198";"ac03 - Aci";"310.98";"BR-050/GO";"Norte";"Choque - Talude ou Barranco";1;0;0;0;0;0;0;0;0;0;1;0;0;0;0
"12/07/2023";"01:00:00";"219";"ac04 - Aci";"306.3";"BR-050/GO";"Norte";"Choque - Defensa metálica";0;0;0;0;0;0;0;0;0;1;1;0;0;0;0
"12/07/2023";"06:18:00";"326";"ac02 - Aci";"151.6";"BR-050/MG";"Norte";"Capotamento";0;0;0;0;0;0;0;0;0;1;0;2;0;0;0
"12/07/2023";"07:22:00";"348";"ac03 - Aci";"95.7";"BR-050/GO";"Norte";"Colisão lateral no mesmo sentido";1;0;0;1;0;0;0;0;0;0;0;0;0;0;0
"13/07/2023";"08:50:00";"91";"ac01 - Aci";"169.3";"BR-050/MG";"Norte";"Colisão Traseira";0;0;2;0;0;0;0;0;0;0;3;0;0;0;1
"13/07/2023";"09:27:00";"109";"ac03 - Aci";"169.35";"BR-050/MG";"Norte";"Colisão Traseira";0;0;2;0;0;0;0;0;0;0;2;0;0;0;0
"13/07/2023";"11:27:00";"154";"ac02 - Aci";"177";"BR-050/MG";"Norte";"Queda de Moto";0;0;0;1;0;0;0;0;0;0;0;0;1;0;0
"13/07/2023";"12:53:00";"185";"ac03 - Aci";"212";"BR-050/GO";"Norte";"Choque - Elemento de Drenagem";0;0;0;0;0;0;0;0;0;1;1;0;0;0;0
"13/07/2023";"01:01:00";"187";"ac03 - Aci";"178";"BR-050/MG";"Norte";"Choque - Meio fio";1;0;0;0;0;0;0;0;0;0;5;0;0;0;0
"13/07/2023";"09:10:00";"345";"ac03 - Aci";"175";"BR-050/MG";"Sul";"Colisão lateral no mesmo sentido";1;0;1;0;0;0;0;0;0;0;2;0;0;0;0
"13/07/2023";"09:59:00";"360";"ac03 - Aci";"250";"BR-050/GO";"Sul";"Tombamento";0;0;1;0;0;0;0;0;0;0;1;0;0;0;0
"14/07/2023";"02:20:00";"212";"ac03 - Aci";"193.329";"BR-050/MG";"Sul";"Colisão Traseira";0;0;0;0;0;0;0;0;0;2;2;0;0;0;0
"14/07/2023";"07:00:00";"290";"ac03 - Aci";"14";"BR-050/MG";"Sul";"Colisão lateral no mesmo sentido";0;0;1;0;0;0;0;0;0;1;2;0;0;0;0
"14/07/2023";"07:46:00";"305";"ac02 - Aci";"20.05";"CT-UDI-MG";"Sul";"Colisão lateral no mesmo sentido";1;0;1;2;0;0;0;0;0;0;1;3;0;0;0
"14/07/2023";"08:05:00";"310";"ac03 - Aci";"52.6";"BR-050/MG";"Sul";"Colisão lateral no mesmo sentido";1;0;0;0;0;0;0;0;0;1;8;0;0;0;0
"14/07/2023";"08:15:00";"313";"ac02 - Aci";"19.6";"CT-UDI-MG";"Sul";"Choque - New jersey";1;0;0;0;0;0;0;0;0;0;1;2;0;0;0
"14/07/2023";"08:51:00";"321";"ac04 - Aci";"19.6";"BR-050/MG";"Sul";"Choque - Outros";0;0;0;0;0;0;0;0;0;0;1;0;0;0;0
"15/07/2023";"03:11:00";"12";"ac03 - Aci";"279.9";"BR-050/GO";"Norte";"Colisão Frontal";2;0;0;0;0;0;0;0;0;0;2;0;0;0;0
"15/07/2023";"10:47:00";"137";"ac02 - Aci";"153.32";"BR-050/MG";"Norte";"Colisão lateral no mesmo sentido";1;0;1;0;0;0;0;0;0;0;1;1;0;0;0
"15/07/2023";"06:37:00";"308";"ac03 - Aci";"77.3";"BR-050/MG";"Norte";"Choque - Meio fio";1;0;0;0;0;0;0;0;0;0;1;0;0;0;0
"15/07/2023";"08:01:00";"327";"ac03 - Aci";"46.3";"BR-050/MG";"Sul";"Capotamento";1;0;0;0;0;0;0;0;0;0;1;0;0;0;0
"15/07/2023";"09:13:00";"346";"ac03 - Aci";"96.2";"BR-050/GO";"Sul";"Colisão Transversal";2;0;0;0;0;0;0;0;0;0;2;0;0;0;0
"15/07/2023";"10:40:00";"371";"ac03 - Aci";"99.12";"BR-050/MG";"Sul";"Colisão lateral no mesmo sentido";1;0;0;0;0;0;0;0;0;0;1;0;0;0;0
"16/07/2023";"01:25:00";"152";"ac03 - Aci";"28.95";"BR-050/MG";"Sul";"Queda de Carro";0;0;0;1;0;0;0;0;0;0;1;0;0;0;0
"16/07/2023";"04:07:00";"205";"ac02 - Aci";"218";"BR-050/GO";"Sul";"Capotamento";0;0;0;0;0;0;0;0;0;1;0;0;1;0;0
"16/07/2023";"05:58:00";"246";"ac03 - Aci";"41";"BR-050/MG";"Norte";"Choque - Defensa metálica";1;0;0;0;0;0;0;0;0;0;3;0;0;0;0
"16/07/2023";"07:02:00";"265";"ac02 - Aci";"115.1";"BR-050/MG";"Norte";"Queda de Moto";0;0;0;1;0;0;0;0;0;0;0;0;2;0;0
"17/07/2023";"12:08:00";"3";"ac03 - Aci";"281.3";"BR-050/GO";"Sul";"Capotamento";1;0;0;0;0;0;0;0;0;0;1;0;0;0;0
"17/07/2023";"07:15:00";"50";"ac02 - Aci";"181.2";"BR-050/MG";"Norte";"Colisão lateral no mesmo sentido";0;0;1;0;0;0;0;0;0;1;4;1;0;0;0
"17/07/2023";"07:28:00";"57";"ac04 - Aci";"179.8";"BR-050/GO";"Norte";"Choque - Meio fio";0;0;0;0;0;0;0;0;0;1;1;0;0;0;0
"17/07/2023";"12:54:00";"181";"ac02 - Aci";"174";"BR-050/MG";"Norte";"Capotamento";1;0;0;0;0;0;0;0;0;0;0;0;1;0;0
"18/07/2023";"03:34:00";"25";"ac03 - Aci";"80.4";"BR-050/MG";"Norte";"Tombamento";0;0;1;0;0;0;0;0;0;0;1;0;0;0;0
"18/07/2023";"07:48:00";"70";"ac03 - Aci";"20.48";"BR-050/MG";"Norte";"Choque - Elemento de Drenagem";1;0;0;0;0;0;0;0;0;0;4;0;0;0;0
"18/07/2023";"02:55:00";"214";"ac03 - Aci";"105";"BR-050/MG";"Sul";"Choque - Veiculo parado na pista";1;0;1;0;0;0;0;0;0;0;5;0;0;0;0
"19/07/2023";"01:59:00";"12";"ac03 - Aci";"62.502";"BR-050/MG";"Sul";"Tombamento";1;0;0;0;0;0;0;0;0;0;2;0;0;0;0
"19/07/2023";"01:12:00";"211";"ac02 - Aci";"109.2";"BR-050/GO";"Norte";"Tombamento";0;0;1;0;0;0;0;0;0;0;0;0;1;0;0
"20/07/2023";"04:19:00";"221";"ac02 - Aci";"99";"BR-050/GO";"Norte";"Colisão Transversal";0;0;1;0;0;0;0;0;0;1;1;1;0;0;0
"21/07/2023";"12:01:00";"1";"ac04 - Aci";"36";"BR-050/MG";"Sul";"Choque - Outros";0;0;0;0;0;0;0;0;0;0;0;1;0;0;0
"21/07/2023";"04:03:00";"263";"ac03 - Aci";"172";"BR-050/MG";"Sul";"Colisão lateral no mesmo sentido";1;0;1;0;0;0;0;0;0;0;3;0;0;0;0
"22/07/2023";"03:29:00";"18";"ac02 - Aci";"21.5";"CT-UDI-MG";"Sul";"Colisão Frontal";1;0;1;0;0;0;0;0;0;0;4;1;0;0;0
"22/07/2023";"01:46:00";"169";"ac02 - Aci";"198.9";"BR-050/GO";"Sul";"Capotamento";1;0;0;0;0;0;0;0;0;0;0;0;4;0;0
"22/07/2023";"07:05:00";"251";"ac03 - Aci";"98.85";"BR-050/GO";"Sul";"Choque - Outros";1;0;0;0;0;0;0;0;0;0;2;0;0;0;0
"22/07/2023";"08:44:00";"274";"ac03 - Aci";"79.2";"BR-050/MG";"Norte";"Colisão Traseira";0;0;0;1;0;1;0;0;0;0;2;0;0;0;0
"22/07/2023";"10:23:00";"298";"ac02 - Aci";"177.8";"BR-050/MG";"Sul";"Choque - Defensa metálica";1;0;0;0;0;0;0;0;0;0;3;1;0;0;0
"22/07/2023";"10:24:00";"299";"ac02 - Aci";"79.15";"BR-050/MG";"Sul";"Colisão Traseira";2;0;0;0;0;0;0;0;0;0;2;2;0;0;0
"23/07/2023";"03:35:00";"182";"ac03 - Aci";"197";"BR-050/MG";"Sul";"Choque - Objeto sobre a pista";1;0;0;0;0;0;0;0;0;0;2;0;0;0;0
"23/07/2023";"03:42:00";"185";"ac02 - Aci";"57.8";"BR-050/MG";"Norte";"Queda de Moto";0;0;0;1;0;0;0;0;0;0;0;1;0;0;0
"23/07/2023";"05:10:00";"219";"ac03 - Aci";"180.2";"BR-050/MG";"Norte";"Choque - Meio fio";1;0;0;0;0;0;0;0;0;0;4;0;0;0;0
"24/07/2023";"06:30:00";"27";"ac03 - Aci";"109.7";"BR-050/MG";"Norte";"Capotamento";0;0;0;0;0;0;0;0;0;1;2;0;0;0;0
"24/07/2023";"06:42:00";"34";"ac03 - Aci";"176.38";"BR-050/GO";"Sul";"Colisão lateral no mesmo sentido";1;0;0;0;0;1;0;0;0;0;2;0;0;0;0
"24/07/2023";"09:09:00";"124";"ac02 - Aci";"281.2";"BR-050/GO";"Norte";"Colisão Traseira";1;0;0;1;0;0;0;0;0;0;2;1;0;0;0
"24/07/2023";"08:23:00";"367";"ac02 - Aci";"83.8";"BR-050/MG";"Norte";"Engavetamento";1;0;0;1;0;0;0;0;0;2;5;0;1;0;0
"25/07/2023";"03:00:00";"213";"ac03 - Aci";"265";"BR-050/GO";"Norte";"Choque - Talude ou Barranco";0;0;1;0;0;0;0;0;0;0;1;0;0;0;0
"25/07/2023";"07:09:00";"293";"ac03 - Aci";"104";"BR-050/GO";"Sul";"Colisão Transversal";1;0;0;0;0;0;0;0;0;1;9;0;0;0;0
"26/07/2023";"07:21:00";"46";"ac02 - Aci";"159.2";"BR-050/MG";"Sul";"Capotamento";0;0;0;0;0;0;0;0;0;1;0;3;0;0;0
"26/07/2023";"08:28:00";"74";"ac03 - Aci";"34.4";"BR-050/MG";"Norte";"Choque - Meio fio";0;0;0;0;0;0;0;0;0;1;1;0;0;0;0
"26/07/2023";"08:47:00";"86";"ac03 - Aci";"138.4";"BR-050/MG";"Norte";"Atropelamento de Animal";1;0;0;0;0;0;0;0;0;0;1;0;0;0;0
"26/07/2023";"02:39:00";"213";"ac03 - Aci";"153";"BR-050/MG";"Norte";"Colisão Traseira";1;0;0;0;0;1;0;0;0;0;1;0;0;0;0
"26/07/2023";"06:49:00";"304";"ac02 - Aci";"278.65";"BR-050/GO";"Norte";"Colisão Transversal";1;0;1;0;0;0;0;0;0;0;3;0;1;0;0
"27/07/2023";"03:28:00";"20";"ac03 - Aci";"79";"BR-050/MG";"Sul";"Capotamento";0;0;0;0;0;1;0;0;0;1;3;0;0;0;0
"27/07/2023";"11:05:00";"172";"ac03 - Aci";"185";"BR-050/GO";"Norte";"Tombamento";0;0;1;0;0;0;0;0;0;0;1;0;0;0;0
"27/07/2023";"12:00:00";"192";"ac03 - Aci";"178.8";"BR-050/MG";"Sul";"Choque - Meio fio";0;0;1;0;0;0;0;0;0;0;1;0;0;0;0
"27/07/2023";"04:38:00";"303";"ac03 - Aci";"156";"BR-050/MG";"Sul";"Choque - Sinalização";0;0;0;0;0;0;0;0;0;1;2;0;0;0;0
"27/07/2023";"06:26:00";"350";"ac03 - Aci";"138.13";"BR-050/MG";"Norte";"Choque - Meio fio";1;0;0;0;0;0;0;0;0;0;3;0;0;0;0
"27/07/2023";"08:32:00";"395";"ac03 - Aci";"131";"BR-050/GO";"Sul";"Choque - Outros";0;0;1;0;0;0;0;0;0;0;1;0;0;0;0
"28/07/2023";"07:09:00";"45";"ac02 - Aci";"14.703";"CT-UDI-MG";"Sul";"Choque - Defensa metálica";0;0;0;1;0;0;0;0;0;0;0;1;0;0;0
"28/07/2023";"08:35:00";"95";"ac03 - Aci";"98.2";"BR-050/GO";"Norte";"Colisão Transversal";1;0;0;0;0;0;0;0;0;1;2;0;0;0;0
"28/07/2023";"09:44:00";"134";"ac03 - Aci";"124.5";"BR-050/MG";"Sul";"Colisão lateral no mesmo sentido";0;0;1;0;0;1;0;0;0;0;1;0;0;0;0
"28/07/2023";"11:13:00";"166";"ac02 - Aci";"29.7";"BR-050/MG";"Norte";"Tombamento";0;0;1;0;0;0;0;0;0;0;0;1;0;0;0
"28/07/2023";"05:45:00";"309";"ac02 - Aci";"177.15";"BR-050/MG";"Sul";"Capotamento";1;0;0;0;0;0;0;0;0;0;0;0;1;0;0
"28/07/2023";"06:31:00";"322";"ac03 - Aci";"175";"BR-050/MG";"Sul";"Engavetamento";3;0;0;0;0;0;0;0;0;0;4;0;0;0;0
"28/07/2023";"11:05:00";"394";"ac04 - Aci";"185";"BR-050/MG";"Sul";"Queda de Carro";0;0;0;0;0;0;0;0;0;0;0;1;0;0;0
"29/07/2023";"08:18:00";"64";"ac03 - Aci";"179";"BR-050/MG";"Sul";"Colisão Traseira";1;0;0;0;0;1;0;0;0;0;2;0;0;0;0
"29/07/2023";"10:12:00";"91";"ac02 - Aci";"279";"BR-050/GO";"Sul";"Colisão Transversal";0;0;0;1;0;0;0;0;0;1;2;1;0;0;0
"29/07/2023";"10:26:00";"99";"ac03 - Aci";"176.7";"BR-050/MG";"Norte";"Colisão Traseira";0;0;0;0;0;0;0;0;0;2;2;0;0;0;0
"30/07/2023";"12:30:00";"4";"ac02 - Aci";"121.7";"BR-050/GO";"Sul";"Tombamento";0;0;1;0;0;0;0;0;0;0;0;1;0;0;0
"30/07/2023";"12:48:00";"7";"ac02 - Aci";"296.7";"BR-050/GO";"Sul";"Colisão Traseira";1;0;1;0;0;0;0;0;0;0;1;0;0;1;0
"30/07/2023";"06:11:00";"40";"ac03 - Aci";"150.2";"BR-050/MG";"Norte";"Capotamento";1;0;0;0;0;0;0;0;0;0;2;0;0;0;0
"30/07/2023";"09:50:00";"99";"ac02 - Aci";"21";"CT-UDI-MG";"Sul";"Engavetamento";2;0;0;1;0;0;0;0;0;0;2;1;0;0;0
"30/07/2023";"10:49:00";"114";"ac03 - Aci";"171";"BR-050/MG";"Norte";"Colisão lateral no mesmo sentido";1;0;1;0;0;0;0;0;0;0;5;0;0;0;0
"30/07/2023";"12:37:00";"152";"ac02 - Aci";"180.1";"BR-050/GO";"Sul";"Queda de Moto";0;0;0;1;0;0;0;0;0;0;0;0;1;0;0
"30/07/2023";"01:41:00";"170";"ac02 - Aci";"191";"BR-050/MG";"Sul";"Colisão Traseira";1;0;1;0;0;0;0;0;0;0;2;1;0;0;0
"30/07/2023";"02:58:00";"190";"ac02 - Aci";"27.1";"BR-050/MG";"Sul";"Queda de Moto";0;0;0;1;0;0;0;0;0;0;0;1;0;0;0
"31/07/2023";"07:01:00";"45";"ac02 - Aci";"174.5";"BR-050/MG";"Norte";"Colisão lateral no mesmo sentido";0;0;0;1;0;1;0;0;0;0;0;1;0;0;0
"31/07/2023";"06:29:00";"330";"ac02 - Aci";"178.8";"BR-050/MG";"Sul";"Colisão lateral no mesmo sentido";1;0;0;0;0;1;0;0;0;0;0;1;0;0;0
"01/08/2023";"12:39:00";"6";"ac02 - Aci";"113";"BR-050/MG";"Sul";"Colisão Traseira";0;0;0;1;0;1;0;0;0;0;0;0;1;0;0
"01/08/2023";"07:03:00";"43";"ac03 - Aci";"121.9";"BR-050/MG";"Norte";"Choque - Outros";1;0;0;0;0;0;0;0;0;0;1;0;0;0;0
"01/08/2023";"02:41:00";"235";"ac03 - Aci";"29.75";"BR-050/MG";"Norte";"Choque - Defensa metálica";0;0;1;0;0;0;0;0;0;0;1;0;0;0;0
"01/08/2023";"04:13:00";"282";"ac03 - Aci";"93.6";"BR-050/MG";"Norte";"Colisão Traseira";0;0;1;0;0;0;0;0;0;1;2;0;0;0;0
"02/08/2023";"07:58:00";"68";"ac02 - Aci";"96";"BR-050/GO";"Sul";"Colisão Transversal";0;0;0;0;0;0;0;0;0;2;1;2;0;0;0
"02/08/2023";"09:55:00";"120";"ac03 - Aci";"21.6";"BR-050/MG";"Norte";"Colisão Traseira";0;0;0;0;0;0;0;0;0;2;6;0;0;0;0
"02/08/2023";"04:51:00";"244";"ac03 - Aci";"179";"BR-050/MG";"Norte";"Colisão lateral no mesmo sentido";0;0;0;0;0;1;0;0;0;1;1;0;0;0;0
"02/08/2023";"09:54:00";"312";"ac04 - Aci";"179";"BR-050/MG";"Sul";"Choque - Outros";0;0;0;0;0;0;0;0;0;1;1;0;0;0;0
"03/08/2023";"02:25:00";"12";"ac03 - Aci";"106.4";"BR-050/MG";"Norte";"Choque - Defensa metálica";0;0;1;0;0;0;0;0;0;0;1;0;0;0;0
"03/08/2023";"02:59:00";"244";"ac02 - Aci";"178.8";"BR-050/MG";"Sul";"Colisão Traseira";0;0;0;1;0;1;0;0;0;0;0;1;0;0;0
"03/08/2023";"05:25:00";"298";"ac03 - Aci";"186";"BR-050/MG";"Norte";"Engavetamento";1;0;0;0;0;2;0;0;0;0;1;0;0;0;0
"03/08/2023";"06:30:00";"315";"ac02 - Aci";"97";"BR-050/GO";"Norte";"Colisão Transversal";0;1;0;0;0;0;0;0;0;1;1;0;1;0;0
"03/08/2023";"09:18:00";"359";"ac03 - Aci";"156.4";"BR-050/MG";"Norte";"Choque - Elemento de Drenagem";1;0;0;0;0;0;0;0;0;0;1;0;0;0;0
"04/08/2023";"10:28:00";"155";"ac03 - Aci";"163.75";"BR-050/MG";"Sul";"Colisão Traseira";0;0;0;0;0;0;0;0;0;2;4;0;0;0;0
"04/08/2023";"01:12:00";"216";"ac02 - Aci";"180";"BR-050/MG";"Sul";"Queda de Moto";0;0;0;1;0;0;0;0;0;0;0;0;2;0;0
"04/08/2023";"03:51:00";"279";"ac02 - Aci";"114.03";"BR-050/GO";"Sul";"Capotamento";1;0;0;0;0;0;0;0;0;0;2;2;0;0;0
"04/08/2023";"06:13:00";"327";"ac03 - Aci";"89";"BR-050/MG";"Norte";"Choque - Talude ou Barranco";1;0;0;0;0;0;0;0;0;0;3;0;0;0;0
"04/08/2023";"07:14:00";"344";"ac03 - Aci";"282.8";"BR-050/GO";"Sul";"Colisão Transversal";2;0;0;0;0;0;0;0;0;0;2;0;0;0;0
"05/08/2023";"03:13:00";"233";"ac04 - Aci";"173.28";"BR-050/MG";"Sul";"Choque - Outros";0;0;0;0;0;0;0;0;0;0;0;1;0;0;0
"05/08/2023";"05:09:00";"284";"ac03 - Aci";"51.91";"BR-050/MG";"Norte";"Choque - Sinalização";0;0;1;0;0;0;0;0;0;0;1;0;0;0;0
"06/08/2023";"06:42:00";"43";"ac02 - Aci";"179.1";"BR-050/MG";"Sul";"Colisão Traseira";1;0;0;0;0;1;0;0;0;0;1;0;3;0;0
"06/08/2023";"07:05:00";"47";"ac03 - Aci";"220.5";"BR-050/GO";"Norte";"Choque - Sinalização";0;0;1;0;0;0;0;0;0;0;1;0;0;0;0
"07/08/2023";"11:42:00";"153";"ac03 - Aci";"105.1";"BR-050/MG";"Sul";"Choque - New jersey";0;0;1;0;0;0;0;0;0;0;1;0;0;0;0
"07/08/2023";"03:25:00";"201";"ac02 - Aci";"138";"BR-050/MG";"Sul";"Colisão Traseira";0;0;2;0;0;0;0;0;0;0;1;0;1;0;0
"07/08/2023";"06:08:00";"242";"ac03 - Aci";"172";"BR-050/MG";"Norte";"Choque - Defensa metálica";0;0;1;0;0;0;0;0;0;0;1;0;0;0;0
"07/08/2023";"06:19:00";"244";"ac04 - Aci";"104";"BR-050/MG";"Norte";"Choque - Outros";0;0;0;0;0;0;0;0;0;0;1;0;0;0;0
"08/08/2023";"07:19:00";"52";"ac03 - Aci";"169.6";"BR-050/MG";"Norte";"Colisão lateral no mesmo sentido";1;0;0;0;0;1;0;0;0;0;2;0;0;0;0
"08/08/2023";"12:50:00";"198";"ac03 - Aci";"29.2";"BR-050/MG";"Norte";"Choque - Meio fio";1;0;0;0;0;0;0;0;0;0;1;0;0;0;0
"08/08/2023";"05:05:00";"298";"ac03 - Aci";"171.9";"BR-050/MG";"Sul";"Colisão Traseira";1;0;0;1;0;0;0;0;0;0;2;0;0;0;0
"08/08/2023";"06:40:00";"330";"ac02 - Aci";"34";"BR-050/MG";"Sul";"Engavetamento";0;0;3;0;0;0;0;0;0;0;2;1;0;0;0
"08/08/2023";"10:13:00";"379";"ac02 - Aci";"24.1";"BR-050/MG";"Sul";"Capotamento";1;0;0;0;0;0;0;0;0;0;0;3;0;0;0
"09/08/2023";"12:23:00";"4";"ac01 - Aci";"184.3";"BR-050/MG";"Norte";"Colisão Traseira";0;0;0;1;0;1;0;0;0;0;0;0;0;0;1
"09/08/2023";"12:38:00";"6";"ac03 - Aci";"261";"BR-050/GO";"Sul";"Choque - Elemento de Drenagem";1;0;0;0;0;0;0;0;0;0;1;0;0;0;0