data;horario;n_da_ocorrencia;tipo_de_ocorrencia;km;trecho;sentido;tipo_de_acidente;automovel;bicicleta;caminhao;moto;onibus;outros;tracao_animal;transporte_de_cargas_especiais;trator_maquinas;utilitarios;ilesos;levemente_feridos;moderadamente_feridos;gravemente_feridos;mortos
"15/09/2023";"05:54:00";"273";"ac03 - Aci";"17";"BR-050/MG";"Sul";"Capotamento";1;0;0;0;0;0;0;0;0;0;1;0;0;0;0
"16/09/2023";"08:04:00";"61";"ac03 - Aci";"97.5";"BR-050/GO";"Norte";"Colisão Transversal";2;0;0;0;0;0;0;0;0;0;3;0;0;0;0
"16/09/2023";"10:19:00";"110";"ac02 - Aci";"311.7";"BR-050/GO";"Sul";"Queda de Moto";0;0;0;1;0;0;0;0;0;0;0;0;1;0;0
"16/09/2023";"07:03:00";"263";"ac03 - Aci";"279.8";"BR-050/GO";"Norte";"Colisão Transversal";1;0;0;0;0;0;0;0;0;2;5;0;0;0;0
"16/09/2023";"08:32:00";"284";"ac02 - Aci";"182.3";"BR-050/MG";"Sul";"Capotamento";1;0;0;0;0;0;0;0;0;0;3;0;1;0;0
"16/09/2023";"09:54:00";"295";"ac03 - Aci";"111";"BR-050/GO";"Norte";"Choque - Meio fio";1;0;0;0;0;0;0;0;0;0;1;0;0;0;0
"16/09/2023";"09:56:00";"296";"ac02 - Aci";"277.3";"BR-050/GO";"Sul";"Atropelamento de Animal";2;0;0;0;0;0;0;0;0;0;4;1;0;0;0
"17/09/2023";"01:50:00";"14";"ac02 - Aci";"91";"BR-050/MG";"Sul";"Capotamento";1;0;0;0;0;0;0;0;0;0;0;0;2;0;0
"17/09/2023";"04:59:00";"27";"ac03 - Aci";"45.2";"BR-050/MG";"Norte";"Choque - Sinalização";1;0;0;0;0;0;0;0;0;0;2;0;0;0;0
"17/09/2023";"07:54:00";"90";"ac03 - Aci";"195.1";"BR-050/GO";"Sul";"Colisão Transversal";0;0;0;0;0;0;0;0;0;2;5;0;0;0;0
"17/09/2023";"10:31:00";"138";"ac03 - Aci";"179.9";"BR-050/GO";"Norte";"Choque - Elemento de Drenagem";0;0;0;0;0;0;0;0;0;1;2;0;0;0;0
"17/09/2023";"01:51:00";"187";"ac02 - Aci";"194";"BR-050/MG";"Sul";"Tombamento";0;0;1;0;0;0;0;0;0;0;0;2;0;0;0
"17/09/2023";"07:47:00";"289";"ac03 - Aci";"93.9";"BR-050/MG";"Norte";"Colisão lateral no mesmo sentido";1;0;1;0;0;0;0;0;0;0;3;0;0;0;0
"17/09/2023";"09:34:00";"308";"ac02 - Aci";"125";"BR-050/GO";"Norte";"Queda de Moto";0;0;0;1;0;0;0;0;0;0;0;1;0;0;0
"18/09/2023";"01:30:00";"6";"ac03 - Aci";"178.5";"BR-050/GO";"Sul";"Choque - Elemento de Drenagem";0;0;1;0;0;0;0;0;0;0;2;0;0;0;0
"18/09/2023";"11:17:00";"200";"ac03 - Aci";"119.8";"BR-050/MG";"Sul";"Choque - Defensa metálica";1;0;0;0;0;0;0;0;0;0;1;0;0;0;0
"18/09/2023";"03:54:00";"303";"ac02 - Aci";"96.01";"BR-050/GO";"Sul";"Colisão Transversal";2;0;0;0;0;0;0;0;0;0;0;4;0;0;0
"18/09/2023";"05:13:00";"334";"ac03 - Aci";"28.5";"BR-050/MG";"Sul";"Carreta deu L";0;0;1;0;0;0;0;0;0;0;1;0;0;0;0
"19/09/2023";"01:32:00";"231";"ac03 - Aci";"296.95";"BR-050/GO";"Norte";"Colisão Traseira";0;0;2;0;0;0;0;0;0;0;2;0;0;0;0
"19/09/2023";"03:17:00";"258";"ac02 - Aci";"78.15";"BR-050/MG";"Norte";"Colisão Traseira";0;0;0;1;0;1;0;0;0;0;0;0;1;0;0
"19/09/2023";"05:33:00";"300";"ac02 - Aci";"97.3";"BR-050/GO";"Norte";"Engavetamento";0;0;0;0;1;0;0;0;0;2;36;4;0;0;0
"19/09/2023";"09:13:00";"367";"ac03 - Aci";"297.6";"BR-050/GO";"Sul";"Objeto lançado contra veículo";0;0;2;0;0;0;0;0;0;0;2;0;0;0;0
"20/09/2023";"06:27:00";"44";"ac02 - Aci";"296";"BR-050/GO";"Norte";"Capotamento";0;0;0;0;0;0;0;0;0;1;0;0;1;1;0
"20/09/2023";"11:18:00";"193";"ac02 - Aci";"306.3";"BR-050/GO";"Sul";"Capotamento";0;0;1;0;0;0;0;0;0;0;0;1;0;0;0
"20/09/2023";"05:11:00";"315";"ac03 - Aci";"29.1";"BR-050/MG";"Sul";"Tombamento";0;0;1;0;0;0;0;0;0;0;1;0;0;0;0
"21/09/2023";"06:26:00";"42";"ac02 - Aci";"63.6";"BR-050/MG";"Norte";"Capotamento";1;0;0;0;0;0;0;0;0;0;4;0;1;0;0
"21/09/2023";"07:11:00";"68";"ac02 - Aci";"105.1";"BR-050/GO";"Sul";"Colisão Transversal";1;0;1;0;0;0;0;0;0;0;1;1;0;0;0
"21/09/2023";"02:03:00";"253";"ac02 - Aci";"206.5";"BR-050/MG";"Norte";"Colisão Traseira";1;0;1;0;0;0;0;0;0;0;2;1;1;0;0
"22/09/2023";"06:57:00";"48";"ac03 - Aci";"176";"BR-050/MG";"Sul";"Colisão Traseira";1;0;0;0;0;1;0;0;0;0;1;0;0;0;0
"22/09/2023";"07:06:00";"59";"ac03 - Aci";"55.4";"BR-050/MG";"Norte";"Choque - Elemento de Drenagem";1;0;0;0;0;0;0;0;0;0;1;0;0;0;0
"22/09/2023";"07:22:00";"393";"ac03 - Aci";"51.9";"BR-050/MG";"Sul";"Colisão Traseira";0;0;1;0;0;0;0;0;0;1;5;0;0;0;0
"22/09/2023";"08:19:00";"411";"ac02 - Aci";"242.4";"BR-050/GO";"Sul";"Colisão Traseira";0;0;1;0;0;1;0;0;0;0;1;0;1;0;0
"23/09/2023";"12:13:00";"3";"ac03 - Aci";"171.8";"BR-050/MG";"Norte";"Capotamento";1;0;0;0;0;0;0;0;0;0;1;0;0;0;0
"23/09/2023";"12:57:00";"9";"ac03 - Aci";"46.6";"BR-050/MG";"Norte";"Choque - Sinalização";0;0;0;0;0;0;0;0;0;1;1;0;0;0;0
"23/09/2023";"01:58:00";"25";"ac01 - Aci";"255.6";"BR-050/GO";"Sul";"Tombamento";0;0;1;0;0;0;0;0;0;0;0;0;0;0;1
"23/09/2023";"04:39:00";"40";"ac03 - Aci";"60.95";"BR-050/MG";"Sul";"Choque - Meio fio";1;0;0;0;0;0;0;0;0;0;5;0;0;0;0
"23/09/2023";"11:11:00";"152";"ac04 - Aci";"99.4";"BR-050/GO";"Norte";"Choque - Arvore";0;0;1;0;0;0;0;0;0;0;0;0;0;0;0
"23/09/2023";"07:52:00";"314";"ac03 - Aci";"17.4";"CT-UDI-MG";"Sul";"Colisão Traseira";2;0;0;0;0;0;0;0;0;0;1;0;0;0;0
"23/09/2023";"10:33:00";"349";"ac03 - Aci";"14.6";"BR-050/MG";"Sul";"Atropelamento de Animal";1;0;0;0;0;0;0;0;0;0;2;0;0;0;0
"23/09/2023";"10:59:00";"353";"ac02 - Aci";"261.17";"BR-050/GO";"Sul";"Capotamento";0;0;0;0;0;0;0;0;0;1;0;0;1;0;0
"24/09/2023";"04:01:00";"20";"ac01 - Aci";"39.5";"BR-050/MG";"Sul";"Queda de Moto";0;0;0;1;0;0;0;0;0;0;0;0;0;0;1
"24/09/2023";"10:54:00";"84";"ac03 - Aci";"41.6";"BR-050/MG";"Sul";"Choque - Defensa metálica";1;0;0;0;0;0;0;0;0;0;2;0;0;0;0
"24/09/2023";"04:34:00";"195";"ac02 - Aci";"175.75";"BR-050/MG";"Norte";"Colisão Traseira";1;0;0;1;0;0;0;0;0;0;1;1;1;0;0
"25/09/2023";"10:52:00";"196";"ac02 - Aci";"138.75";"BR-050/MG";"Sul";"Colisão Traseira";1;0;1;0;0;0;0;0;0;0;1;0;2;1;0
"25/09/2023";"01:47:00";"272";"ac03 - Aci";"19.5";"CT-UDI-MG";"Norte";"Colisão lateral no mesmo sentido";1;0;1;0;0;0;0;0;0;0;3;0;0;0;0
"26/09/2023";"03:44:00";"20";"ac01 - Aci";"132.15";"BR-050/GO";"Norte";"Tombamento";0;0;1;0;0;0;0;0;0;0;0;0;0;0;1
"26/09/2023";"06:46:00";"47";"ac02 - Aci";"154.35";"BR-050/MG";"Sul";"Choque - Elemento de Drenagem";1;0;0;0;0;0;0;0;0;0;0;1;0;0;0
"26/09/2023";"01:15:00";"252";"ac02 - Aci";"108.5";"BR-050/GO";"Sul";"Queda de Moto";0;0;0;1;0;0;0;0;0;0;0;0;2;0;0
"26/09/2023";"02:46:00";"286";"ac03 - Aci";"244.85";"BR-050/GO";"Sul";"Choque - Defensa metálica";0;0;1;0;0;0;0;0;0;0;1;0;0;0;0
"26/09/2023";"06:46:00";"376";"ac01 - Aci";"138.15";"BR-050/MG";"Norte";"Colisão Traseira";1;0;0;1;0;0;0;0;0;0;0;1;0;0;2
"26/09/2023";"08:40:00";"406";"ac03 - Aci";"113";"BR-050/MG";"Norte";"Colisão Traseira";0;0;1;0;0;1;0;0;0;0;1;0;0;0;0
"26/09/2023";"10:39:00";"423";"ac02 - Aci";"193.9";"BR-050/MG";"Sul";"Choque - New jersey";0;0;1;0;0;0;0;0;0;0;0;1;0;0;0
"27/09/2023";"12:08:00";"3";"ac02 - Aci";"146.5";"BR-050/GO";"Sul";"Tombamento";0;0;1;0;0;0;0;0;0;0;0;0;1;0;0
"27/09/2023";"04:43:00";"28";"ac02 - Aci";"157.4";"BR-050/MG";"Sul";"Choque - Defensa metálica";0;0;1;0;0;0;0;0;0;0;0;1;0;0;0
"27/09/2023";"07:09:00";"64";"ac02 - Aci";"47.36";"BR-050/MG";"Sul";"Capotamento";1;0;0;0;0;0;0;0;0;0;0;1;0;0;0
"27/09/2023";"09:15:00";"358";"ac03 - Aci";"176.746";"BR-050/MG";"Sul";"Colisão lateral no mesmo sentido";1;0;0;0;0;1;0;0;0;0;2;0;0;0;0
"28/09/2023";"01:03:00";"11";"ac03 - Aci";"99";"BR-050/GO";"Norte";"Atropelamento de Animal";0;0;1;0;0;0;0;0;0;0;1;0;0;0;0
"28/09/2023";"01:20:00";"13";"ac03 - Aci";"99";"BR-050/GO";"Sul";"Atropelamento de Animal";0;0;1;0;0;0;0;0;0;0;1;0;0;0;0
"28/09/2023";"04:22:00";"268";"ac03 - Aci";"62.3";"BR-050/MG";"Norte";"Choque - Meio fio";0;0;0;0;0;0;0;0;0;1;5;0;0;0;0
"28/09/2023";"04:30:00";"271";"ac02 - Aci";"238.88";"BR-050/GO";"Sul";"Capotamento";0;0;0;0;0;0;0;0;0;1;0;0;1;0;0
"28/09/2023";"05:08:00";"284";"ac03 - Aci";"62.35";"BR-050/MG";"Norte";"Colisão lateral no mesmo sentido";1;0;0;0;0;0;0;0;0;1;4;0;0;0;0
"28/09/2023";"06:21:00";"305";"ac03 - Aci";"2";"BR-050/MG";"Norte";"Choque - Elemento de Drenagem";1;0;0;0;0;0;0;0;0;0;2;0;0;0;0
"28/09/2023";"06:29:00";"308";"ac02 - Aci";"180";"BR-050/MG";"Sul";"Colisão lateral no mesmo sentido";0;0;1;1;0;0;0;0;0;0;1;0;1;0;0
"28/09/2023";"06:30:00";"307";"ac04 - Aci";"266.7";"BR-050/GO";"Sul";"Choque - Outros";0;0;0;0;0;0;0;0;0;0;0;1;0;0;0
"28/09/2023";"07:32:00";"322";"ac02 - Aci";"173";"BR-050/MG";"Sul";"Atropelamento - Pedestre";0;0;0;0;0;0;0;0;0;0;0;1;0;0;0
"29/09/2023";"10:25:00";"178";"ac02 - Aci";"3.5";"BR-050/MG";"Sul";"Colisão lateral no mesmo sentido";0;0;0;1;0;1;0;0;0;0;0;1;0;0;0
"29/09/2023";"03:06:00";"281";"ac03 - Aci";"185.2";"BR-050/MG";"Norte";"Colisão lateral no mesmo sentido";1;0;0;0;0;0;0;0;0;1;2;0;0;0;0
"29/09/2023";"03:22:00";"291";"ac02 - Aci";"179.05";"BR-050/MG";"Sul";"Colisão Traseira";1;0;1;0;0;0;0;0;0;0;2;1;0;0;0
"29/09/2023";"06:19:00";"361";"ac02 - Aci";"147.7";"BR-050/MG";"Sul";"Atropelamento de Animal";0;0;0;1;0;0;0;0;0;0;0;2;0;0;0
"30/09/2023";"06:41:00";"53";"ac02 - Aci";"235.23";"BR-050/GO";"Norte";"Tombamento";0;0;1;0;0;0;0;0;0;0;0;0;1;0;0
"30/09/2023";"08:06:00";"88";"ac02 - Aci";"29.75";"BR-050/MG";"Norte";"Queda de Moto";0;0;0;1;0;0;0;0;0;0;0;1;0;0;0
"30/09/2023";"03:10:00";"243";"ac02 - Aci";"119.9";"BR-050/MG";"Norte";"Colisão lateral no mesmo sentido";0;0;0;2;0;0;0;0;0;0;0;2;0;0;0
"30/09/2023";"04:27:00";"275";"ac03 - Aci";"51.475";"BR-050/MG";"Norte";"Colisão Traseira";1;0;0;0;0;0;0;0;0;1;4;0;0;0;0
"30/09/2023";"11:40:00";"372";"ac02 - Aci";"135.6";"BR-050/MG";"Sul";"Capotamento";0;0;0;0;0;0;0;0;0;1;0;0;0;1;0
"01/10/2023";"12:48:00";"5";"ac02 - Aci";"34";"BR-050/MG";"Norte";"Choque - Elemento de Drenagem";1;0;0;0;0;0;0;0;0;0;2;1;0;0;0
"01/10/2023";"01:55:00";"13";"ac03 - Aci";"119";"BR-050/GO";"Sul";"Queda de veículo em ribanceira, ponte ou viaduto";1;0;0;0;0;0;0;0;0;0;1;0;0;0;0
"01/10/2023";"03:46:00";"20";"ac02 - Aci";"28.95";"BR-050/MG";"Norte";"Capotamento";1;0;0;0;0;0;0;0;0;0;0;1;0;0;0
"01/10/2023";"10:04:00";"125";"ac03 - Aci";"176";"BR-050/MG";"Norte";"Colisão Traseira";1;0;1;0;0;0;0;0;0;0;3;0;0;0;0
"01/10/2023";"12:12:00";"181";"ac03 - Aci";"121";"BR-050/MG";"Norte";"Choque - Elemento de Drenagem";1;0;0;0;0;0;0;0;0;0;1;0;0;0;0
"01/10/2023";"08:25:00";"326";"ac02 - Aci";"8.3";"BR-050/MG";"Sul";"Choque - Arvore";1;0;0;0;0;0;0;0;0;0;0;0;2;0;0
"01/10/2023";"10:29:00";"348";"ac03 - Aci";"27.7";"BR-050/MG";"Sul";"Carreta deu L";0;0;1;0;0;0;0;0;0;0;1;0;0;0;0
"02/10/2023";"08:15:00";"86";"ac02 - Aci";"103";"BR-050/GO";"Norte";"Colisão Traseira";1;0;0;0;0;0;0;0;0;1;0;3;0;0;0
"02/10/2023";"10:26:00";"155";"ac02 - Aci";"45.9";"BR-050/MG";"Norte";"Colisão Traseira";0;0;1;1;0;0;0;0;0;0;0;0;0;1;0
"02/10/2023";"10:36:00";"157";"ac02 - Aci";"140";"BR-050/MG";"Sul";"Colisão lateral no sentido contrário";0;0;2;0;0;0;0;0;0;0;1;0;1;0;0
"03/10/2023";"05:03:00";"19";"ac02 - Aci";"270";"BR-050/GO";"Norte";"Tombamento";0;0;1;0;0;0;0;0;0;0;0;1;0;0;0
"03/10/2023";"06:16:00";"349";"ac02 - Aci";"176.8";"BR-050/MG";"Norte";"Choque - Meio fio";0;0;0;0;0;0;0;0;0;1;0;1;0;0;0
"04/10/2023";"05:13:00";"31";"ac02 - Aci";"124.2";"BR-050/MG";"Norte";"Colisão Traseira";0;0;2;0;0;0;0;0;0;0;1;1;0;0;0
"04/10/2023";"08:51:00";"120";"ac02 - Aci";"206.7";"BR-050/MG";"Sul";"Colisão Traseira";1;0;1;0;0;0;0;0;0;1;8;2;0;0;0
"04/10/2023";"02:11:00";"256";"ac02 - Aci";"143.3";"BR-050/MG";"Norte";"Choque - Elemento de Drenagem";1;0;0;0;0;0;0;0;0;0;0;1;0;0;0
"04/10/2023";"02:41:00";"265";"ac03 - Aci";"165.9";"BR-050/MG";"Sul";"Colisão Traseira";1;0;0;0;0;1;0;0;0;0;1;0;0;0;0
"04/10/2023";"03:12:00";"279";"ac02 - Aci";"169.9";"BR-050/MG";"Norte";"Choque - New jersey";0;0;0;1;0;0;0;0;0;0;0;0;1;0;0
"04/10/2023";"10:42:00";"424";"ac02 - Aci";"41";"BR-050/MG";"Sul";"Choque - Defensa metálica";0;0;1;0;0;0;0;0;0;0;0;0;2;0;0
"05/10/2023";"03:43:00";"24";"ac01 - Aci";"15";"CT-UDI-MG";"Sul";"Capotamento";0;0;0;0;1;0;0;0;0;0;0;33;3;8;2
"05/10/2023";"06:12:00";"40";"ac03 - Aci";"174";"BR-050/MG";"Sul";"Choque - New jersey";1;0;0;0;0;1;0;0;0;0;1;0;0;0;0
"05/10/2023";"06:37:00";"42";"ac03 - Aci";"1";"BR-050/MG";"Norte";"Choque - Talude ou Barranco";1;0;0;0;0;0;0;0;0;0;1;0;0;0;0
"05/10/2023";"11:20:00";"155";"ac03 - Aci";"136.2";"BR-050/MG";"Sul";"Capotamento";1;0;0;0;0;0;0;0;0;0;2;0;0;0;0
"05/10/2023";"03:07:00";"206";"ac03 - Aci";"174.5";"BR-050/MG";"Sul";"Tombamento";0;0;1;0;0;0;0;0;0;0;1;0;0;0;0
"06/10/2023";"05:25:00";"25";"ac02 - Aci";"116.5";"BR-050/MG";"Norte";"Colisão Traseira";0;0;2;0;0;0;0;0;0;0;1;0;0;1;0
"06/10/2023";"11:08:00";"184";"ac03 - Aci";"281.3";"BR-050/GO";"Norte";"Colisão Traseira";0;0;0;0;0;1;0;0;0;1;2;0;0;0;0
"06/10/2023";"11:44:00";"198";"ac01 - Aci";"146.2";"BR-050/MG";"Sul";"Capotamento";1;0;0;0;0;0;0;0;0;0;0;0;1;0;1
"06/10/2023";"04:21:00";"314";"ac03 - Aci";"262";"BR-050/GO";"Norte";"Colisão Traseira";1;0;0;0;0;0;0;0;0;1;3;0;0;0;0
"06/10/2023";"04:23:00";"316";"ac02 - Aci";"29.75";"BR-050/MG";"Norte";"Tombamento";0;0;1;0;0;0;0;0;0;0;0;1;0;0;0
"06/10/2023";"07:17:00";"374";"ac03 - Aci";"100.1";"BR-050/GO";"Sul";"Choque - Sinalização";0;0;1;0;0;0;0;0;0;0;1;0;0;0;0
"06/10/2023";"08:17:00";"385";"ac03 - Aci";"194.5";"BR-050/MG";"Sul";"Colisão lateral no mesmo sentido";1;0;0;0;0;1;0;0;0;0;2;0;0;0;0
"06/10/2023";"10:27:00";"403";"ac02 - Aci";"296";"BR-050/GO";"Norte";"Colisão Traseira";0;0;2;0;0;0;0;0;0;0;1;0;0;1;0
"06/10/2023";"10:30:00";"405";"ac02 - Aci";"96.1";"BR-050/GO";"Sul";"Colisão lateral no mesmo sentido";0;0;0;1;0;1;0;0;0;0;0;0;1;0;0
"06/10/2023";"10:47:00";"420";"ac02 - Aci";"296";"BR-050/GO";"Norte";"Choque - Objeto sobre a pista";1;0;0;0;0;0;0;0;0;0;1;0;3;0;0
"06/10/2023";"10:47:00";"407";"ac02 - Aci";"296";"BR-050/GO";"Sul";"Choque - Objeto sobre a pista";2;0;0;0;0;0;0;0;0;0;2;0;1;0;0
"07/10/2023";"12:14:00";"2";"ac03 - Aci";"15";"CT-UDI-MG";"Sul";"Tombamento";0;0;1;0;0;0;0;0;0;0;1;0;0;0;0
"07/10/2023";"03:48:00";"18";"ac03 - Aci";"235.8";"BR-050/GO";"Sul";"Choque - Elemento de Drenagem";1;0;0;0;0;0;0;0;0;0;1;0;0;0;0
"07/10/2023";"05:07:00";"30";"ac02 - Aci";"177";"BR-050/MG";"Sul";"Colisão Transversal";2;0;0;0;0;0;0;0;0;0;3;0;1;0;0
"07/10/2023";"06:50:00";"53";"ac03 - Aci";"171.6";"BR-050/MG";"Sul";"Choque - New jersey";1;0;0;0;0;0;0;0;0;0;1;0;0;0;0
"07/10/2023";"09:13:00";"139";"ac03 - Aci";"38.05";"BR-050/MG";"Sul";"Choque - Elemento de Drenagem";0;0;0;0;0;0;0;0;0;1;1;0;0;0;0
"07/10/2023";"12:18:00";"226";"ac02 - Aci";"189";"BR-050/MG";"Sul";"Capotamento";0;0;0;0;0;0;0;0;0;1;0;1;0;0;0
"07/10/2023";"01:34:00";"257";"ac02 - Aci";"130";"BR-050/GO";"Sul";"Capotamento";1;0;0;0;0;0;0;0;0;0;0;0;4;0;0
"07/10/2023";"01:39:00";"261";"ac03 - Aci";"192.5";"BR-050/MG";"Sul";"Choque - Talude ou Barranco";1;0;0;0;0;0;0;0;0;0;1;0;0;0;0
"07/10/2023";"04:48:00";"322";"ac03 - Aci";"177.5";"BR-050/MG";"Norte";"Choque - New jersey";1;0;0;0;0;0;0;0;0;0;1;0;0;0;0
"07/10/2023";"11:19:00";"419";"ac03 - Aci";"115.25";"BR-050/MG";"Norte";"Colisão Traseira";1;0;0;0;0;0;0;0;0;1;4;0;0;0;0
"07/10/2023";"11:20:00";"420";"ac03 - Aci";"98";"BR-050/GO";"Norte";"Colisão Traseira";1;0;0;0;0;0;0;0;0;0;3;0;0;0;0
"08/10/2023";"06:17:00";"39";"ac03 - Aci";"83.5";"BR-050/MG";"Sul";"Capotamento";1;0;0;0;0;0;0;0;0;0;0;0;0;0;0
"08/10/2023";"07:52:00";"331";"ac02 - Aci";"50";"BR-050/MG";"Norte";"Atropelamento de Animal";0;0;0;1;0;0;0;0;0;0;0;0;1;0;0
"08/10/2023";"09:41:00";"349";"ac02 - Aci";"115";"BR-050/GO";"Sul";"Queda de Moto";0;0;0;1;0;0;0;0;0;0;0;1;1;0;0
"09/10/2023";"01:35:00";"12";"ac03 - Aci";"41";"BR-050/MG";"Norte";"Atropelamento de Animal";0;0;1;0;0;0;0;0;0;0;1;0;0;0;0
"09/10/2023";"10:21:00";"182";"ac02 - Aci";"133.01";"BR-050/MG";"Norte";"Choque - Arvore";1;0;0;0;0;0;0;0;0;0;0;0;1;0;0
"09/10/2023";"11:38:00";"388";"ac03 - Aci";"114.5";"BR-050/MG";"Norte";"Atropelamento de Animal";0;0;1;0;0;0;0;0;0;0;1;0;0;0;0
"09/10/2023";"11:40:00";"389";"ac03 - Aci";"114.5";"BR-050/MG";"Sul";"Atropelamento de Animal";0;0;1;0;0;0;0;0;0;0;1;0;0;0;0
"10/10/2023";"09:47:00";"123";"ac03 - Aci";"138.2";"BR-050/MG";"Sul";"Engavetamento";0;0;2;0;0;1;0;0;0;0;2;0;0;0;0
"10/10/2023";"10:53:00";"157";"ac03 - Aci";"99.5";"BR-050/GO";"Norte";"Tombamento";0;0;1;0;0;0;0;0;0;0;1;0;0;0;0
"11/10/2023";"09:23:00";"154";"ac04 - Aci";"143.8";"BR-050/GO";"Sul";"Choque - Outros";0;0;0;0;0;0;0;0;0;0;0;0;1;0;0
"11/10/2023";"09:33:00";"158";"ac03 - Aci";"15";"CT-UDI-MG";"Sul";"Colisão Traseira";2;0;0;0;0;0;0;0;0;0;6;0;0;0;0
"11/10/2023";"10:57:00";"187";"ac03 - Aci";"176";"BR-050/MG";"Sul";"Colisão Traseira";1;0;0;0;0;1;0;0;0;0;4;0;0;0;0
"11/10/2023";"04:50:00";"314";"ac02 - Aci";"178";"BR-050/MG";"Sul";"Colisão Traseira";2;0;0;0;0;0;0;0;0;0;2;1;0;0;0
"11/10/2023";"05:36:00";"341";"ac03 - Aci";"77.7";"BR-050/MG";"Sul";"Choque - Outros";1;0;0;0;0;0;0;0;0;0;3;0;0;0;0
"12/10/2023";"12:15:00";"3";"ac01 - Aci";"16.8";"CT-UDI-MG";"Sul";"Colisão Traseira";0;0;0;1;0;1;0;0;0;0;0;1;0;0;1
"12/10/2023";"10:48:00";"175";"ac02 - Aci";"206.6";"BR-050/MG";"Sul";"Colisão Traseira";0;0;1;0;0;0;0;0;0;1;1;0;2;0;0
"12/10/2023";"01:06:00";"242";"ac03 - Aci";"83.6";"BR-050/MG";"Sul";"Choque - Talude ou Barranco";0;0;1;0;0;0;0;0;0;0;0;0;0;0;0
"12/10/2023";"04:09:00";"321";"ac02 - Aci";"109.4";"BR-050/GO";"Sul";"Capotamento";0;0;0;0;0;0;0;0;0;1;0;1;1;0;0
"12/10/2023";"09:06:00";"397";"ac03 - Aci";"290.55";"BR-050/GO";"Sul";"Atropelamento de Animal";0;0;1;0;0;0;0;0;0;0;1;0;0;0;0
"13/10/2023";"03:02:00";"213";"ac03 - Aci";"245";"BR-050/GO";"Norte";"Choque - Outros";1;0;0;0;0;0;0;0;0;0;3;0;0;0;0
"14/10/2023";"05:50:00";"45";"ac03 - Aci";"54";"BR-050/MG";"Norte";"Choque - New jersey";1;0;0;0;0;0;0;0;0;0;1;0;0;0;0
"14/10/2023";"05:59:00";"47";"ac03 - Aci";"150.6";"BR-050/MG";"Sul";"Choque - Sinalização";0;0;0;0;0;1;0;0;0;1;2;0;0;0;0
"14/10/2023";"01:23:00";"190";"ac03 - Aci";"21.75";"BR-050/MG";"Sul";"Colisão Traseira";0;0;1;0;0;0;0;0;0;1;2;0;0;0;0
"14/10/2023";"04:25:00";"250";"ac02 - Aci";"62.5";"BR-050/MG";"Sul";"Capotamento";1;0;0;0;0;0;0;0;0;0;1;2;1;0;0
"14/10/2023";"06:19:00";"274";"ac02 - Aci";"105.3";"BR-050/GO";"Norte";"Tombamento";0;0;1;0;0;0;0;0;0;0;0;0;1;0;0
"14/10/2023";"06:56:00";"287";"ac03 - Aci";"16.1";"BR-050/MG";"Norte";"Colisão Traseira";0;0;0;1;0;1;0;0;0;0;1;0;0;0;0
"14/10/2023";"09:53:00";"326";"ac02 - Aci";"20.7";"CT-UDI-MG";"Sul";"Colisão lateral no mesmo sentido";3;0;0;0;0;0;0;0;0;0;5;1;0;0;0
"14/10/2023";"10:39:00";"333";"ac03 - Aci";"20.7";"CT-UDI-MG";"Sul";"Choque - Sinalização";1;0;0;0;0;0;0;0;0;0;1;0;0;0;0
"15/10/2023";"01:45:00";"4";"ac03 - Aci";"86.1";"BR-050/MG";"Sul";"Choque - Elemento de Drenagem";1;0;0;0;0;0;0;0;0;0;1;0;0;0;0
"15/10/2023";"06:54:00";"331";"ac03 - Aci";"175";"BR-050/MG";"Norte";"Choque - Elemento de Drenagem";1;0;0;0;0;0;0;0;0;0;2;0;0;0;0
"16/10/2023";"12:39:00";"238";"ac03 - Aci";"46";"BR-050/MG";"Norte";"Colisão Traseira";1;0;1;0;0;0;0;0;0;0;4;0;0;0;0
"16/10/2023";"02:49:00";"302";"ac04 - Aci";"226";"BR-050/GO";"Norte";"Choque - Outros";0;0;0;0;0;0;0;0;0;0;0;1;0;0;0
"16/10/2023";"02:49:00";"281";"ac04 - Aci";"226";"BR-050/GO";"Norte";"Choque - Outros";0;0;0;0;0;0;0;0;0;0;0;1;0;0;0
"16/10/2023";"04:17:00";"321";"ac03 - Aci";"138";"BR-050/MG";"Sul";"Choque - Veiculo parado na pista";0;0;1;0;0;0;0;0;0;1;3;0;0;0;0
"16/10/2023";"06:41:00";"368";"ac02 - Aci";"172.7";"BR-050/MG";"Norte";"Colisão Traseira";0;0;1;1;0;0;0;0;0;0;1;0;1;0;0
"16/10/2023";"07:17:00";"378";"ac02 - Aci";"97.5";"BR-050/GO";"Norte";"Colisão Transversal";1;0;0;1;0;0;0;0;0;0;2;1;0;0;0
"16/10/2023";"07:19:00";"380";"ac03 - Aci";"97.5";"BR-050/GO";"Sul";"Colisão lateral no mesmo sentido";1;0;0;0;0;0;0;0;0;1;2;0;0;0;0
"16/10/2023";"10:22:00";"420";"ac03 - Aci";"21.5";"BR-050/MG";"Sul";"Colisão Traseira";1;0;0;0;0;1;0;0;0;0;3;0;0;0;0
"17/10/2023";"06:09:00";"275";"ac03 - Aci";"20.7";"CT-UDI-MG";"Sul";"Colisão Traseira";2;0;0;0;0;1;0;0;0;0;2;0;0;0;0
"17/10/2023";"07:35:00";"302";"ac04 - Aci";"82.8";"BR-050/MG";"Sul";"Choque - Objeto sobre a pista";0;0;0;0;0;0;0;0;0;1;1;0;0;0;0
"17/10/2023";"11:42:00";"337";"ac02 - Aci";"126";"BR-050/MG";"Norte";"Colisão Traseira";0;0;2;0;0;0;0;0;0;0;1;1;0;0;0
"18/10/2023";"07:11:00";"66";"ac03 - Aci";"183";"BR-050/GO";"Norte";"Colisão Traseira";0;0;2;0;0;0;0;0;0;0;3;0;0;0;0
"18/10/2023";"08:02:00";"95";"ac02 - Aci";"81";"BR-050/MG";"Sul";"Colisão Frontal";0;0;0;1;0;1;0;0;0;0;0;1;0;0;0