data;horario;n_da_ocorrencia;tipo_de_ocorrencia;km;trecho;sentido;tipo_de_acidente;automovel;bicicleta;caminhao;moto;onibus;outros;tracao_animal;transporte_de_cargas_especiais;trator_maquinas;utilitarios;ilesos;levemente_feridos;moderadamente_feridos;gravemente_feridos;mortos
"18/10/2023";"03:38:00";"285";"ac03 - Aci";"141.8";"BR-050/MG";"Sul";"Choque - Defensa metálica";0;0;1;0;0;0;0;0;0;0;2;0;0;0;0
"18/10/2023";"07:12:00";"365";"ac02 - Aci";"17.5";"CT-UDI-MG";"Norte";"Choque - New jersey";1;0;0;0;0;1;0;0;0;2;0;7;1;0;0
"19/10/2023";"07:20:00";"90";"ac02 - Aci";"194";"BR-050/MG";"Norte";"Colisão Traseira";0;0;1;1;0;0;0;0;0;0;1;0;1;0;0
"19/10/2023";"08:41:00";"162";"ac02 - Aci";"202";"BR-050/MG";"Norte";"Tombamento";0;0;1;0;0;0;0;0;0;0;0;0;1;0;0
"19/10/2023";"08:56:00";"171";"ac03 - Aci";"198.06";"BR-050/MG";"Norte";"Colisão Traseira";2;0;0;0;0;0;0;0;0;0;5;0;0;0;0
"19/10/2023";"09:15:00";"177";"ac03 - Aci";"59";"BR-050/MG";"Norte";"Colisão Traseira";0;0;2;0;0;0;0;0;0;0;2;0;0;0;0
"19/10/2023";"12:36:00";"263";"ac03 - Aci";"175";"BR-050/MG";"Norte";"Choque - New jersey";1;0;0;0;0;0;0;0;0;0;2;0;0;0;0
"19/10/2023";"03:37:00";"340";"ac02 - Aci";"193.4";"BR-050/MG";"Norte";"Choque - Elemento de Drenagem";1;0;0;0;0;0;0;0;0;0;0;2;0;0;0
"19/10/2023";"03:47:00";"344";"ac03 - Aci";"194.45";"BR-050/MG";"Sul";"Choque - Talude ou Barranco";0;0;1;0;0;0;0;0;0;0;1;0;0;0;0
"19/10/2023";"04:05:00";"351";"ac02 - Aci";"194.3";"BR-050/MG";"Sul";"Tombamento";0;0;1;0;0;0;0;0;0;0;0;1;0;0;0
"19/10/2023";"04:06:00";"353";"ac03 - Aci";"27.7";"BR-050/MG";"Norte";"Capotamento";1;0;0;0;0;0;0;0;0;0;2;0;0;0;0
"19/10/2023";"04:38:00";"370";"ac03 - Aci";"194.45";"BR-050/MG";"Sul";"Choque - Talude ou Barranco";1;0;0;0;0;0;0;0;0;0;1;0;0;0;0
"20/10/2023";"04:13:00";"32";"ac03 - Aci";"126.8";"BR-050/MG";"Sul";"Choque - Defensa metálica";0;0;0;0;0;0;0;0;0;1;2;0;0;0;0
"20/10/2023";"04:27:00";"34";"ac03 - Aci";"184.5";"BR-050/MG";"Norte";"Atropelamento de Animal";0;0;0;0;0;0;0;0;0;1;1;0;0;0;0
"20/10/2023";"07:27:00";"89";"ac03 - Aci";"4.2";"CT-UDI-MG";"Norte";"Choque - Meio fio";0;0;1;0;0;0;0;0;0;0;1;0;0;0;0
"20/10/2023";"02:05:00";"262";"ac02 - Aci";"278.5";"BR-050/GO";"Sul";"Colisão Transversal";1;0;0;0;0;0;0;0;0;1;3;0;1;0;0
"21/10/2023";"09:10:00";"88";"ac02 - Aci";"100";"BR-050/MG";"Norte";"Queda de Moto";0;0;0;1;0;0;0;0;0;0;0;1;0;0;0
"21/10/2023";"09:53:00";"107";"ac03 - Aci";"61";"BR-050/MG";"Sul";"Colisão lateral no mesmo sentido";0;0;1;0;0;1;0;0;0;0;1;0;0;0;0
"21/10/2023";"12:17:00";"151";"ac03 - Aci";"180";"BR-050/MG";"Norte";"Colisão Traseira";1;0;1;0;0;0;0;0;0;0;3;0;0;0;0
"21/10/2023";"03:07:00";"203";"ac02 - Aci";"105.25";"BR-050/GO";"Sul";"Tombamento";0;0;1;0;0;0;0;0;0;0;0;1;0;0;0
"21/10/2023";"05:54:00";"256";"ac02 - Aci";"0";"CT-UDI-MG";"Norte";"Tombamento";0;0;1;0;0;0;0;0;0;0;1;1;0;0;0
"21/10/2023";"08:31:00";"302";"ac03 - Aci";"20.9";"CT-UDI-MG";"Sul";"Choque - New jersey";1;0;0;0;0;0;0;0;0;0;1;0;0;0;0
"21/10/2023";"09:12:00";"313";"ac02 - Aci";"21";"CT-UDI-MG";"Sul";"Colisão Traseira";1;0;0;0;0;0;0;0;0;1;1;1;0;0;0
"21/10/2023";"10:02:00";"326";"ac03 - Aci";"45.9";"BR-050/MG";"Norte";"Choque - Veiculo parado na pista";0;0;2;0;0;0;0;0;0;0;1;0;0;0;0
"22/10/2023";"04:10:00";"19";"ac02 - Aci";"127.2";"BR-050/MG";"Sul";"Choque - Defensa metálica";0;0;0;0;0;0;0;0;1;0;0;1;0;0;0
"22/10/2023";"05:05:00";"31";"ac03 - Aci";"60";"BR-050/MG";"Sul";"Choque - Elemento de Drenagem";0;0;1;0;0;0;0;0;0;0;1;0;0;0;0
"22/10/2023";"08:06:00";"273";"ac02 - Aci";"135.5";"BR-050/MG";"Norte";"Choque - Elemento de Drenagem";0;0;1;0;0;0;0;0;0;0;0;1;0;0;0
"23/10/2023";"11:21:00";"192";"ac01 - Aci";"110.1";"BR-050/GO";"Sul";"Capotamento";1;0;0;0;0;0;0;0;0;0;0;1;1;0;1
"23/10/2023";"11:13:00";"395";"ac01 - Aci";"221.4";"BR-050/GO";"Sul";"Tombamento";0;0;1;0;0;0;0;0;0;0;0;0;0;0;1
"24/10/2023";"02:30:00";"258";"ac02 - Aci";"290.64";"BR-050/GO";"Sul";"Choque - Elemento de Drenagem";1;0;0;0;0;0;0;0;0;0;0;0;1;0;0
"24/10/2023";"06:48:00";"351";"ac03 - Aci";"177";"BR-050/MG";"Norte";"Tombamento";1;0;0;0;0;0;0;0;0;0;1;0;0;0;0
"24/10/2023";"07:25:00";"363";"ac01 - Aci";"175";"BR-050/MG";"Norte";"Atropelamento - Pedestre";0;0;1;0;0;0;0;0;0;0;1;0;0;0;1
"24/10/2023";"10:14:00";"401";"ac02 - Aci";"151.6";"BR-050/MG";"Sul";"Tombamento";0;0;1;0;0;0;0;0;0;0;0;1;0;0;0
"25/10/2023";"04:30:00";"32";"ac03 - Aci";"59.9";"BR-050/MG";"Norte";"Choque - Elemento de Drenagem";1;0;0;0;0;0;0;0;0;0;1;0;0;0;0
"25/10/2023";"07:14:00";"83";"ac02 - Aci";"179.1";"BR-050/MG";"Sul";"Queda de Moto";0;0;0;1;0;0;0;0;0;0;0;1;0;0;0
"25/10/2023";"09:38:00";"347";"ac03 - Aci";"30";"BR-050/MG";"Sul";"Choque - Defensa metálica";1;0;0;0;0;0;0;0;0;0;1;0;0;0;0
"25/10/2023";"09:46:00";"351";"ac03 - Aci";"10.4";"BR-050/MG";"Sul";"Capotamento";0;0;0;0;0;0;0;0;0;1;1;0;0;0;0
"26/10/2023";"09:08:00";"126";"ac03 - Aci";"182.9";"BR-050/MG";"Sul";"Choque - New jersey";1;0;0;0;0;0;0;0;0;0;5;0;0;0;0
"26/10/2023";"12:00:00";"188";"ac02 - Aci";"44";"BR-050/MG";"Sul";"Choque - Defensa metálica";1;0;0;0;0;0;0;0;0;0;1;1;0;0;0
"26/10/2023";"01:21:00";"211";"ac03 - Aci";"270";"BR-050/GO";"Sul";"Colisão Traseira";1;0;0;0;0;0;0;0;0;1;5;0;0;0;0
"26/10/2023";"01:37:00";"216";"ac02 - Aci";"178.8";"BR-050/MG";"Norte";"Queda de Moto";0;0;0;1;0;0;0;0;0;0;0;0;0;1;0
"26/10/2023";"02:34:00";"233";"ac03 - Aci";"146.9";"BR-050/MG";"Sul";"Capotamento";1;0;0;0;0;0;0;0;0;0;2;0;0;0;0
"27/10/2023";"01:25:00";"11";"ac03 - Aci";"107.4";"BR-050/MG";"Norte";"Choque - Elemento de Drenagem";0;0;1;0;0;0;0;0;0;0;1;0;0;0;0
"27/10/2023";"12:15:00";"236";"ac02 - Aci";"234.99";"BR-050/GO";"Sul";"Capotamento";0;0;0;0;0;0;0;0;0;1;0;0;1;0;0
"27/10/2023";"02:28:00";"272";"ac02 - Aci";"203";"BR-050/GO";"Norte";"Capotamento";1;0;0;0;0;0;0;0;0;0;1;0;1;0;0
"27/10/2023";"02:29:00";"274";"ac03 - Aci";"17.9";"BR-050/MG";"Sul";"Choque - Elemento de Drenagem";0;0;0;0;0;0;0;0;0;1;5;0;0;0;0
"27/10/2023";"03:00:00";"294";"ac03 - Aci";"115.25";"BR-050/MG";"Norte";"Choque - Elemento de Drenagem";1;0;0;0;0;0;0;0;0;0;2;0;0;0;0
"27/10/2023";"07:52:00";"385";"ac03 - Aci";"103";"BR-050/GO";"Sul";"Choque - Elemento de Drenagem";1;0;0;0;0;0;0;0;0;0;1;0;0;0;0
"27/10/2023";"09:19:00";"404";"ac02 - Aci";"81";"BR-050/MG";"Sul";"Queda de Moto";0;0;0;1;0;0;0;0;0;0;0;0;1;0;0
"28/10/2023";"02:21:00";"17";"ac03 - Aci";"139.05";"BR-050/MG";"Norte";"Choque - Elemento de Drenagem";0;0;0;0;0;0;0;0;0;1;1;0;0;0;0
"28/10/2023";"04:58:00";"36";"ac03 - Aci";"179";"BR-050/MG";"Sul";"Colisão Traseira";0;0;1;0;0;1;0;0;0;0;1;0;0;0;0
"28/10/2023";"02:21:00";"232";"ac02 - Aci";"160.1";"BR-050/GO";"Norte";"Choque - Arvore";0;0;0;0;0;0;0;0;0;1;0;1;0;0;0
"28/10/2023";"05:05:00";"285";"ac03 - Aci";"101.72";"BR-050/GO";"Sul";"Choque - Sinalização";0;0;1;0;0;0;0;0;0;0;1;0;0;0;0
"28/10/2023";"06:54:00";"317";"ac03 - Aci";"114";"BR-050/GO";"Sul";"Choque - Elemento de Drenagem";0;0;1;0;0;0;0;0;0;0;1;0;0;0;0
"28/10/2023";"07:01:00";"319";"ac03 - Aci";"195.5";"BR-050/GO";"Sul";"Choque - Outros";1;0;0;0;0;0;0;0;0;0;4;0;0;0;0
"28/10/2023";"08:27:00";"337";"ac02 - Aci";"24.55";"BR-050/MG";"Norte";"Queda de Moto";0;0;0;1;0;0;0;0;0;0;0;1;0;0;0
"28/10/2023";"10:07:00";"357";"ac02 - Aci";"27.9";"BR-050/MG";"Sul";"Tombamento";0;0;1;0;0;0;0;0;0;0;0;0;1;0;0
"29/10/2023";"02:50:00";"14";"ac02 - Aci";"95.7";"BR-050/GO";"Norte";"Colisão lateral no sentido contrário";2;0;0;0;0;0;0;0;0;0;3;1;0;0;0
"29/10/2023";"09:35:00";"73";"ac02 - Aci";"269.35";"BR-050/GO";"Norte";"Queda de Moto";0;0;0;1;0;0;0;0;0;0;0;1;0;0;0
"29/10/2023";"04:27:00";"181";"ac02 - Aci";"48.85";"BR-050/MG";"Norte";"Colisão Traseira";1;0;1;0;0;0;0;0;0;0;2;1;0;0;0
"30/10/2023";"03:14:00";"8";"ac03 - Aci";"77.3";"BR-050/MG";"Sul";"Capotamento";1;0;0;0;0;0;0;0;0;0;1;0;0;0;0
"30/10/2023";"09:07:00";"116";"ac03 - Aci";"128";"BR-050/MG";"Norte";"Capotamento";0;0;0;0;0;0;0;0;0;1;1;0;0;0;0
"30/10/2023";"02:04:00";"222";"ac03 - Aci";"56";"BR-050/MG";"Sul";"Colisão lateral no mesmo sentido";2;0;0;0;0;0;0;0;0;0;6;0;0;0;0
"30/10/2023";"07:33:00";"319";"ac03 - Aci";"51";"BR-050/MG";"Sul";"Colisão Traseira";0;0;2;0;0;0;0;0;0;0;2;0;0;0;0
"31/10/2023";"07:07:00";"49";"ac02 - Aci";"56.15";"BR-050/MG";"Norte";"Tombamento";0;0;1;0;0;0;0;0;0;0;0;0;1;0;0
"31/10/2023";"02:18:00";"247";"ac03 - Aci";"164.4";"BR-050/GO";"Norte";"Colisão lateral no mesmo sentido";0;0;0;0;0;1;0;0;0;1;2;0;0;0;0
"01/11/2023";"05:53:00";"38";"ac03 - Aci";"148.2";"BR-050/MG";"Norte";"Colisão lateral no mesmo sentido";0;0;0;0;0;0;0;0;0;1;1;0;0;0;0
"01/11/2023";"11:26:00";"171";"ac02 - Aci";"174.94";"BR-050/MG";"Sul";"Capotamento";1;0;0;0;0;1;0;0;0;1;1;1;0;0;0
"01/11/2023";"02:04:00";"234";"ac02 - Aci";"191.85";"BR-050/MG";"Norte";"Colisão Traseira";1;0;1;0;0;0;0;0;0;0;1;1;0;0;0
"01/11/2023";"03:49:00";"270";"ac02 - Aci";"44.2";"BR-050/MG";"Sul";"Choque - Elemento de Drenagem";1;0;0;0;0;0;0;0;0;0;3;1;0;0;0
"01/11/2023";"05:36:00";"307";"ac02 - Aci";"187.3";"BR-050/MG";"Norte";"Colisão Traseira";0;0;2;0;0;0;0;0;0;0;1;1;0;0;0
"01/11/2023";"06:20:00";"321";"ac02 - Aci";"260";"BR-050/GO";"Sul";"Queda de Carro";0;0;0;1;0;0;0;0;0;0;0;0;1;0;0
"01/11/2023";"07:20:00";"349";"ac02 - Aci";"79.5";"BR-050/MG";"Norte";"Colisão lateral no mesmo sentido";1;1;0;0;0;0;0;0;0;0;2;1;0;0;0
"02/11/2023";"01:50:00";"21";"ac02 - Aci";"47.5";"BR-050/MG";"Norte";"Choque - New jersey";1;0;0;0;0;0;0;0;0;0;0;1;0;0;0
"02/11/2023";"03:14:00";"252";"ac02 - Aci";"172.95";"BR-050/GO";"Norte";"Capotamento";1;0;0;0;0;0;0;0;0;0;0;1;0;0;0
"03/11/2023";"01:43:00";"10";"ac02 - Aci";"14.7";"CT-UDI-MG";"Sul";"Capotamento";1;0;0;0;0;0;0;0;0;0;0;2;0;0;0
"03/11/2023";"05:57:00";"32";"ac02 - Aci";"117.7";"BR-050/MG";"Norte";"Colisão lateral no mesmo sentido";1;0;1;0;0;0;0;0;0;0;3;1;0;1;0
"03/11/2023";"02:14:00";"186";"ac02 - Aci";"96.3";"BR-050/MG";"Norte";"Capotamento";1;0;0;0;0;0;0;0;0;0;0;2;0;0;0
"03/11/2023";"09:27:00";"286";"ac03 - Aci";"31.98";"BR-050/MG";"Sul";"Choque - Defensa metálica";1;0;0;0;0;0;0;0;0;0;1;0;0;0;0
"03/11/2023";"10:27:00";"300";"ac03 - Aci";"286";"BR-050/GO";"Norte";"Choque - Elemento de Drenagem";0;0;1;0;0;0;0;0;0;0;1;0;0;0;0
"04/11/2023";"04:29:00";"19";"ac04 - Aci";"105.1";"BR-050/MG";"Sul";"Choque - Outros";0;0;0;0;0;0;0;0;0;0;0;1;0;0;0
"04/11/2023";"10:29:00";"136";"ac02 - Aci";"279.5";"BR-050/GO";"Sul";"Colisão lateral no mesmo sentido";0;0;0;1;0;1;0;0;0;0;1;0;1;0;0
"04/11/2023";"02:43:00";"209";"ac04 - Aci";"182";"BR-050/MG";"Norte";"Choque - Outros";0;0;0;0;0;0;0;0;0;0;0;0;1;0;0
"04/11/2023";"03:09:00";"215";"ac02 - Aci";"150.9";"BR-050/MG";"Sul";"Colisão Traseira";1;0;1;0;0;0;0;0;0;0;1;1;1;0;0
"04/11/2023";"09:57:00";"314";"ac02 - Aci";"79.8";"BR-050/MG";"Sul";"Queda de Moto";0;0;0;1;0;0;0;0;0;0;0;0;0;1;0
"04/11/2023";"10:33:00";"320";"ac02 - Aci";"59.8";"BR-050/MG";"Sul";"Choque - Elemento de Drenagem";1;0;0;0;0;0;0;0;0;0;0;1;0;0;0
"05/11/2023";"01:15:00";"9";"ac02 - Aci";"102";"BR-050/GO";"Sul";"Choque - Sinalização";0;0;0;1;0;0;0;0;0;0;0;1;1;0;0
"05/11/2023";"10:26:00";"95";"ac02 - Aci";"14.1";"BR-050/MG";"Norte";"Queda de Moto";0;0;0;1;0;0;0;0;0;0;1;1;0;0;0
"05/11/2023";"02:17:00";"155";"ac03 - Aci";"29.8";"BR-050/MG";"Norte";"Choque - Defensa metálica";1;0;0;0;0;0;0;0;0;0;1;0;0;0;0
"05/11/2023";"06:28:00";"253";"ac03 - Aci";"78.3";"BR-050/MG";"Sul";"Engavetamento";4;0;0;0;0;0;0;0;0;0;8;0;0;0;0
"05/11/2023";"07:17:00";"269";"ac03 - Aci";"278.85";"BR-050/GO";"Sul";"Colisão Traseira";1;0;0;1;0;0;0;0;0;0;3;0;0;0;0
"05/11/2023";"07:45:00";"274";"ac03 - Aci";"118.95";"BR-050/MG";"Norte";"Colisão Traseira";2;0;0;0;0;0;0;0;0;0;6;0;0;0;0
"05/11/2023";"10:45:00";"323";"ac03 - Aci";"192.7";"BR-050/GO";"Norte";"Choque - Sinalização";0;0;0;0;0;0;0;0;0;1;3;0;0;0;0
"06/11/2023";"11:41:00";"181";"ac03 - Aci";"168.05";"BR-050/MG";"Sul";"Choque - New jersey";1;0;0;0;0;0;0;0;0;0;1;0;0;0;0
"06/11/2023";"04:26:00";"257";"ac03 - Aci";"96.7";"BR-050/GO";"Sul";"Choque - Veiculo parado no acostamento";0;0;1;0;0;0;0;0;0;1;2;0;0;0;0
"06/11/2023";"06:16:00";"280";"ac02 - Aci";"53";"BR-050/MG";"Norte";"Queda de Moto";0;0;0;1;0;0;0;0;0;0;0;1;1;0;0
"07/11/2023";"12:24:00";"2";"ac03 - Aci";"206.7";"BR-050/MG";"Norte";"Colisão Traseira";1;0;0;0;0;1;0;0;0;0;2;0;0;0;0
"07/11/2023";"09:34:00";"119";"ac03 - Aci";"105";"BR-050/MG";"Sul";"Colisão Traseira";1;0;0;0;0;0;0;0;0;1;4;0;0;0;0
"07/11/2023";"07:49:00";"302";"ac03 - Aci";"164.9";"BR-050/MG";"Sul";"Colisão Traseira";0;0;1;0;0;0;0;0;0;1;2;0;0;0;0
"08/11/2023";"12:17:00";"4";"ac02 - Aci";"138.6";"BR-050/MG";"Sul";"Colisão Traseira";0;0;1;0;1;0;0;0;0;0;41;19;4;4;0
"08/11/2023";"01:19:00";"14";"ac01 - Aci";"278.82";"BR-050/GO";"Sul";"Colisão Traseira";0;0;0;1;0;1;0;0;0;0;0;0;0;0;1
"08/11/2023";"07:47:00";"89";"ac02 - Aci";"21.45";"CT-UDI-MG";"Sul";"Tombamento";0;0;1;0;0;0;0;0;0;0;0;1;0;0;0
"08/11/2023";"10:47:00";"176";"ac03 - Aci";"51.9";"BR-050/MG";"Norte";"Colisão Traseira";1;0;0;0;0;0;0;0;0;1;4;0;0;0;0
"08/11/2023";"01:15:00";"227";"ac03 - Aci";"218.3";"BR-050/GO";"Norte";"Choque - Elemento de Drenagem";0;0;0;0;0;0;0;0;0;1;2;0;0;0;0
"08/11/2023";"03:12:00";"259";"ac03 - Aci";"169.7";"BR-050/MG";"Sul";"Colisão lateral no mesmo sentido";1;0;1;0;0;0;0;0;0;0;3;0;0;0;0
"09/11/2023";"09:33:00";"142";"ac03 - Aci";"0.5";"CT-UDI-MG";"Sul";"Tombamento";0;0;1;0;0;0;0;0;0;0;1;0;0;0;0
"09/11/2023";"06:21:00";"326";"ac03 - Aci";"78.15";"BR-050/MG";"Sul";"Choque - Defensa metálica";0;0;1;0;0;0;0;0;0;0;1;0;0;0;0
"10/11/2023";"12:06:00";"179";"ac03 - Aci";"57";"BR-050/MG";"Sul";"Colisão lateral no mesmo sentido";1;0;1;0;0;0;0;0;0;0;3;0;0;0;0
"10/11/2023";"02:35:00";"215";"ac02 - Aci";"55.6";"BR-050/MG";"Norte";"Tombamento";0;0;1;0;0;0;0;0;0;0;0;1;0;0;0
"10/11/2023";"03:13:00";"231";"ac02 - Aci";"306";"BR-050/GO";"Sul";"Choque - Outros";0;0;0;0;0;1;0;0;0;0;0;0;1;0;0
"10/11/2023";"04:13:00";"244";"ac03 - Aci";"55";"BR-050/MG";"Sul";"Choque - New jersey";0;0;0;0;0;1;0;0;0;0;0;0;0;0;0
"10/11/2023";"04:53:00";"261";"ac03 - Aci";"177";"BR-050/MG";"Sul";"Tombamento";0;0;1;0;0;0;0;0;0;0;1;0;0;0;0
"10/11/2023";"08:06:00";"327";"ac03 - Aci";"93.35";"BR-050/MG";"Norte";"Choque - Sinalização";0;0;0;0;0;0;0;0;0;2;2;0;0;0;0
"11/11/2023";"12:49:00";"7";"ac02 - Aci";"168.4";"BR-050/MG";"Norte";"Colisão Traseira";1;0;0;1;0;0;0;0;0;0;2;0;1;1;0
"11/11/2023";"05:26:00";"33";"ac02 - Aci";"121";"BR-050/GO";"Norte";"Capotamento";1;0;0;0;0;0;0;0;0;0;0;0;2;0;0
"11/11/2023";"09:09:00";"331";"ac02 - Aci";"170";"BR-050/MG";"Sul";"Colisão Traseira";0;0;1;1;0;0;0;0;0;0;1;1;0;0;0
"12/11/2023";"05:50:00";"23";"ac02 - Aci";"186.8";"BR-050/MG";"Norte";"Capotamento";1;0;0;0;0;0;0;0;0;0;1;1;1;0;0
"12/11/2023";"12:55:00";"158";"ac03 - Aci";"165.3";"BR-050/MG";"Sul";"Colisão Traseira";0;0;2;0;0;0;0;0;0;0;2;0;0;0;0
"12/11/2023";"07:58:00";"339";"ac03 - Aci";"46.6";"BR-050/MG";"Sul";"Choque - Meio fio";1;0;0;0;0;0;0;0;0;0;4;0;0;0;0
"12/11/2023";"08:04:00";"344";"ac02 - Aci";"16.2";"CT-UDI-MG";"Sul";"Atropelamento - Pedestre";1;0;0;0;0;0;0;0;0;0;3;1;0;0;0
"12/11/2023";"08:55:00";"362";"ac02 - Aci";"16.8";"CT-UDI-MG";"Sul";"Colisão Traseira";0;0;0;1;0;0;0;0;0;0;0;1;1;0;0
"13/11/2023";"12:49:00";"8";"ac03 - Aci";"278.62";"BR-050/GO";"Sul";"Colisão Traseira";2;0;0;0;0;0;0;0;0;0;3;0;0;0;0
"13/11/2023";"12:35:00";"200";"ac02 - Aci";"46.9";"BR-050/MG";"Sul";"Choque - Defensa metálica";0;0;0;0;0;0;0;0;0;1;0;1;0;0;0
"13/11/2023";"03:55:00";"266";"ac02 - Aci";"201.2";"BR-050/GO";"Sul";"Choque - Elemento de Drenagem";1;0;0;0;0;0;0;0;0;0;0;0;1;0;0
"14/11/2023";"05:23:00";"39";"ac02 - Aci";"139.1";"BR-050/MG";"Sul";"Choque - Defensa metálica";1;0;0;0;0;0;0;0;0;0;0;3;2;0;0
"14/11/2023";"05:39:00";"42";"ac02 - Aci";"176.05";"BR-050/MG";"Norte";"Choque - New jersey";0;0;1;0;0;0;0;0;0;0;2;0;1;0;0
"14/11/2023";"07:03:00";"70";"ac03 - Aci";"169";"BR-050/MG";"Norte";"Colisão Traseira";1;0;0;0;0;0;0;0;0;1;2;0;0;0;0
"14/11/2023";"07:25:00";"87";"ac03 - Aci";"160.85";"BR-050/GO";"Norte";"Queda de veículo em ribanceira, ponte ou viaduto";0;0;0;0;0;0;0;0;0;1;1;0;0;0;0
"14/11/2023";"04:32:00";"276";"ac02 - Aci";"147.4";"BR-050/GO";"Norte";"Tombamento";0;0;1;0;0;0;0;0;0;0;0;0;1;0;0
"14/11/2023";"04:43:00";"283";"ac03 - Aci";"127.5";"BR-050/MG";"Norte";"Colisão lateral no sentido contrário";0;0;2;0;0;0;0;0;0;0;2;0;0;0;0
"14/11/2023";"07:30:00";"332";"ac02 - Aci";"166";"BR-050/MG";"Sul";"Colisão Traseira";0;0;0;0;0;1;0;0;0;1;0;1;1;0;0
"14/11/2023";"08:36:00";"351";"ac03 - Aci";"156.3";"BR-050/MG";"Norte";"Tombamento";0;0;1;0;0;0;0;0;0;0;1;0;0;0;0
"14/11/2023";"11:52:00";"383";"ac02 - Aci";"0.5";"BR-050/MG";"Sul";"Tombamento";0;0;1;0;0;0;0;0;0;0;0;1;0;0;0
"15/11/2023";"09:52:00";"120";"ac02 - Aci";"173.4";"BR-050/MG";"Sul";"Capotamento";1;0;0;0;0;0;0;0;0;0;0;2;0;0;0
"15/11/2023";"10:38:00";"140";"ac02 - Aci";"37.2";"BR-050/MG";"Sul";"Atropelamento - Pedestre";1;0;0;0;0;0;0;0;0;0;2;0;0;1;0
"15/11/2023";"12:11:00";"165";"ac02 - Aci";"275";"BR-050/GO";"Norte";"Tombamento";0;0;1;0;0;0;0;0;0;0;0;1;0;0;0
"15/11/2023";"02:41:00";"199";"ac03 - Aci";"194.5";"BR-050/MG";"Sul";"Colisão Traseira";0;0;1;0;0;0;0;0;0;1;6;0;0;0;0
"15/11/2023";"04:02:00";"222";"ac03 - Aci";"59";"BR-050/MG";"Norte";"Colisão Traseira";1;0;0;0;0;1;0;0;0;0;1;0;0;0;0
"15/11/2023";"10:04:00";"297";"ac02 - Aci";"165.6";"BR-050/MG";"Sul";"Capotamento";1;0;0;0;0;0;0;0;0;0;0;1;0;0;0
"16/11/2023";"08:39:00";"130";"ac03 - Aci";"98.95";"BR-050/GO";"Sul";"Colisão lateral no mesmo sentido";1;0;0;0;0;0;0;0;0;1;4;0;0;0;0
"16/11/2023";"10:45:00";"382";"ac02 - Aci";"280.3";"BR-050/GO";"Sul";"Colisão Transversal";1;0;0;1;0;0;0;0;0;0;1;1;0;0;0
"17/11/2023";"07:13:00";"96";"ac02 - Aci";"209.7";"BR-050/GO";"Sul";"Tombamento";0;0;0;0;0;0;0;0;0;1;0;1;0;0;0
"17/11/2023";"10:50:00";"215";"ac03 - Aci";"167.5";"BR-050/MG";"Sul";"Colisão Traseira";0;0;1;0;0;0;0;0;0;1;3;0;0;0;0
"17/11/2023";"11:02:00";"221";"ac03 - Aci";"186.7";"BR-050/MG";"Norte";"Capotamento";1;0;0;0;0;0;0;0;0;0;3;0;0;0;0
"17/11/2023";"03:03:00";"301";"ac02 - Aci";"154.5";"BR-050/MG";"Sul";"Capotamento";0;0;0;0;0;0;0;0;0;1;0;0;1;0;0
"17/11/2023";"03:07:00";"304";"ac04 - Aci";"108";"BR-050/MG";"Sul";"Choque - Outros";0;0;0;0;0;0;0;0;0;0;0;1;0;0;0
"18/11/2023";"12:02:00";"1";"ac01 - Aci";"172.1";"BR-050/MG";"Norte";"Atropelamento - Pedestre";0;0;0;0;0;0;0;0;0;0;0;0;0;0;1
"18/11/2023";"09:05:00";"105";"ac04 - Aci";"13.73";"BR-050/MG";"Sul";"Choque - Outros";0;0;0;0;0;0;0;0;0;0;0;1;0;0;0
"18/11/2023";"09:55:00";"124";"ac02 - Aci";"162.7";"BR-050/GO";"Sul";"Colisão Traseira";0;0;2;0;0;0;0;0;0;0;1;1;1;0;0
"18/11/2023";"06:53:00";"264";"ac03 - Aci";"120";"BR-050/MG";"Sul";"Choque - Outros";1;0;0;0;0;0;0;0;0;0;0;0;0;0;0
"18/11/2023";"09:43:00";"292";"ac02 - Aci";"97.3";"BR-050/GO";"Norte";"Colisão Traseira";1;0;0;1;0;0;0;0;0;0;1;0;1;0;0
"18/11/2023";"10:59:00";"306";"ac03 - Aci";"7";"CT-UDI-MG";"Sul";"Choque - Outros";1;0;0;0;0;0;0;0;0;0;1;0;0;0;0
"19/11/2023";"01:59:00";"133";"ac03 - Aci";"191.8";"BR-050/MG";"Sul";"Colisão lateral no sentido contrário";0;0;1;0;0;0;0;0;0;1;3;0;0;0;0
"19/11/2023";"02:14:00";"136";"ac03 - Aci";"271";"BR-050/GO";"Sul";"Choque - Outros";0;0;0;0;0;1;0;0;0;1;2;0;0;0;0
"19/11/2023";"06:57:00";"239";"ac03 - Aci";"197";"BR-050/MG";"Norte";"Choque - New jersey";1;0;0;0;0;0;0;0;0;0;0;0;0;0;0
"19/11/2023";"07:35:00";"248";"ac03 - Aci";"123.9";"BR-050/MG";"Sul";"Colisão Traseira";2;0;0;0;0;0;0;0;0;0;5;0;0;0;0
"20/11/2023";"10:04:00";"138";"ac04 - Aci";"28.9";"BR-050/MG";"Norte";"Choque - Outros";0;0;0;0;0;0;0;0;0;0;0;1;0;0;0
"20/11/2023";"11:28:00";"173";"ac02 - Aci";"2.9";"CT-UDI-MG";"Sul";"Choque - Elemento de Drenagem";0;0;0;0;0;0;0;0;0;1;0;0;1;0;0
"20/11/2023";"12:24:00";"192";"ac04 - Aci";"86";"BR-050/MG";"Norte";"Choque - Outros";0;0;0;0;0;0;0;0;0;0;0;0;1;0;0
"20/11/2023";"11:37:00";"338";"ac02 - Aci";"16.95";"BR-050/MG";"Norte";"Tombamento";0;0;1;0;0;0;0;0;0;0;0;1;0;0;0
"21/11/2023";"05:17:00";"25";"ac02 - Aci";"180.9";"BR-050/GO";"Sul";"Choque - Elemento de Drenagem";0;0;1;0;0;0;0;0;0;0;0;1;0;0;0
"21/11/2023";"07:06:00";"57";"ac02 - Aci";"79.3";"BR-050/MG";"Sul";"Choque - Defensa metálica";1;0;0;0;0;0;0;0;0;0;0;1;0;0;0