data;horario;n_da_ocorrencia;tipo_de_ocorrencia;km;trecho;sentido;tipo_de_acidente;automovel;bicicleta;caminhao;moto;onibus;outros;tracao_animal;transporte_de_cargas_especiais;trator_maquinas;utilitarios;ilesos;levemente_feridos;moderadamente_feridos;gravemente_feridos;mortos
"21/11/2023";"07:23:00";"276";"ac02 - Aci";"118";"BR-050/MG";"Sul";"Capotamento";0;0;0;0;0;0;0;0;0;1;0;2;0;0;0
"22/11/2023";"11:48:00";"206";"ac03 - Aci";"98.9";"BR-050/GO";"Sul";"Colisão Transversal";1;0;1;0;0;0;0;0;0;0;2;0;0;0;0
"22/11/2023";"04:22:00";"267";"ac03 - Aci";"111.5";"BR-050/MG";"Norte";"Capotamento";0;0;0;0;0;0;0;0;0;1;0;0;0;0;0
"22/11/2023";"05:07:00";"275";"ac03 - Aci";"60";"BR-050/MG";"Norte";"Choque - Elemento de Drenagem";0;0;0;0;0;0;0;0;0;1;1;0;0;0;0
"22/11/2023";"07:11:00";"305";"ac03 - Aci";"60";"BR-050/MG";"Sul";"Colisão lateral no mesmo sentido";0;0;1;0;0;1;0;0;0;0;1;0;0;0;0
"23/11/2023";"07:59:00";"109";"ac02 - Aci";"18.7";"CT-UDI-MG";"Sul";"Queda de Moto";0;0;0;1;0;0;0;0;0;0;1;1;0;0;0
"23/11/2023";"11:24:00";"357";"ac03 - Aci";"65";"BR-050/MG";"Sul";"Colisão Traseira";1;0;1;0;0;0;0;0;0;0;3;0;0;0;0
"24/11/2023";"01:22:00";"8";"ac02 - Aci";"126.5";"BR-050/MG";"Norte";"Choque - Sinalização";0;0;1;0;0;0;0;0;0;0;0;1;0;0;0
"24/11/2023";"06:44:00";"33";"ac03 - Aci";"48.45";"BR-050/MG";"Sul";"Choque - Elemento de Drenagem";1;0;0;0;0;0;0;0;0;0;1;0;0;0;0
"24/11/2023";"09:59:00";"137";"ac03 - Aci";"25.3";"BR-050/MG";"Sul";"Colisão lateral no mesmo sentido";0;0;2;0;0;0;0;0;0;0;2;0;0;0;0
"24/11/2023";"03:01:00";"250";"ac03 - Aci";"147";"BR-050/MG";"Sul";"Choque - Elemento de Drenagem";0;0;0;0;0;0;0;0;0;1;1;0;0;0;0
"24/11/2023";"03:30:00";"263";"ac03 - Aci";"2.69";"BR-050/MG";"Sul";"Colisão Traseira";0;0;2;0;0;0;0;0;0;0;2;0;0;0;0
"24/11/2023";"08:28:00";"339";"ac02 - Aci";"31.7";"BR-050/MG";"Norte";"Choque - Sinalização";0;0;0;1;0;0;0;0;0;0;0;0;1;0;0
"25/11/2023";"05:05:00";"32";"ac03 - Aci";"287.4";"BR-050/GO";"Norte";"Atropelamento de Animal";1;0;0;0;0;0;0;0;0;0;4;0;0;0;0
"25/11/2023";"06:31:00";"39";"ac03 - Aci";"177";"BR-050/MG";"Sul";"Capotamento";1;0;0;0;0;0;0;0;0;0;1;0;0;0;0
"25/11/2023";"10:03:00";"121";"ac02 - Aci";"0.3";"BR-050/MG";"Norte";"Tombamento";1;0;1;0;0;0;0;0;0;0;0;2;0;0;0
"25/11/2023";"07:47:00";"276";"ac03 - Aci";"230.53";"BR-050/GO";"Norte";"Choque - Defensa metálica";1;0;0;0;0;0;0;0;0;0;1;0;0;0;0
"25/11/2023";"09:35:00";"302";"ac02 - Aci";"117.6";"BR-050/GO";"Norte";"Colisão Traseira";2;0;0;0;0;0;0;0;0;0;0;1;1;0;0
"26/11/2023";"01:01:00";"13";"ac03 - Aci";"32.08";"BR-050/MG";"Norte";"Choque - Elemento de Drenagem";1;0;0;0;0;0;0;0;0;0;1;0;0;0;0
"26/11/2023";"06:25:00";"54";"ac02 - Aci";"171.5";"BR-050/MG";"Sul";"Choque - New jersey";1;0;0;0;0;0;0;0;0;0;1;1;0;0;0
"26/11/2023";"01:01:00";"132";"ac02 - Aci";"155";"BR-050/MG";"Sul";"Capotamento";1;0;0;0;0;0;0;0;0;0;2;2;0;0;0
"27/11/2023";"09:03:00";"110";"ac03 - Aci";"127.5";"BR-050/GO";"Norte";"Choque - Elemento de Drenagem";1;0;0;0;0;0;0;0;0;0;1;0;0;0;0
"27/11/2023";"11:09:00";"152";"ac03 - Aci";"0.2";"BR-050/MG";"Sul";"Choque - Defensa metálica";1;0;0;0;0;0;0;0;0;0;1;0;0;0;0
"27/11/2023";"11:46:00";"163";"ac03 - Aci";"93.4";"BR-050/MG";"Norte";"Colisão Traseira";1;0;1;0;0;0;0;0;0;0;4;0;0;0;0
"27/11/2023";"05:27:00";"254";"ac03 - Aci";"204.9";"BR-050/MG";"Sul";"Colisão lateral no mesmo sentido";1;0;1;0;0;0;0;0;0;0;2;0;0;0;0
"28/11/2023";"05:56:00";"19";"ac02 - Aci";"30.5";"BR-050/MG";"Norte";"Choque - Talude ou Barranco";0;0;1;0;0;0;0;0;0;0;0;0;1;0;0
"28/11/2023";"12:31:00";"209";"ac03 - Aci";"55.65";"BR-050/MG";"Sul";"Choque - Defensa metálica";0;0;0;0;0;0;0;0;0;1;1;0;0;0;0
"28/11/2023";"08:44:00";"339";"ac03 - Aci";"119.1";"BR-050/MG";"Sul";"Colisão Transversal";0;0;2;0;0;0;0;0;0;0;2;0;0;0;0
"29/11/2023";"06:47:00";"60";"ac03 - Aci";"64.5";"BR-050/MG";"Norte";"Choque - Elemento de Drenagem";1;0;0;0;0;0;0;0;0;0;4;0;0;0;0
"29/11/2023";"07:21:00";"85";"ac02 - Aci";"281.03";"BR-050/GO";"Sul";"Colisão Transversal";0;0;0;1;0;1;0;0;0;0;0;1;0;0;0
"29/11/2023";"08:51:00";"128";"ac03 - Aci";"305.8";"BR-050/GO";"Norte";"Colisão Traseira";0;0;0;0;0;1;0;0;0;1;1;0;0;0;0
"29/11/2023";"08:58:00";"131";"ac03 - Aci";"86.85";"BR-050/MG";"Sul";"Tombamento";0;0;1;0;0;0;0;0;0;0;1;0;0;0;0
"29/11/2023";"10:55:00";"168";"ac03 - Aci";"34";"BR-050/MG";"Norte";"Choque - Outros";1;0;0;0;0;0;0;0;0;0;1;0;0;0;0
"29/11/2023";"05:54:00";"293";"ac02 - Aci";"18.7";"BR-050/MG";"Sul";"Capotamento";1;0;0;0;0;0;0;0;0;0;0;1;0;0;0
"29/11/2023";"06:13:00";"299";"ac03 - Aci";"97.1";"BR-050/GO";"Sul";"Colisão Traseira";0;0;1;0;0;0;0;0;1;0;3;0;0;0;0
"29/11/2023";"08:56:00";"332";"ac01 - Aci";"254.9";"BR-050/GO";"Sul";"Atropelamento - Andarilho";0;0;0;0;0;0;0;0;0;0;0;0;0;0;1
"30/11/2023";"09:11:00";"154";"ac03 - Aci";"172.95";"BR-050/MG";"Norte";"Queda de Moto";0;0;0;1;0;0;0;0;0;0;1;0;0;0;0
"30/11/2023";"11:50:00";"208";"ac03 - Aci";"154";"BR-050/MG";"Sul";"Atropelamento - Ambulante";1;0;0;0;0;1;0;0;0;0;4;0;0;0;0
"30/11/2023";"06:27:00";"325";"ac02 - Aci";"188.8";"BR-050/MG";"Norte";"Engavetamento";1;0;0;1;0;0;0;0;0;1;3;0;1;0;0
"01/12/2023";"08:03:00";"86";"ac03 - Aci";"105";"BR-050/MG";"Norte";"Choque - Veiculo parado na pista";1;0;1;0;0;1;0;0;0;0;3;0;0;0;0
"01/12/2023";"08:08:00";"92";"ac02 - Aci";"16.02";"CT-UDI-MG";"Sul";"Engavetamento";2;0;1;0;0;0;0;0;0;0;2;1;0;0;0
"01/12/2023";"12:27:00";"169";"ac02 - Aci";"86";"BR-050/MG";"Sul";"Carreta deu L";0;0;1;0;0;0;0;0;0;0;0;1;0;0;0
"01/12/2023";"05:16:00";"266";"ac04 - Aci";"13.7";"BR-050/MG";"Sul";"Choque - Outros";0;0;0;0;0;0;0;0;0;0;0;1;0;0;0
"02/12/2023";"07:56:00";"86";"ac01 - Aci";"29.81";"BR-050/MG";"Norte";"Choque - Defensa metálica";0;0;0;1;0;0;0;0;0;0;0;0;0;0;1
"02/12/2023";"12:57:00";"195";"ac03 - Aci";"111.2";"BR-050/MG";"Norte";"Capotamento";1;0;0;0;0;0;0;0;0;0;0;0;0;0;0
"02/12/2023";"01:20:00";"205";"ac02 - Aci";"182.8";"BR-050/MG";"Sul";"Tombamento";1;0;0;0;0;0;0;0;0;0;0;1;0;0;0
"02/12/2023";"08:04:00";"324";"ac03 - Aci";"8.426";"BR-050/MG";"Norte";"Choque - Meio fio";1;0;0;0;0;0;0;0;0;0;1;0;0;0;0
"02/12/2023";"10:55:00";"346";"ac03 - Aci";"30";"BR-050/MG";"Sul";"Choque - Sinalização";1;0;0;0;0;0;0;0;0;0;1;0;0;0;0
"03/12/2023";"12:27:00";"6";"ac01 - Aci";"268.47";"BR-050/GO";"Norte";"Colisão Frontal";2;0;0;0;0;0;0;0;0;0;0;0;0;0;4
"03/12/2023";"10:18:00";"118";"ac01 - Aci";"271.4";"BR-050/GO";"Sul";"Colisão lateral no mesmo sentido";0;0;1;1;0;0;0;0;0;0;0;1;0;0;1
"03/12/2023";"02:15:00";"175";"ac03 - Aci";"97.1";"BR-050/MG";"Sul";"Choque - Elemento de Drenagem";1;0;0;0;0;0;0;0;0;0;2;0;0;0;0
"03/12/2023";"02:47:00";"185";"ac02 - Aci";"142.7";"BR-050/MG";"Norte";"Choque - Elemento de Drenagem";1;0;0;0;0;0;0;0;0;0;0;1;0;0;0
"03/12/2023";"05:14:00";"222";"ac03 - Aci";"178.5";"BR-050/GO";"Norte";"Choque - Elemento de Drenagem";0;0;0;0;0;0;0;0;0;1;2;0;0;0;0
"03/12/2023";"05:25:00";"228";"ac02 - Aci";"18";"BR-050/MG";"Norte";"Choque - Elemento de Drenagem";1;0;0;0;0;0;0;0;0;0;5;1;0;0;0
"04/12/2023";"06:42:00";"42";"ac02 - Aci";"162";"BR-050/GO";"Norte";"Queda de Moto";0;0;0;1;0;0;0;0;0;0;0;2;0;0;0
"04/12/2023";"06:56:00";"56";"ac03 - Aci";"57";"BR-050/MG";"Norte";"Choque - Elemento de Drenagem";0;0;1;0;0;0;0;0;0;0;1;0;0;0;0
"04/12/2023";"08:48:00";"107";"ac02 - Aci";"177";"BR-050/MG";"Norte";"Queda de Moto";0;0;0;1;0;0;0;0;0;0;0;2;0;0;0
"04/12/2023";"09:25:00";"117";"ac02 - Aci";"4.5";"BR-050/MG";"Norte";"Choque - Elemento de Drenagem";1;0;0;0;0;0;0;0;0;0;0;1;0;0;0
"04/12/2023";"12:54:00";"193";"ac03 - Aci";"100.1";"BR-050/GO";"Sul";"Capotamento";0;0;0;0;0;0;0;0;0;1;1;0;0;0;0
"04/12/2023";"03:26:00";"242";"ac03 - Aci";"97";"BR-050/GO";"Norte";"Colisão Transversal";2;0;0;0;0;0;0;0;0;0;5;0;0;0;0
"04/12/2023";"04:01:00";"255";"ac03 - Aci";"3.38";"CT-UDI-MG";"Norte";"Choque - Defensa metálica";1;0;0;0;0;0;0;0;0;0;1;0;0;0;0
"04/12/2023";"05:31:00";"278";"ac03 - Aci";"29";"BR-050/MG";"Sul";"Choque - Elemento de Drenagem";0;0;0;0;0;0;0;0;0;1;1;0;0;0;0
"04/12/2023";"06:10:00";"290";"ac03 - Aci";"280";"BR-050/GO";"Norte";"Colisão Traseira";1;0;0;0;0;1;0;0;0;0;1;0;0;0;0
"05/12/2023";"04:08:00";"17";"ac02 - Aci";"89.5";"BR-050/MG";"Norte";"Capotamento";0;0;1;0;0;0;0;0;0;0;0;1;0;0;0
"06/12/2023";"08:07:00";"76";"ac04 - Aci";"180";"BR-050/MG";"Norte";"Tombamento";0;0;0;0;0;0;0;0;1;0;1;0;0;0;0
"06/12/2023";"10:03:00";"135";"ac03 - Aci";"53.7";"BR-050/MG";"Norte";"Choque - Defensa metálica";0;0;1;0;0;0;0;0;0;0;1;0;0;0;0
"06/12/2023";"11:54:00";"178";"ac03 - Aci";"18.2";"CT-UDI-MG";"Norte";"Queda de Moto";0;0;0;1;0;0;0;0;0;0;1;0;0;0;0
"06/12/2023";"04:22:00";"266";"ac04 - Aci";"198.06";"BR-050/MG";"Norte";"Choque - Outros";0;0;0;0;0;0;0;0;0;0;0;1;0;0;0
"06/12/2023";"05:45:00";"294";"ac03 - Aci";"133.6";"BR-050/MG";"Sul";"Atropelamento de Animal";1;0;0;0;0;0;0;0;0;0;1;0;0;0;0
"06/12/2023";"08:29:00";"343";"ac03 - Aci";"194";"BR-050/MG";"Norte";"Colisão Traseira";0;0;1;0;0;0;0;0;0;1;2;0;0;0;0
"07/12/2023";"12:30:00";"8";"ac02 - Aci";"184.7";"BR-050/MG";"Sul";"Colisão Traseira";0;0;2;0;0;0;0;0;0;0;1;1;0;0;0
"07/12/2023";"04:12:00";"26";"ac03 - Aci";"141.2";"BR-050/MG";"Norte";"Choque - Meio fio";0;0;0;0;0;0;0;0;0;1;2;0;0;0;0
"07/12/2023";"06:44:00";"63";"ac03 - Aci";"20.21";"BR-050/MG";"Sul";"Choque - Elemento de Drenagem";1;0;0;0;0;0;0;0;0;0;1;0;0;0;0
"07/12/2023";"07:33:00";"84";"ac03 - Aci";"123";"BR-050/MG";"Sul";"Choque - Elemento de Drenagem";1;0;0;0;0;1;0;0;0;0;3;0;0;0;0
"07/12/2023";"11:39:00";"243";"ac03 - Aci";"306.3";"BR-050/GO";"Sul";"Tombamento";0;0;1;0;0;0;0;0;0;0;1;0;0;0;0
"07/12/2023";"01:34:00";"278";"ac03 - Aci";"47.62";"BR-050/MG";"Norte";"Colisão Traseira";0;0;1;0;0;0;0;0;0;1;2;0;0;0;0
"07/12/2023";"01:43:00";"281";"ac03 - Aci";"51";"BR-050/MG";"Norte";"Colisão Traseira";1;0;0;0;0;0;0;0;0;1;2;0;0;0;0
"07/12/2023";"05:14:00";"350";"ac03 - Aci";"56.95";"BR-050/MG";"Sul";"Choque - Outros";1;0;0;0;0;0;0;0;0;0;1;0;0;0;0
"07/12/2023";"09:28:00";"443";"ac03 - Aci";"198";"BR-050/MG";"Sul";"Colisão Traseira";0;0;2;0;0;0;0;0;0;0;2;0;0;0;0
"07/12/2023";"09:45:00";"447";"ac02 - Aci";"150.5";"BR-050/MG";"Norte";"Tombamento";0;0;1;0;0;0;0;0;0;0;0;0;1;0;0
"08/12/2023";"02:40:00";"20";"ac02 - Aci";"165.38";"BR-050/GO";"Norte";"Tombamento";0;0;1;0;0;0;0;0;0;0;0;1;0;0;0
"08/12/2023";"10:01:00";"144";"ac02 - Aci";"4.2";"CT-UDI-MG";"Sul";"Choque - Veiculo parado no acostamento";0;0;0;1;0;1;0;0;0;0;0;1;0;0;0
"08/12/2023";"11:19:00";"178";"ac03 - Aci";"44";"BR-050/MG";"Sul";"Choque - Elemento de Drenagem";0;0;0;0;0;0;0;0;0;1;1;0;0;0;0
"08/12/2023";"03:14:00";"245";"ac03 - Aci";"43.3";"BR-050/MG";"Sul";"Choque - Defensa metálica";0;0;0;0;0;0;0;0;0;1;1;0;0;0;0
"08/12/2023";"03:34:00";"247";"ac03 - Aci";"177";"BR-050/MG";"Norte";"Choque - Poste";0;0;0;0;0;0;0;0;0;1;1;0;0;0;0
"08/12/2023";"04:25:00";"263";"ac03 - Aci";"115.5";"BR-050/MG";"Norte";"Capotamento";1;0;0;0;0;0;0;0;0;0;1;0;0;0;0
"08/12/2023";"05:02:00";"272";"ac02 - Aci";"55";"BR-050/MG";"Norte";"Capotamento";2;0;0;1;0;1;0;0;0;0;2;3;0;0;0
"08/12/2023";"05:58:00";"286";"ac04 - Aci";"51.475";"BR-050/MG";"Norte";"Choque - Outros";0;0;0;0;0;0;0;0;0;0;1;0;0;0;0
"08/12/2023";"06:48:00";"300";"ac02 - Aci";"81";"BR-050/MG";"Sul";"Colisão lateral no sentido contrário";0;0;0;1;0;0;0;0;0;1;1;0;1;0;0
"09/12/2023";"06:06:00";"35";"ac03 - Aci";"85.15";"BR-050/MG";"Norte";"Choque - Talude ou Barranco";1;0;0;0;0;0;0;0;0;0;1;0;0;0;0
"09/12/2023";"11:15:00";"150";"ac03 - Aci";"185.85";"BR-050/MG";"Sul";"Choque - Veiculo parado no acostamento";1;0;0;0;0;1;0;0;0;0;2;0;0;0;0
"09/12/2023";"01:09:00";"173";"ac03 - Aci";"133";"BR-050/MG";"Norte";"Choque - Elemento de Drenagem";0;0;0;0;0;0;0;0;0;1;3;0;0;0;0
"09/12/2023";"01:44:00";"185";"ac02 - Aci";"128.95";"BR-050/GO";"Sul";"Colisão Transversal";1;0;1;0;0;0;0;0;0;0;1;1;1;0;0
"10/12/2023";"12:03:00";"1";"ac02 - Aci";"35.3";"BR-050/MG";"Norte";"Colisão lateral no mesmo sentido";1;0;0;0;0;0;0;0;0;1;4;2;0;0;0
"10/12/2023";"01:23:00";"10";"ac03 - Aci";"176.4";"BR-050/MG";"Sul";"Capotamento";1;0;0;0;0;0;0;0;0;0;2;0;0;0;0
"10/12/2023";"10:30:00";"104";"ac03 - Aci";"13.73";"BR-050/MG";"Norte";"Colisão Traseira";2;0;0;0;0;0;0;0;0;0;0;0;0;0;0
"10/12/2023";"05:09:00";"236";"ac02 - Aci";"105.7";"BR-050/GO";"Norte";"Colisão Transversal";1;0;0;1;0;1;0;0;0;0;1;1;0;1;0
"10/12/2023";"08:30:00";"294";"ac01 - Aci";"87.8";"BR-050/MG";"Norte";"Queda de Moto";0;0;0;1;0;0;0;0;0;0;0;0;0;0;1
"10/12/2023";"09:15:00";"299";"ac02 - Aci";"296.42";"BR-050/GO";"Sul";"Capotamento";1;0;0;0;0;0;0;0;0;0;0;1;0;0;0
"10/12/2023";"09:46:00";"305";"ac02 - Aci";"78.6";"BR-050/MG";"Norte";"Colisão Traseira";1;0;1;0;0;0;0;0;0;0;2;1;0;0;0
"10/12/2023";"10:41:00";"314";"ac02 - Aci";"64";"BR-050/MG";"Norte";"Colisão Traseira";1;0;0;0;1;0;0;0;0;0;37;1;0;0;0
"11/12/2023";"06:53:00";"61";"ac03 - Aci";"109.8";"BR-050/GO";"Norte";"Choque - Outros";1;0;0;0;0;0;0;0;0;0;1;0;0;0;0
"11/12/2023";"08:41:00";"145";"ac03 - Aci";"114.25";"BR-050/MG";"Norte";"Choque - Talude ou Barranco";1;0;0;0;0;0;0;0;0;0;1;0;0;0;0
"11/12/2023";"02:37:00";"271";"ac01 - Aci";"80.45";"BR-050/MG";"Sul";"Atropelamento - Morador";0;0;0;0;0;1;0;0;0;0;0;0;0;0;1
"12/12/2023";"04:18:00";"25";"ac03 - Aci";"114.5";"BR-050/MG";"Sul";"Choque - Outros";0;0;0;0;0;1;0;0;0;1;1;0;0;0;0
"12/12/2023";"05:57:00";"38";"ac02 - Aci";"21";"CT-UDI-MG";"Sul";"Tombamento";0;0;1;0;0;0;0;0;0;0;0;1;0;0;0
"12/12/2023";"07:41:00";"83";"ac04 - Aci";"105";"BR-050/MG";"Sul";"Choque - Outros";0;0;0;0;0;0;0;0;0;0;0;1;0;0;0
"12/12/2023";"10:16:00";"160";"ac03 - Aci";"18.1";"BR-050/MG";"Norte";"Colisão lateral no mesmo sentido";0;0;1;0;0;1;0;0;0;0;1;0;0;0;0
"12/12/2023";"05:10:00";"286";"ac02 - Aci";"175.1";"BR-050/MG";"Sul";"Atropelamento - Pedestre";0;0;0;0;0;0;0;0;0;1;1;1;0;0;0
"12/12/2023";"06:15:00";"300";"ac03 - Aci";"206.4";"BR-050/MG";"Sul";"Choque - Meio fio";0;0;1;0;0;0;0;0;0;0;1;0;0;0;0
"12/12/2023";"07:17:00";"316";"ac03 - Aci";"97.9";"BR-050/GO";"Sul";"Colisão lateral no sentido contrário";1;0;0;0;0;0;0;0;0;1;2;0;0;0;0
"13/12/2023";"12:51:00";"7";"ac02 - Aci";"93.3";"BR-050/MG";"Sul";"Tombamento";0;0;1;0;0;0;0;0;0;0;0;0;1;0;0
"13/12/2023";"02:00:00";"13";"ac03 - Aci";"196.7";"BR-050/GO";"Norte";"Choque - Elemento de Drenagem";0;0;0;0;0;0;0;0;0;1;1;0;0;0;0
"13/12/2023";"07:21:00";"56";"ac02 - Aci";"42.4";"BR-050/MG";"Norte";"Colisão Traseira";1;0;0;0;0;0;0;0;0;1;4;1;0;0;0
"13/12/2023";"09:21:00";"139";"ac04 - Aci";"56.17";"BR-050/MG";"Norte";"Choque - Outros";0;0;0;0;0;0;0;0;0;0;0;0;1;0;0
"13/12/2023";"10:28:00";"174";"ac02 - Aci";"98";"BR-050/MG";"Sul";"Colisão Traseira";1;0;1;0;0;0;0;0;0;0;3;1;0;0;0
"13/12/2023";"04:06:00";"277";"ac03 - Aci";"226";"BR-050/GO";"Sul";"Colisão Traseira";0;0;1;0;0;0;0;0;0;1;3;0;0;0;0
"14/12/2023";"02:43:00";"14";"ac01 - Aci";"106.65";"BR-050/MG";"Norte";"Colisão Traseira";0;0;1;0;1;0;0;0;0;0;11;5;3;0;2
"14/12/2023";"10:20:00";"395";"ac03 - Aci";"145.5";"BR-050/MG";"Norte";"Capotamento";1;0;0;0;0;0;0;0;0;0;1;0;0;0;0
"15/12/2023";"08:03:00";"110";"ac02 - Aci";"99.3";"BR-050/MG";"Norte";"Choque - Elemento de Drenagem";0;0;1;0;0;0;0;0;0;1;0;2;0;0;0
"15/12/2023";"02:27:00";"272";"ac03 - Aci";"99.5";"BR-050/MG";"Sul";"Queda de veículo em ribanceira, ponte ou viaduto";1;0;0;0;0;1;0;0;0;0;2;0;0;0;0
"15/12/2023";"09:53:00";"422";"ac02 - Aci";"118";"BR-050/MG";"Norte";"Colisão Traseira";0;0;2;0;0;0;0;0;0;0;1;0;1;0;0
"15/12/2023";"09:56:00";"423";"ac02 - Aci";"170.8";"BR-050/MG";"Sul";"Choque - Arvore";1;0;0;0;0;0;0;0;0;0;0;0;1;0;0
"15/12/2023";"11:19:00";"439";"ac03 - Aci";"20";"CT-UDI-MG";"Sul";"Choque - New jersey";1;0;0;0;0;0;0;0;0;0;0;0;0;0;0
"16/12/2023";"01:04:00";"9";"ac02 - Aci";"202.8";"BR-050/MG";"Sul";"Colisão lateral no sentido contrário";1;0;1;0;0;0;0;0;0;0;1;0;1;0;0
"16/12/2023";"06:41:00";"55";"ac02 - Aci";"14.65";"CT-UDI-MG";"Sul";"Choque - Defensa metálica";0;0;0;0;0;0;0;0;0;1;0;1;0;0;0
"16/12/2023";"06:49:00";"59";"ac03 - Aci";"108";"BR-050/GO";"Norte";"Colisão Traseira";0;0;0;0;0;1;0;0;0;1;1;0;0;0;0
"16/12/2023";"10:33:00";"171";"ac02 - Aci";"169.8";"BR-050/MG";"Sul";"Choque - Defensa metálica";0;0;1;0;0;0;0;0;0;0;0;1;0;0;0
"16/12/2023";"10:33:00";"160";"ac03 - Aci";"169.8";"BR-050/MG";"Sul";"Colisão Traseira";0;0;1;0;0;0;0;0;0;1;3;0;0;0;0
"16/12/2023";"02:48:00";"247";"ac03 - Aci";"196";"BR-050/GO";"Norte";"Choque - Sinalização";1;0;0;0;0;0;0;0;0;0;3;0;0;0;0
"16/12/2023";"04:51:00";"287";"ac03 - Aci";"132.15";"BR-050/MG";"Norte";"Choque - Elemento de Drenagem";1;0;0;0;0;0;0;0;0;0;2;0;0;0;0
"16/12/2023";"05:02:00";"292";"ac04 - Aci";"13";"BR-050/MG";"Sul";"Choque - Outros";0;0;0;0;0;0;0;0;0;0;0;1;0;0;0
"17/12/2023";"05:18:00";"24";"ac03 - Aci";"164.6";"BR-050/MG";"Norte";"Choque - Elemento de Drenagem";1;0;0;0;0;0;0;0;0;0;2;0;0;0;0
"17/12/2023";"05:40:00";"27";"ac03 - Aci";"35.9";"BR-050/MG";"Sul";"Choque - Outros";0;0;0;0;0;0;0;0;0;1;2;0;0;0;0
"17/12/2023";"09:27:00";"91";"ac03 - Aci";"128.8";"BR-050/MG";"Norte";"Choque - Elemento de Drenagem";1;0;0;0;0;0;0;0;0;0;2;0;0;0;0
"17/12/2023";"07:42:00";"301";"ac02 - Aci";"14.1";"BR-050/MG";"Norte";"Queda de Moto";0;0;0;1;0;0;0;0;0;0;0;1;0;0;0
"18/12/2023";"03:22:00";"22";"ac02 - Aci";"118.95";"BR-050/MG";"Norte";"Colisão lateral no mesmo sentido";1;0;1;0;0;0;0;0;0;0;1;1;0;0;0
"18/12/2023";"07:32:00";"72";"ac03 - Aci";"10.9";"BR-050/MG";"Sul";"Choque - Defensa metálica";1;0;0;0;0;0;0;0;0;0;2;0;0;0;0
"18/12/2023";"08:07:00";"96";"ac03 - Aci";"14.1";"BR-050/MG";"Sul";"Colisão Transversal";0;0;0;0;0;0;0;0;0;2;4;0;0;0;0
"18/12/2023";"10:54:00";"192";"ac03 - Aci";"105";"BR-050/MG";"Sul";"Colisão Traseira";1;0;1;0;0;0;0;0;0;0;3;0;0;0;0
"18/12/2023";"06:57:00";"397";"ac03 - Aci";"56.47";"BR-050/MG";"Norte";"Choque - Sinalização";0;0;1;0;0;0;0;0;0;0;1;0;0;0;0
"19/12/2023";"04:01:00";"23";"ac03 - Aci";"135.6";"BR-050/MG";"Norte";"Colisão Traseira";0;0;1;0;0;1;0;0;0;0;1;0;0;0;0
"19/12/2023";"07:33:00";"94";"ac02 - Aci";"287.1";"BR-050/GO";"Norte";"Choque - Sinalização";0;0;0;1;0;0;0;0;0;0;0;1;0;0;0
"19/12/2023";"11:33:00";"234";"ac03 - Aci";"198.06";"BR-050/MG";"Sul";"Colisão Traseira";1;0;1;0;0;0;0;0;0;0;0;0;0;0;0
"19/12/2023";"12:32:00";"259";"ac02 - Aci";"127.1";"BR-050/GO";"Sul";"Colisão lateral no mesmo sentido";1;0;1;0;0;0;0;0;0;0;2;1;0;0;0
"19/12/2023";"01:49:00";"285";"ac02 - Aci";"140.45";"BR-050/MG";"Sul";"Tombamento";0;0;1;0;0;0;0;0;0;0;0;1;0;0;0
"19/12/2023";"04:09:00";"334";"ac02 - Aci";"2.7";"CT-UDI-MG";"Norte";"Capotamento";1;0;0;0;0;0;0;0;0;0;0;2;1;0;0
"20/12/2023";"08:40:00";"148";"ac02 - Aci";"108.8";"BR-050/MG";"Norte";"Capotamento";0;0;0;0;0;0;0;0;0;1;0;2;0;0;0
"20/12/2023";"03:21:00";"257";"ac03 - Aci";"122";"BR-050/GO";"Norte";"Choque - Sinalização";1;0;0;0;0;0;0;0;0;0;2;0;0;0;0
"20/12/2023";"07:23:00";"333";"ac03 - Aci";"24.5";"BR-050/MG";"Sul";"Colisão Traseira";2;0;0;0;0;0;0;0;0;0;2;0;0;0;0
"20/12/2023";"10:42:00";"382";"ac03 - Aci";"162.5";"BR-050/MG";"Sul";"Colisão lateral no mesmo sentido";1;0;0;0;0;0;0;0;0;1;6;0;0;0;0
"21/12/2023";"05:40:00";"40";"ac03 - Aci";"298.9";"BR-050/GO";"Norte";"Choque - New jersey";1;0;0;0;0;1;0;0;0;0;5;0;0;0;0
"21/12/2023";"07:21:00";"77";"ac03 - Aci";"121.95";"BR-050/GO";"Norte";"Choque - Outros";1;0;0;0;0;0;0;0;0;0;1;0;0;0;0
"21/12/2023";"03:38:00";"275";"ac02 - Aci";"29.8";"BR-050/MG";"Sul";"Choque - Elemento de Drenagem";1;0;0;0;0;0;0;0;0;0;1;1;0;0;0
"21/12/2023";"04:33:00";"294";"ac02 - Aci";"55";"BR-050/MG";"Norte";"Queda de Ciclista";0;1;0;0;0;0;0;0;0;0;0;1;0;0;0
"21/12/2023";"05:07:00";"313";"ac03 - Aci";"109.05";"BR-050/MG";"Norte";"Colisão lateral no sentido contrário";2;0;0;0;0;0;0;0;0;0;3;0;0;0;0
"21/12/2023";"08:18:00";"366";"ac03 - Aci";"147.7";"BR-050/MG";"Sul";"Colisão Traseira";1;0;0;0;0;1;0;0;0;0;2;0;0;0;0
"22/12/2023";"07:59:00";"107";"ac03 - Aci";"181";"BR-050/GO";"Sul";"Choque - Outros";1;0;0;0;0;0;0;0;0;0;2;0;0;0;0
"22/12/2023";"08:18:00";"116";"ac02 - Aci";"18.7";"BR-050/MG";"Sul";"Choque - Elemento de Drenagem";1;0;0;0;0;0;0;0;0;0;3;1;0;0;0
"22/12/2023";"08:29:00";"122";"ac03 - Aci";"198.17";"BR-050/MG";"Sul";"Choque - Sinalização";0;0;1;0;0;0;0;0;0;0;0;0;0;0;0