data;horario;n_da_ocorrencia;tipo_de_ocorrencia;km;trecho;sentido;tipo_de_acidente;automovel;bicicleta;caminhao;moto;onibus;outros;tracao_animal;transporte_de_cargas_especiais;trator_maquinas;utilitarios;ilesos;levemente_feridos;moderadamente_feridos;gravemente_feridos;mortos
"22/12/2023";"09:23:00";"148";"ac02 - Aci";"196.1";"BR-050/GO";"Norte";"Capotamento";1;0;0;0;0;0;0;0;0;0;2;1;0;0;0
"22/12/2023";"10:41:00";"190";"ac03 - Aci";"185.5";"BR-050/MG";"Norte";"Choque - New jersey";1;0;0;0;0;0;0;0;0;0;1;0;0;0;0
"22/12/2023";"12:45:00";"249";"ac02 - Aci";"131.8";"BR-050/MG";"Sul";"Choque - Arvore";0;0;0;0;0;0;0;0;0;1;0;1;0;0;0
"22/12/2023";"03:01:00";"296";"ac03 - Aci";"238.4";"BR-050/GO";"Sul";"Choque - Outros";1;0;0;0;0;0;0;0;0;0;5;0;0;0;0
"22/12/2023";"03:41:00";"309";"ac02 - Aci";"190.6";"BR-050/MG";"Sul";"Queda de Moto";0;0;0;1;0;0;0;0;0;0;0;1;0;0;0
"22/12/2023";"03:49:00";"314";"ac03 - Aci";"190.6";"BR-050/MG";"Sul";"Carreta deu L";0;0;1;0;0;0;0;0;0;0;1;0;0;0;0
"22/12/2023";"04:29:00";"327";"ac03 - Aci";"126.54";"BR-050/MG";"Norte";"Capotamento";0;0;0;0;0;0;0;0;0;1;1;0;0;0;0
"22/12/2023";"08:04:00";"398";"ac03 - Aci";"143.5";"BR-050/MG";"Norte";"Capotamento";1;0;0;0;0;0;0;0;0;0;1;0;0;0;0
"22/12/2023";"11:20:00";"446";"ac03 - Aci";"136.15";"BR-050/MG";"Norte";"Choque - Elemento de Drenagem";1;0;0;0;0;1;0;0;0;0;2;0;0;0;0
"23/12/2023";"01:12:00";"9";"ac03 - Aci";"102.8";"BR-050/GO";"Norte";"Choque - Elemento de Drenagem";1;0;0;0;0;0;0;0;0;0;3;0;0;0;0
"23/12/2023";"03:25:00";"299";"ac02 - Aci";"36.1";"BR-050/MG";"Norte";"Choque - New jersey";1;0;0;0;0;0;0;0;0;0;2;0;2;0;0
"23/12/2023";"03:56:00";"309";"ac02 - Aci";"154.95";"BR-050/MG";"Norte";"Capotamento";1;0;0;0;0;0;0;0;0;0;0;0;4;0;0
"23/12/2023";"04:21:00";"314";"ac03 - Aci";"134.6";"BR-050/MG";"Sul";"Choque - Elemento de Drenagem";1;0;0;0;0;0;0;0;0;0;2;0;0;0;0
"23/12/2023";"04:53:00";"322";"ac03 - Aci";"29.9";"BR-050/MG";"Sul";"Choque - Meio fio";1;0;0;0;0;0;0;0;0;0;2;0;0;0;0
"23/12/2023";"06:39:00";"356";"ac03 - Aci";"45.05";"BR-050/MG";"Norte";"Choque - Elemento de Drenagem";0;0;0;0;0;0;0;0;0;1;3;0;0;0;0
"23/12/2023";"06:48:00";"359";"ac02 - Aci";"148.3";"BR-050/MG";"Norte";"Capotamento";1;0;0;0;0;0;0;0;0;0;0;2;0;0;0
"23/12/2023";"08:31:00";"392";"ac03 - Aci";"116.3";"BR-050/MG";"Norte";"Choque - Arvore";1;0;0;0;0;0;0;0;0;0;5;0;0;0;0
"23/12/2023";"11:55:00";"426";"ac03 - Aci";"157.8";"BR-050/GO";"Sul";"Choque - Talude ou Barranco";1;0;0;0;0;0;0;0;0;0;1;0;0;0;0
"24/12/2023";"01:36:00";"17";"ac03 - Aci";"133.3";"BR-050/MG";"Sul";"Choque - Talude ou Barranco";1;0;0;0;0;0;0;0;0;0;1;0;0;0;0
"24/12/2023";"02:11:00";"23";"ac03 - Aci";"178.3";"BR-050/MG";"Norte";"Choque - Meio fio";1;0;0;0;0;0;0;0;0;0;1;0;0;0;0
"25/12/2023";"12:40:00";"4";"ac02 - Aci";"16.45";"CT-UDI-MG";"Sul";"Atropelamento de Animal";1;0;0;0;0;0;0;0;0;0;0;1;0;0;0
"25/12/2023";"04:57:00";"11";"ac02 - Aci";"15.7";"CT-UDI-MG";"Norte";"Colisão Traseira";2;0;0;0;0;0;0;0;0;0;3;1;0;1;0
"25/12/2023";"06:20:00";"14";"ac03 - Aci";"19";"CT-UDI-MG";"Sul";"Choque - New jersey";1;0;0;0;0;0;0;0;0;0;1;0;0;0;0
"25/12/2023";"07:33:00";"209";"ac03 - Aci";"175.5";"BR-050/MG";"Sul";"Choque - Outros";1;0;0;0;0;0;0;0;0;0;1;0;0;0;0
"25/12/2023";"08:05:00";"219";"ac03 - Aci";"306.8";"BR-050/GO";"Sul";"Choque - Elemento de Drenagem";1;0;0;0;0;0;0;0;0;0;3;0;0;0;0
"25/12/2023";"08:42:00";"233";"ac03 - Aci";"0.1";"BR-050/MG";"Sul";"Choque - Defensa metálica";1;0;0;0;0;0;0;0;0;0;4;0;0;0;0
"25/12/2023";"09:30:00";"246";"ac03 - Aci";"55.86";"BR-050/MG";"Sul";"Choque - Defensa metálica";1;0;0;0;0;0;0;0;0;0;5;0;0;0;0
"26/12/2023";"06:23:00";"32";"ac02 - Aci";"60.5";"BR-050/MG";"Norte";"Queda de Moto";0;0;0;1;0;0;0;0;0;0;0;2;0;0;0
"26/12/2023";"07:43:00";"70";"ac02 - Aci";"178";"BR-050/MG";"Sul";"Choque - Defensa metálica";1;0;0;0;0;0;0;0;0;0;2;1;0;0;0
"26/12/2023";"12:41:00";"198";"ac03 - Aci";"190.7";"BR-050/MG";"Norte";"Colisão Traseira";0;0;0;0;0;1;0;0;0;1;4;0;0;0;0
"26/12/2023";"01:10:00";"206";"ac03 - Aci";"279.9";"BR-050/GO";"Norte";"Tombamento";0;0;1;0;0;0;0;0;0;0;1;0;0;0;0
"26/12/2023";"01:41:00";"212";"ac03 - Aci";"198.1";"BR-050/MG";"Norte";"Choque - Sinalização";1;0;0;0;0;0;0;0;0;0;0;0;0;0;0
"26/12/2023";"06:35:00";"309";"ac02 - Aci";"1.85";"CT-UDI-MG";"Sul";"Choque - Defensa metálica";1;0;0;0;0;0;0;0;0;0;0;1;0;0;0
"26/12/2023";"10:20:00";"363";"ac03 - Aci";"105";"BR-050/GO";"Norte";"Atropelamento de Animal";1;0;0;0;0;0;0;0;0;0;4;0;0;0;0
"27/12/2023";"10:09:00";"162";"ac02 - Aci";"34";"BR-050/MG";"Norte";"Capotamento";0;0;1;0;0;0;0;0;0;1;1;1;1;0;0
"27/12/2023";"11:07:00";"179";"ac02 - Aci";"124";"BR-050/MG";"Sul";"Capotamento";1;0;1;0;0;0;0;0;0;0;4;2;0;0;0
"28/12/2023";"11:10:00";"184";"ac02 - Aci";"44";"BR-050/MG";"Norte";"Colisão Traseira";1;0;0;0;0;0;0;0;0;1;2;2;0;0;0
"28/12/2023";"01:05:00";"211";"ac03 - Aci";"61";"BR-050/MG";"Norte";"Colisão Transversal";1;0;1;0;0;0;0;0;0;0;2;0;0;0;0
"28/12/2023";"05:19:00";"288";"ac03 - Aci";"174.2";"BR-050/MG";"Sul";"Choque - New jersey";0;0;0;0;0;0;0;0;0;1;1;0;0;0;0
"28/12/2023";"05:33:00";"299";"ac03 - Aci";"175.6";"BR-050/MG";"Sul";"Choque - New jersey";0;0;0;0;0;0;0;0;0;1;1;0;0;0;0
"29/12/2023";"10:41:00";"155";"ac02 - Aci";"118";"BR-050/GO";"Norte";"Queda de Moto";0;0;0;1;0;0;0;0;0;0;0;0;2;0;0
"29/12/2023";"02:34:00";"217";"ac03 - Aci";"229";"BR-050/GO";"Norte";"Tombamento";1;0;0;0;0;1;0;0;0;0;3;0;0;0;0
"29/12/2023";"03:03:00";"229";"ac02 - Aci";"177.5";"BR-050/MG";"Sul";"Queda de Moto";0;0;0;1;0;0;0;0;0;0;0;1;0;0;0
"30/12/2023";"02:33:00";"11";"ac04 - Aci";"204.6";"BR-050/MG";"Norte";"Atropelamento de Animal";0;0;0;0;0;0;0;0;0;1;1;0;0;0;0
"30/12/2023";"07:09:00";"53";"ac03 - Aci";"206.5";"BR-050/MG";"Norte";"Colisão Traseira";2;0;0;0;0;0;0;0;0;0;6;0;0;0;0
"30/12/2023";"02:11:00";"220";"ac03 - Aci";"139.35";"BR-050/MG";"Norte";"Choque - Objeto sobre a pista";1;0;0;0;0;0;0;0;0;0;3;0;0;0;0
"30/12/2023";"07:38:00";"316";"ac04 - Aci";"99";"BR-050/GO";"Sul";"Atropelamento de Animal";0;0;0;0;0;0;0;0;0;1;1;0;0;0;0
"31/12/2023";"05:36:00";"18";"ac03 - Aci";"221.3";"BR-050/GO";"Sul";"Choque - Elemento de Drenagem";1;0;0;0;0;0;0;0;0;0;7;0;0;0;0
"31/12/2023";"10:45:00";"81";"ac03 - Aci";"29.835";"BR-050/MG";"Sul";"Choque - Defensa metálica";1;0;0;0;0;0;0;0;0;0;1;0;0;0;0
"31/12/2023";"11:47:00";"93";"ac02 - Aci";"144.8";"BR-050/MG";"Norte";"Choque - Talude ou Barranco";1;0;0;0;0;0;0;0;0;0;3;1;0;0;0
"31/12/2023";"12:18:00";"100";"ac03 - Aci";"126.3";"BR-050/MG";"Norte";"Choque - Elemento de Drenagem";1;0;0;0;0;0;0;0;0;0;5;0;0;0;0
"31/12/2023";"04:06:00";"150";"ac02 - Aci";"148";"BR-050/MG";"Sul";"Choque - Talude ou Barranco";1;0;0;0;0;0;0;0;0;0;4;1;0;0;0
"31/12/2023";"05:48:00";"160";"ac02 - Aci";"126.75";"BR-050/MG";"Norte";"Choque - Talude ou Barranco";1;0;0;0;0;0;0;0;0;0;1;1;0;0;0
"31/12/2023";"06:01:00";"164";"ac03 - Aci";"215.5";"BR-050/GO";"Norte";"Choque - Sinalização";1;0;0;0;0;0;0;0;0;0;1;0;0;0;0
"31/12/2023";"08:13:00";"185";"ac03 - Aci";"133.5";"BR-050/MG";"Sul";"Choque - Elemento de Drenagem";1;0;0;0;0;0;0;0;0;0;3;0;0;0;0
"31/12/2023";"11:46:00";"212";"ac02 - Aci";"117";"BR-050/GO";"Norte";"Colisão Traseira";1;0;0;0;0;0;0;0;0;1;4;1;0;0;0
"01/01/2024";"02:17:00";"32";"Com vítima";"17,900";"BR-50/MG";"Crescente";"Choque";0;0;0;0;0;0;0;0;0;0;0;1;0;0;0
"01/01/2024";"03:03:00";"37";"Sem vítima";"99,500";"BR-50/MG";"Crescente";"Choque";0;0;0;0;0;0;0;0;0;0;3;0;0;0;0
"01/01/2024";"03:27:00";"42";"Sem vítima";"261,500";"BR-50/MG";"Crescente";"Choque";0;0;0;0;0;0;0;0;0;0;2;0;0;0;0
"01/01/2024";"05:55:00";"73";"Sem vítima";"176,600";"BR-50/MG";"Decrescente";"Choque";0;0;0;0;0;0;0;0;0;0;1;0;0;0;0
"01/01/2024";"06:02:00";"75";"Sem vítima";"3,500";"BR-50/MG";"Crescente";"Choque";0;0;0;0;0;0;0;0;0;0;1;0;0;0;0
"01/01/2024";"02:37:00";"193";"Sem vítima";"260,000";"BR-50/MG";"Crescente";"Choque";0;0;0;0;0;0;0;0;0;0;2;0;0;0;0
"01/01/2024";"03:07:00";"203";"Com vítima";"258,500";"BR-50/MG";"Decrescente";"Choque";0;0;0;0;0;0;0;0;0;0;3;1;0;0;0
"02/01/2024";"02:36:00";"20";"Com vítima";"213,000";"BR-50/MG";"Crescente";"Capotamento";0;0;0;0;0;0;0;0;0;0;0;0;1;0;1
"02/01/2024";"10:24:00";"210";"Sem vítima";"192,050";"BR-50/MG";"Decrescente";"Choque";0;0;0;0;0;0;0;0;0;0;5;0;0;0;0
"02/01/2024";"11:06:00";"221";"Sem vítima";"152,900";"BR-50/MG";"Decrescente";"Choque";0;0;0;0;0;0;0;0;0;0;1;0;0;0;0
"02/01/2024";"02:41:00";"274";"Com vítima";"86,260";"BR-50/MG";"Decrescente";"Capotamento";0;0;0;0;0;0;0;0;0;0;1;1;0;0;0
"02/01/2024";"03:35:00";"285";"Sem vítima";"81,100";"BR-50/MG";"Decrescente";"Choque";0;0;0;0;0;0;0;0;0;0;5;0;0;0;0
"02/01/2024";"04:48:00";"302";"Sem vítima";"225,600";"BR-50/MG";"Decrescente";"Choque";0;0;0;0;0;0;0;0;0;0;5;0;0;0;0
"03/01/2024";"09:38:00";"173";"Sem vítima";"12,000";"BR-50/MG";"Crescente";"Queda de moto";0;0;0;0;0;0;0;0;0;0;1;0;0;0;0
"03/01/2024";"11:26:00";"197";"Com vítima";"43,700";"BR-50/MG";"Crescente";"Capotamento";0;0;0;0;0;0;0;0;0;0;0;2;2;0;0
"03/01/2024";"11:27:00";"198";"Sem vítima";"2,250";"BR-50/MG";"Decrescente";"Choque";0;0;0;0;0;0;0;0;0;0;2;0;0;0;0
"03/01/2024";"01:19:00";"230";"Com vítima";"197,700";"BR-50/MG";"Decrescente";"Queda de moto";0;0;0;0;0;0;0;0;0;0;0;1;0;0;0
"03/01/2024";"07:44:00";"328";"Sem vítima";"247,000";"BR-50/MG";"Decrescente";"Colisão traseira";0;0;0;0;0;0;0;0;0;0;3;0;0;0;0
"04/01/2024";"12:19:00";"19";"Sem vítima";"206,400";"BR-50/MG";"Crescente";"Tombamento";0;0;0;0;0;0;0;0;0;0;16;0;0;0;0
"04/01/2024";"03:29:00";"37";"Sem vítima";"14,000";"BR-50/MG";"Decrescente";"Colisão traseira";0;0;0;0;0;0;0;0;0;0;2;0;0;0;0
"04/01/2024";"04:39:00";"72";"Sem vítima";"264,950";"BR-50/MG";"Decrescente";"Choque";0;0;0;0;0;0;0;0;0;0;1;0;0;0;0
"04/01/2024";"05:17:00";"89";"Com vítima";"260,540";"BR-50/MG";"Crescente";"Capotamento";0;0;0;0;0;0;0;0;0;0;2;0;1;0;0
"04/01/2024";"06:12:00";"113";"Sem vítima";"265,000";"BR-50/MG";"Crescente";"Choque";0;0;0;0;0;0;0;0;0;0;2;0;0;0;0
"04/01/2024";"07:25:00";"146";"Sem vítima";"3,700";"BR-50/MG";"Crescente";"Choque";0;0;0;0;0;0;0;0;0;0;3;0;0;0;0
"04/01/2024";"08:26:00";"189";"Sem vítima";"29,800";"BR-50/MG";"Crescente";"Choque";0;0;0;0;0;0;0;0;0;0;3;0;0;0;0
"04/01/2024";"01:56:00";"296";"Sem vítima";"279,000";"BR-50/MG";"Decrescente";"Colisão traseira";0;0;0;0;0;0;0;0;0;0;5;0;0;0;0
"05/01/2024";"06:38:00";"143";"Sem vítima";"122,000";"BR-50/MG";"Decrescente";"Capotamento";0;0;0;0;0;0;0;0;0;0;1;0;0;0;0
"05/01/2024";"07:35:00";"384";"Sem vítima";"105,500";"BR-50/MG";"Crescente";"Choque";0;0;0;0;0;0;0;0;0;0;1;0;0;0;0
"05/01/2024";"10:17:00";"11";"Com vítima";"273,000";"BR-50/MG";"Crescente";"Choque";0;0;0;0;0;0;0;0;0;0;0;1;0;0;0
"06/01/2024";"12:30:00";"237";"Sem vítima";"228,800";"BR-50/MG";"Crescente";"Choque";0;0;0;0;0;0;0;0;0;0;2;0;0;0;0
"06/01/2024";"01:13:00";"252";"Com vítima";"62,460";"BR-50/MG";"Decrescente";"Colisão traseira";0;0;0;0;0;0;0;0;0;0;7;1;1;0;0
"06/01/2024";"01:23:00";"269";"Sem vítima";"62,613";"BR-50/MG";"Decrescente";"Colisão transversal";0;0;0;0;0;0;0;0;0;0;5;0;0;0;0
"06/01/2024";"01:44:00";"265";"Com vítima";"59,700";"BR-50/MG";"Decrescente";"Colisão lateral no mesmo sentido";0;0;0;0;0;0;0;0;0;0;4;1;0;0;0
"06/01/2024";"11:56:00";"22";"Com vítima";"83,700";"BR-50/MG";"Decrescente";"Queda de moto";0;0;0;0;0;0;0;0;0;0;0;1;0;0;0
"07/01/2024";"06:30:00";"103";"Sem vítima";"35,300";"BR-50/MG";"Decrescente";"Tombamento";0;0;0;0;0;0;0;0;0;0;2;0;0;0;0
"07/01/2024";"10:38:00";"180";"Sem vítima";"213,100";"BR-50/MG";"Decrescente";"Choque";0;0;0;0;0;0;0;0;0;0;1;0;0;0;0
"07/01/2024";"05:39:00";"278";"Com vítima";"60,850";"BR-50/MG";"Crescente";"Queda de moto";0;0;0;0;0;0;0;0;0;0;0;1;0;0;0
"07/01/2024";"07:45:00";"295";"Sem vítima";"50,000";"BR-50/MG";"Crescente";"Queda de moto";0;0;0;0;0;0;0;0;0;0;1;0;0;0;0
"08/01/2024";"03:31:00";"30";"Com vítima";"136,400";"BR-50/MG";"Decrescente";"Capotamento";0;0;0;0;0;0;0;0;0;0;1;1;0;0;0
"08/01/2024";"05:35:00";"94";"Sem vítima";"11,505";"BR-50/MG";"Crescente";"Choque";0;0;0;0;0;0;0;0;0;0;2;0;0;0;0
"08/01/2024";"12:12:00";"226";"Sem vítima";"184,000";"BR-50/MG";"Crescente";"Choque";0;0;0;0;0;0;0;0;0;0;1;0;0;0;0
"08/01/2024";"06:31:00";"362";"Sem vítima";"90,000";"BR-50/MG";"Crescente";"Colisão lateral no mesmo sentido";0;0;0;0;0;0;0;0;0;0;2;0;0;0;0
"09/01/2024";"05:55:00";"126";"Com vítima";"29,800";"BR-50/MG";"Crescente";"Choque";0;0;0;0;0;0;0;0;0;0;3;1;0;0;0
"09/01/2024";"07:25:00";"155";"Sem vítima";"17,000";"BR-50/MG";"Crescente";"Choque";0;0;0;0;0;0;0;0;0;0;2;0;0;0;0
"09/01/2024";"06:10:00";"326";"Sem vítima";"102,840";"BR-50/MG";"Decrescente";"Choque";0;0;0;0;0;0;0;0;0;0;1;0;0;0;0
"10/01/2024";"02:52:00";"26";"Com vítima";"155,000";"BR-50/MG";"Crescente";"Carreta deu L";0;0;0;0;0;0;0;0;0;0;1;0;0;0;2
"10/01/2024";"03:07:00";"30";"Com vítima";"155,000";"BR-50/MG";"Decrescente";"Colisão traseira";0;0;0;0;0;0;0;0;0;0;1;5;0;0;0
"10/01/2024";"07:41:00";"391";"Sem vítima";"179,800";"BR-50/MG";"Crescente";"Colisão lateral no mesmo sentido";0;0;0;0;0;0;0;0;0;0;4;0;0;0;0
"11/01/2024";"02:56:00";"17";"Sem vítima";"226,000";"BR-50/MG";"Crescente";"Choque";0;0;0;0;0;0;0;0;0;0;2;0;0;0;0
"11/01/2024";"09:43:00";"209";"Sem vítima";"177,180";"BR-50/MG";"Decrescente";"Choque";0;0;0;0;0;0;0;0;0;0;1;0;0;0;0
"11/01/2024";"10:15:00";"215";"Com vítima";"9,840";"BR-50/MG";"Crescente";"Capotamento";0;0;0;0;0;0;0;0;0;0;0;0;1;0;0
"11/01/2024";"04:12:00";"318";"Sem vítima";"204,000";"BR-50/MG";"Crescente";"Choque";0;0;0;0;0;0;0;0;0;0;1;0;0;0;0
"12/01/2024";"10:33:00";"247";"Sem vítima";"258,000";"BR-50/MG";"Decrescente";"Choque";0;0;0;0;0;0;0;0;0;0;1;0;0;0;0
"12/01/2024";"12:01:00";"282";"Sem vítima";"183,200";"BR-50/MG";"Crescente";"Colisão transversal";0;0;0;0;0;0;0;0;0;0;9;0;0;0;0
"12/01/2024";"01:24:00";"312";"Sem vítima";"25,040";"BR-50/MG";"Crescente";"Choque";0;0;0;0;0;0;0;0;0;0;1;0;0;0;0
"12/01/2024";"02:37:00";"337";"Com vítima";"86,500";"BR-50/MG";"Crescente";"Capotamento";0;0;0;0;0;0;0;0;0;0;0;2;0;0;0
"13/01/2024";"05:25:00";"82";"Com vítima";"115,000";"BR-50/MG";"Decrescente";"Capotamento";0;0;0;0;0;0;0;0;0;0;1;1;0;0;0
"13/01/2024";"06:35:00";"124";"Sem vítima";"253,700";"BR-50/MG";"Crescente";"Tombamento";0;0;0;0;0;0;0;0;0;0;1;0;0;0;0
"13/01/2024";"02:31:00";"250";"Com vítima";"81,600";"BR-50/MG";"Crescente";"Queda de moto";0;0;0;0;0;0;0;0;0;0;0;0;1;0;0
"13/01/2024";"03:19:00";"260";"Sem vítima";"58,100";"BR-50/MG";"Crescente";"Choque";0;0;0;0;0;0;0;0;0;0;1;0;0;0;0
"14/01/2024";"03:10:00";"29";"Com vítima";"156,900";"BR-50/MG";"Decrescente";"Tombamento";0;0;0;0;0;0;0;0;0;0;1;1;0;0;0
"14/01/2024";"03:21:00";"31";"Sem vítima";"98,940";"BR-50/MG";"Crescente";"Choque";0;0;0;0;0;0;0;0;0;0;1;0;0;0;0
"14/01/2024";"10:26:00";"142";"Sem vítima";"98,700";"BR-50/MG";"Crescente";"Acidentes de outra natureza";0;0;0;0;0;0;0;0;0;0;4;0;0;0;0
"14/01/2024";"10:35:00";"146";"Sem vítima";"22,670";"BR-50/MG";"Decrescente";"Tombamento";0;0;0;0;0;0;0;0;0;0;1;0;0;0;0
"14/01/2024";"11:34:00";"161";"Com vítima";"106,650";"BR-50/MG";"Crescente";"Capotamento";0;0;0;0;0;0;0;0;0;0;4;0;1;0;0
"14/01/2024";"12:55:00";"181";"Sem vítima";"177,000";"BR-50/MG";"Decrescente";"Acidentes de outra natureza";0;0;0;0;0;0;0;0;0;0;1;0;0;0;0
"14/01/2024";"01:44:00";"201";"Sem vítima";"154,100";"BR-50/MG";"Crescente";"Choque";0;0;0;0;0;0;0;0;0;0;4;0;0;0;0
"14/01/2024";"01:45:00";"202";"Sem vítima";"1,200";"BR-50/MG";"Crescente";"Choque";0;0;0;0;0;0;0;0;0;0;2;0;0;0;0
"14/01/2024";"01:57:00";"207";"Sem vítima";"235,400";"BR-50/MG";"Crescente";"Choque";0;0;0;0;0;0;0;0;0;0;2;0;0;0;0
"14/01/2024";"03:17:00";"233";"Sem vítima";"30,200";"BR-50/MG";"Decrescente";"Choque";0;0;0;0;0;0;0;0;0;0;1;0;0;0;0
"14/01/2024";"09:07:00";"1";"Sem vítima";"127,600";"BR-50/MG";"Crescente";"Tombamento";0;0;0;0;0;0;0;0;0;0;1;0;0;0;0
"15/01/2024";"02:04:00";"267";"Sem vítima";"103,700";"BR-50/MG";"Crescente";"Choque";0;0;0;0;0;0;0;0;0;0;4;0;0;0;0
"15/01/2024";"04:18:00";"307";"Sem vítima";"174,000";"BR-50/MG";"Crescente";"Choque";0;0;0;0;0;0;0;0;0;0;1;0;0;0;0
"15/01/2024";"04:50:00";"318";"Sem vítima";"174,000";"BR-50/MG";"Crescente";"Colisão traseira";0;0;0;0;0;0;0;0;0;0;2;0;0;0;0
"16/01/2024";"04:30:00";"71";"Com vítima";"175,350";"BR-50/MG";"Decrescente";"Colisão frontal";0;0;0;0;0;0;0;0;0;0;1;0;1;0;0
"16/01/2024";"04:36:00";"78";"Sem vítima";"175,150";"BR-50/MG";"Decrescente";"Choque";0;0;0;0;0;0;0;0;0;0;1;0;0;0;0
"16/01/2024";"11:39:00";"232";"Com vítima";"212,000";"BR-50/MG";"Crescente";"Capotamento";0;0;0;0;0;0;0;0;0;0;0;0;2;0;0
"17/01/2024";"07:28:00";"158";"Com vítima";"99,790";"BR-50/MG";"Crescente";"Colisão transversal";0;0;0;0;0;0;0;0;0;0;1;1;0;0;0
"17/01/2024";"09:02:00";"200";"Sem vítima";"192,300";"BR-50/MG";"Decrescente";"Colisão traseira";0;0;0;0;0;0;0;0;0;0;2;0;0;0;0
"17/01/2024";"06:30:00";"370";"Com vítima";"187,500";"BR-50/MG";"Decrescente";"Queda de moto";0;0;0;0;0;0;0;0;0;0;0;1;0;0;0
"18/01/2024";"04:03:00";"52";"Com vítima";"282,900";"BR-50/MG";"Crescente";"Colisão transversal";0;0;0;0;0;0;0;0;0;0;1;1;0;0;0
"18/01/2024";"04:47:00";"91";"Sem vítima";"182,000";"BR-50/MG";"Decrescente";"Colisão traseira";0;0;0;0;0;0;0;0;0;0;7;0;0;0;0
"18/01/2024";"02:41:00";"311";"Sem vítima";"54,600";"BR-50/MG";"Decrescente";"Choque";0;0;0;0;0;0;0;0;0;0;4;0;0;0;0
"19/01/2024";"09:11:00";"237";"Sem vítima";"125,900";"BR-50/MG";"Decrescente";"Engavetamento";0;0;0;0;0;0;0;0;0;0;6;0;0;0;0
"19/01/2024";"11:48:00";"289";"Sem vítima";"196,200";"BR-50/MG";"Crescente";"Choque";0;0;0;0;0;0;0;0;0;0;4;0;0;0;0
"20/01/2024";"09:21:00";"181";"Sem vítima";"177,750";"BR-50/MG";"Decrescente";"Colisão lateral no mesmo sentido";0;0;0;0;0;0;0;0;0;0;2;0;0;0;0
"20/01/2024";"02:16:00";"278";"Sem vítima";"149,000";"BR-50/MG";"Crescente";"Choque";0;0;0;0;0;0;0;0;0;0;2;0;0;0;0
"21/01/2024";"06:55:00";"95";"Com vítima";"55,700";"BR-50/MG";"Decrescente";"Tombamento";0;0;0;0;0;0;0;0;0;0;0;1;2;0;0
"21/01/2024";"11:58:00";"151";"Sem vítima";"58,000";"BR-50/MG";"Crescente";"Choque";0;0;0;0;0;0;0;0;0;0;3;0;0;0;0
"21/01/2024";"02:15:00";"197";"Com vítima";"124,000";"BR-50/MG";"Crescente";"Capotamento";0;0;0;0;0;0;0;0;0;0;0;1;1;0;0
"22/01/2024";"09:06:00";"203";"Com vítima";"264,600";"BR-50/MG";"Decrescente";"Choque";0;0;0;0;0;0;0;0;0;0;0;0;1;0;0
"24/01/2024";"12:28:00";"262";"Sem vítima";"58,100";"BR-50/MG";"Decrescente";"Choque";0;0;0;0;0;0;0;0;0;0;1;0;0;0;0
"24/01/2024";"04:02:00";"319";"Sem vítima";"236,800";"BR-50/MG";"Crescente";"Tombamento";0;0;0;0;0;0;0;0;0;0;2;0;0;0;0
"25/01/2024";"03:01:00";"43";"Sem vítima";"102,200";"BR-50/MG";"Crescente";"Colisão traseira";0;0;0;0;0;0;0;0;0;0;2;0;0;0;0
"25/01/2024";"12:18:00";"234";"Sem vítima";"279,000";"BR-50/MG";"Decrescente";"Choque";0;0;0;0;0;0;0;0;0;0;1;0;0;0;0
"26/01/2024";"06:20:00";"130";"Sem vítima";"198,060";"BR-50/MG";"Decrescente";"Choque";0;0;0;0;0;0;0;0;0;0;2;0;0;0;0
"26/01/2024";"10:56:00";"235";"Sem vítima";"159,080";"BR-50/MG";"Decrescente";"Choque";0;0;0;0;0;0;0;0;0;0;1;0;0;0;0
"26/01/2024";"08:21:00";"382";"Sem vítima";"177,650";"BR-50/MG";"Crescente";"Choque";0;0;0;0;0;0;0;0;0;0;1;0;0;0;0
"27/01/2024";"06:03:00";"119";"Com vítima";"109,400";"BR-50/MG";"Crescente";"Tombamento";0;0;0;0;0;0;0;0;0;0;0;1;0;0;0
"27/01/2024";"06:07:00";"321";"Com vítima";"202,940";"BR-50/MG";"Crescente";"Colisão transversal";0;0;0;0;0;0;0;0;0;0;2;1;0;0;0
"28/01/2024";"10:03:00";"143";"Com vítima";"281,000";"BR-50/MG";"Decrescente";"Acidentes de outra natureza";0;0;0;0;0;0;0;0;0;0;0;1;0;0;0
"28/01/2024";"01:24:00";"203";"Sem vítima";"77,300";"BR-50/MG";"Crescente";"Capotamento";0;0;0;0;0;0;0;0;0;0;1;0;0;0;0
"28/01/2024";"05:10:00";"262";"Sem vítima";"180,000";"BR-50/MG";"Decrescente";"Choque";0;0;0;0;0;0;0;0;0;0;1;0;0;0;0
"30/01/2024";"10:02:00";"194";"Sem vítima";"168,180";"BR-50/MG";"Crescente";"Choque";0;0;0;0;0;0;0;0;0;0;1;0;0;0;0
"30/01/2024";"11:04:00";"210";"Sem vítima";"192,900";"BR-50/MG";"Decrescente";"Capotamento";0;0;0;0;0;0;0;0;0;0;3;0;0;0;0
"31/01/2024";"02:04:00";"17";"Sem vítima";"52,450";"BR-50/MG";"Crescente";"Colisão traseira";0;0;0;0;0;0;0;0;0;0;2;0;0;0;0