data;horario;n_da_ocorrencia;tipo_de_ocorrencia;km;trecho;sentido;tipo_de_acidente;automovel;bicicleta;caminhao;moto;onibus;outros;tracao_animal;transporte_de_cargas_especiais;trator_maquinas;utilitarios;ilesos;levemente_feridos;moderadamente_feridos;gravemente_feridos;mortos
"31/01/2024";"06:07:00";"308";"Sem vítima";"44,900";"BR-50/MG";"Decrescente";"Colisão traseira";0;0;0;0;0;0;0;0;0;0;2;0;0;0;0
"01/02/2024";"04:49:00";"103";"Com vítima";"173,850";"BR-50/MG";"Crescente";"Queda de moto";0;0;0;0;0;0;0;0;0;0;0;1;1;0;0
"01/02/2024";"12:06:00";"267";"Com vítima";"194,300";"BR-50/MG";"Crescente";"Tombamento";0;0;0;0;0;0;0;0;0;0;1;0;2;0;0
"01/02/2024";"05:14:00";"365";"Sem vítima";"99,000";"BR-50/MG";"Crescente";"Choque";0;0;0;0;0;0;0;0;0;0;1;0;0;0;0
"02/02/2024";"05:36:00";"116";"Com vítima";"262,200";"BR-50/MG";"Crescente";"Colisão traseira";0;0;0;0;0;0;0;0;0;0;5;0;1;0;0
"03/02/2024";"08:29:00";"185";"Com vítima";"27,060";"BR-50/MG";"Decrescente";"Capotamento";0;0;0;0;0;0;0;0;0;0;1;1;0;0;0
"04/02/2024";"04:42:00";"54";"Sem vítima";"171,750";"BR-50/MG";"Crescente";"Capotamento";0;0;0;0;0;0;0;0;0;0;1;0;0;0;0
"05/02/2024";"07:03:00";"180";"Com vítima";"62,300";"BR-50/MG";"Crescente";"Capotamento";0;0;0;0;0;0;0;0;0;0;0;1;0;0;0
"05/02/2024";"09:47:00";"233";"Sem vítima";"192,930";"BR-50/MG";"Crescente";"Colisão traseira";0;0;0;0;0;0;0;0;0;0;2;0;0;0;0
"05/02/2024";"10:29:00";"242";"Sem vítima";"82,600";"BR-50/MG";"Crescente";"Choque";0;0;0;0;0;0;0;0;0;0;1;0;0;0;0
"05/02/2024";"11:26:00";"259";"Sem vítima";"239,850";"BR-50/MG";"Decrescente";"Choque";0;0;0;0;0;0;0;0;0;0;5;0;0;0;0
"06/02/2024";"04:11:00";"80";"Sem vítima";"234,000";"BR-50/MG";"Decrescente";"Choque";0;0;0;0;0;0;0;0;0;0;5;0;0;0;0
"06/02/2024";"01:28:00";"275";"Sem vítima";"198,000";"BR-50/MG";"Crescente";"Colisão traseira";0;0;0;0;0;0;0;0;0;0;4;0;0;0;0
"06/02/2024";"03:08:00";"290";"Sem vítima";"80,900";"BR-50/MG";"Crescente";"Colisão traseira";0;0;0;0;0;0;0;0;0;0;4;0;0;0;0
"06/02/2024";"08:42:00";"370";"Sem vítima";"60,500";"BR-50/MG";"Decrescente";"Choque";0;0;0;0;0;0;0;0;0;0;1;0;0;0;0
"07/02/2024";"05:02:00";"330";"Sem vítima";"59,300";"BR-50/MG";"Crescente";"Colisão traseira";0;0;0;0;0;0;0;0;0;0;2;0;0;0;0
"08/02/2024";"05:31:00";"119";"Com vítima";"55,840";"BR-50/MG";"Crescente";"Capotamento";0;0;0;0;0;0;0;0;0;0;0;1;0;0;0
"08/02/2024";"04:35:00";"361";"Sem vítima";"51,272";"BR-50/MG";"Crescente";"Colisão lateral no mesmo sentido";0;0;0;0;0;0;0;0;0;0;4;0;0;0;0
"08/02/2024";"09:32:00";"6";"Sem vítima";"40,600";"BR-50/MG";"Crescente";"Choque";0;0;0;0;0;0;0;0;0;0;3;0;0;0;0
"08/02/2024";"11:59:00";"25";"Sem vítima";"102,800";"BR-50/MG";"Decrescente";"Choque";0;0;0;0;0;0;0;0;0;0;1;0;0;0;0
"09/02/2024";"09:25:00";"266";"Sem vítima";"272,000";"BR-50/MG";"Decrescente";"Colisão lateral no mesmo sentido";0;0;0;0;0;0;0;0;0;0;3;0;0;0;0
"09/02/2024";"02:19:00";"363";"Sem vítima";"176,000";"BR-50/MG";"Decrescente";"Colisão traseira";0;0;0;0;0;0;0;0;0;0;2;0;0;0;0
"10/02/2024";"04:27:00";"74";"Com vítima";"177,320";"BR-50/MG";"Crescente";"Colisão traseira";0;0;0;0;0;0;0;0;0;0;1;0;0;0;1
"10/02/2024";"07:59:00";"175";"Sem vítima";"192,000";"BR-50/MG";"Crescente";"Engavetamento";0;0;0;0;0;0;0;0;0;0;6;0;0;0;0
"10/02/2024";"09:25:00";"201";"Com vítima";"191,000";"BR-50/MG";"Crescente";"Engavetamento";0;0;0;0;0;0;0;0;0;0;7;0;3;1;0
"10/02/2024";"10:16:00";"216";"Sem vítima";"107,600";"BR-50/MG";"Crescente";"Colisão traseira";0;0;0;0;0;0;0;0;0;0;3;0;0;0;0
"10/02/2024";"02:36:00";"284";"Sem vítima";"176,300";"BR-50/MG";"Crescente";"Colisão traseira";0;0;0;0;0;0;0;0;0;0;2;0;0;0;0
"11/02/2024";"08:48:00";"122";"Sem vítima";"299,300";"BR-50/MG";"Crescente";"Choque";0;0;0;0;0;0;0;0;0;0;1;0;0;0;0
"12/02/2024";"05:24:00";"116";"Sem vítima";"154,550";"BR-50/MG";"Crescente";"Choque";0;0;0;0;0;0;0;0;0;0;1;0;0;0;0
"12/02/2024";"08:30:00";"410";"Com vítima";"100,610";"BR-50/MG";"Crescente";"Atropelamento de animal";0;0;0;0;0;0;0;0;0;0;1;0;0;0;0
"13/02/2024";"12:01:00";"31";"Sem vítima";"25,000";"BR-50/MG";"Crescente";"Choque";0;0;0;0;0;0;0;0;0;0;2;0;0;0;0
"13/02/2024";"03:21:00";"59";"Com vítima";"44,340";"BR-50/MG";"Decrescente";"Capotamento";0;0;0;0;0;0;0;0;0;0;0;1;0;0;0
"13/02/2024";"04:59:00";"370";"Com vítima";"179,350";"BR-50/MG";"Crescente";"Colisão traseira";0;0;0;0;0;0;0;0;0;0;0;5;0;0;0
"14/02/2024";"11:55:00";"279";"Sem vítima";"297,000";"BR-50/MG";"Decrescente";"Tombamento";0;0;0;0;0;0;0;0;0;0;1;0;0;0;0
"15/02/2024";"06:01:00";"137";"Sem vítima";"96,100";"BR-50/MG";"Decrescente";"Colisão transversal";0;0;0;0;0;0;0;0;0;0;2;0;0;0;0
"16/02/2024";"09:37:00";"239";"Com vítima";"54,200";"BR-50/MG";"Crescente";"Tombamento";0;0;0;0;0;0;0;0;0;0;0;1;0;0;0
"16/02/2024";"12:29:00";"293";"Sem vítima";"13,800";"BR-50/MG";"Decrescente";"Colisão traseira";0;0;0;0;0;0;0;0;0;0;2;0;0;0;0
"16/02/2024";"04:32:00";"382";"Sem vítima";"171,000";"BR-50/MG";"Crescente";"Queda de moto";0;0;0;0;0;0;0;0;0;0;1;0;0;0;0
"17/02/2024";"04:12:00";"71";"Com vítima";"17,090";"BR-50/MG";"Decrescente";"Queda de moto";0;0;0;0;0;0;0;0;0;0;0;0;1;0;0
"17/02/2024";"11:27:00";"241";"Sem vítima";"260,020";"BR-50/MG";"Decrescente";"Choque";0;0;0;0;0;0;0;0;0;0;1;0;0;0;0
"18/02/2024";"06:23:00";"241";"Com vítima";"210,700";"BR-50/MG";"Decrescente";"Colisão lateral no mesmo sentido";0;0;0;0;0;0;0;0;0;0;1;0;1;0;0
"19/02/2024";"01:31:00";"19";"Sem vítima";"81,700";"BR-50/MG";"Decrescente";"Choque";0;0;0;0;0;0;0;0;0;0;2;0;0;0;0
"19/02/2024";"02:22:00";"265";"Sem vítima";"59,510";"BR-50/MG";"Decrescente";"Choque";0;0;0;0;0;0;0;0;0;0;5;0;0;0;0
"19/02/2024";"04:17:00";"291";"Sem vítima";"97,800";"BR-50/MG";"Crescente";"Colisão transversal";0;0;0;0;0;0;0;0;0;0;3;0;0;0;0
"20/02/2024";"08:47:00";"208";"Com vítima";"148,350";"BR-50/MG";"Crescente";"Choque";0;0;0;0;0;0;0;0;0;0;0;2;0;0;0
"20/02/2024";"01:20:00";"315";"Sem vítima";"53,700";"BR-50/MG";"Decrescente";"Colisão traseira";0;0;0;0;0;0;0;0;0;0;2;0;0;0;0
"21/02/2024";"03:21:00";"356";"Sem vítima";"188,000";"BR-50/MG";"Crescente";"Colisão lateral no mesmo sentido";0;0;0;0;0;0;0;0;0;0;3;0;0;0;0
"22/02/2024";"06:07:00";"127";"Sem vítima";"105,000";"BR-50/MG";"Decrescente";"Colisão traseira";0;0;0;0;0;0;0;0;0;0;2;0;0;0;0
"22/02/2024";"12:07:00";"232";"Sem vítima";"190,000";"BR-50/MG";"Crescente";"Choque";0;0;0;0;0;0;0;0;0;0;2;0;0;0;0
"22/02/2024";"04:53:00";"314";"Sem vítima";"279,800";"BR-50/MG";"Decrescente";"Colisão lateral no mesmo sentido";0;0;0;0;0;0;0;0;0;0;3;0;0;0;0
"22/02/2024";"08:45:00";"356";"Sem vítima";"278,900";"BR-50/MG";"Decrescente";"Choque";0;0;0;0;0;0;0;0;0;0;2;0;0;0;0
"23/02/2024";"06:01:00";"138";"Com vítima";"147,500";"BR-50/MG";"Decrescente";"Colisão traseira";0;0;0;0;0;0;0;0;0;0;1;0;0;0;1
"23/02/2024";"07:35:00";"170";"Sem vítima";"115,000";"BR-50/MG";"Crescente";"Colisão traseira";0;0;0;0;0;0;0;0;0;0;4;0;0;0;0
"23/02/2024";"09:54:00";"206";"Com vítima";"197,000";"BR-50/MG";"Crescente";"Capotamento";0;0;0;0;0;0;0;0;0;0;0;0;2;0;0
"24/02/2024";"11:50:00";"18";"Sem vítima";"172,600";"BR-50/MG";"Decrescente";"Choque";0;0;0;0;0;0;0;0;0;0;1;0;0;0;0
"25/02/2024";"12:21:00";"229";"Sem vítima";"38,820";"BR-50/MG";"Crescente";"Choque";0;0;0;0;0;0;0;0;0;0;2;0;0;0;0
"25/02/2024";"02:15:00";"266";"Com vítima";"29,000";"BR-50/MG";"Crescente";"Capotamento";0;0;0;0;0;0;0;0;0;0;2;3;0;0;0
"27/02/2024";"01:46:00";"15";"Com vítima";"180,050";"BR-50/MG";"Crescente";"Tombamento";0;0;0;0;0;0;0;0;0;0;0;0;1;0;0
"29/02/2024";"03:03:00";"47";"Com vítima";"131,800";"BR-50/MG";"Decrescente";"Colisão traseira";0;0;0;0;0;0;0;0;0;0;1;0;0;2;0
"29/02/2024";"10:07:00";"295";"Com vítima";"1,075";"BR-50/MG";"Crescente";"Capotamento";0;0;0;0;0;0;0;0;0;0;0;1;0;0;0
"29/02/2024";"04:34:00";"441";"Com vítima";"177,700";"BR-50/MG";"Decrescente";"Colisão traseira";0;0;0;0;0;0;0;0;0;0;3;0;1;0;0
"01/03/2024";"02:45:00";"36";"Sem vítima";"264,900";"BR-50/MG";"Decrescente";"Choque";0;0;0;0;0;0;0;0;0;0;2;0;0;0;0
"01/03/2024";"04:08:00";"68";"Sem vítima";"0,340";"BR-50/MG";"Crescente";"Choque";0;0;0;0;0;0;0;0;0;0;1;0;0;0;0
"01/03/2024";"02:16:00";"306";"Sem vítima";"180,000";"BR-50/MG";"Decrescente";"Engavetamento";0;0;0;0;0;0;0;0;0;0;3;0;0;0;0
"01/03/2024";"03:54:00";"339";"Sem vítima";"16,070";"BR-50/MG";"Decrescente";"Choque";0;0;0;0;0;0;0;0;0;0;3;0;0;0;0
"01/03/2024";"04:43:00";"363";"Sem vítima";"173,000";"BR-50/MG";"Crescente";"Choque";0;0;0;0;0;0;0;0;0;0;1;0;0;0;0
"01/03/2024";"09:45:00";"7";"Sem vítima";"96,000";"BR-50/MG";"Decrescente";"Colisão traseira";0;0;0;0;0;0;0;0;0;0;3;0;0;0;0
"02/03/2024";"05:12:00";"90";"Com vítima";"194,950";"BR-50/MG";"Crescente";"Colisão traseira";0;0;0;0;0;0;0;0;0;0;2;2;0;0;0
"02/03/2024";"11:07:00";"199";"Com vítima";"197,000";"BR-50/MG";"Decrescente";"Capotamento";0;0;0;0;0;0;0;0;0;0;0;0;0;1;2
"03/03/2024";"11:49:00";"13";"Com vítima";"203,340";"BR-50/MG";"Decrescente";"Capotamento";0;0;0;0;0;0;0;0;0;0;0;1;0;0;0
"04/03/2024";"08:48:00";"229";"Com vítima";"98,000";"BR-50/MG";"Decrescente";"Colisão transversal";0;0;0;0;0;0;0;0;0;0;1;1;0;0;0
"05/03/2024";"07:17:00";"335";"Com vítima";"59,400";"BR-50/MG";"Decrescente";"Atropelamento de animal";0;0;0;0;0;0;0;0;0;0;2;0;0;0;0
"06/03/2024";"06:00:00";"138";"Com vítima";"176,100";"BR-50/MG";"Decrescente";"Colisão traseira";0;0;0;0;0;0;0;0;0;0;2;1;0;0;0
"06/03/2024";"09:28:00";"223";"Com vítima";"194,600";"BR-50/MG";"Crescente";"Tombamento";0;0;0;0;0;0;0;0;0;0;0;1;0;0;0
"06/03/2024";"09:35:00";"224";"Sem vítima";"194,300";"BR-50/MG";"Crescente";"Colisão traseira";0;0;0;0;0;0;0;0;0;0;3;0;0;0;0
"06/03/2024";"03:41:00";"300";"Com vítima";"28,000";"BR-50/MG";"Crescente";"Tombamento";0;0;0;0;0;0;0;0;0;0;0;1;0;0;0
"06/03/2024";"03:56:00";"303";"Sem vítima";"175,500";"BR-50/MG";"Decrescente";"Colisão traseira";0;0;0;0;0;0;0;0;0;0;2;0;0;0;0
"06/03/2024";"07:20:00";"347";"Com vítima";"119,050";"BR-50/MG";"Decrescente";"Colisão transversal";0;0;0;0;0;0;0;0;0;0;1;1;0;0;0
"07/03/2024";"02:55:00";"31";"Sem vítima";"55,800";"BR-50/MG";"Crescente";"Choque";0;0;0;0;0;0;0;0;0;0;1;0;0;0;0
"07/03/2024";"11:08:00";"248";"Sem vítima";"165,000";"BR-50/MG";"Crescente";"Tombamento";0;0;0;0;0;0;0;0;0;0;1;0;0;0;0
"07/03/2024";"11:33:00";"257";"Sem vítima";"165,000";"BR-50/MG";"Crescente";"Colisão traseira";0;0;0;0;0;0;0;0;0;0;4;0;0;0;0
"07/03/2024";"12:44:00";"278";"Com vítima";"155,705";"BR-50/MG";"Crescente";"Choque";0;0;0;0;0;0;0;0;0;0;3;0;1;0;0
"07/03/2024";"01:35:00";"285";"Sem vítima";"187,950";"BR-50/MG";"Crescente";"Choque";0;0;0;0;0;0;0;0;0;0;1;0;0;0;0
"07/03/2024";"01:51:00";"289";"Sem vítima";"115,190";"BR-50/MG";"Decrescente";"Tombamento";0;0;0;0;0;0;0;0;0;0;2;0;0;0;0
"07/03/2024";"02:06:00";"293";"Sem vítima";"115,150";"BR-50/MG";"Decrescente";"Choque";0;0;0;0;0;0;0;0;0;0;1;0;0;0;0
"07/03/2024";"02:06:00";"294";"Sem vítima";"115,250";"BR-50/MG";"Decrescente";"Choque";0;0;0;0;0;0;0;0;0;0;5;0;0;0;0
"07/03/2024";"02:06:00";"297";"Sem vítima";"115,300";"BR-50/MG";"Decrescente";"Choque";0;0;0;0;0;0;0;0;0;0;1;0;0;0;0
"07/03/2024";"03:36:00";"317";"Com vítima";"134,100";"BR-50/MG";"Crescente";"Tombamento";0;0;0;0;0;0;0;0;0;0;0;3;0;0;0
"07/03/2024";"08:17:00";"378";"Sem vítima";"112,800";"BR-50/MG";"Crescente";"Tombamento";0;0;0;0;0;0;0;0;0;0;1;0;0;0;0
"08/03/2024";"03:05:00";"37";"Sem vítima";"196,100";"BR-50/MG";"Crescente";"Choque";0;0;0;0;0;0;0;0;0;0;2;0;0;0;0
"08/03/2024";"08:32:00";"203";"Sem vítima";"20,230";"BR-50/MG";"Crescente";"Capotamento";0;0;0;0;0;0;0;0;0;0;1;0;0;0;0
"09/03/2024";"01:40:00";"38";"Sem vítima";"303,220";"BR-50/MG";"Crescente";"Tombamento";0;0;0;0;0;0;0;0;0;0;1;0;0;0;0
"09/03/2024";"04:08:00";"64";"Com vítima";"215,000";"BR-50/MG";"Crescente";"Colisão traseira";0;0;0;0;0;0;0;0;0;0;2;0;1;0;0
"09/03/2024";"11:10:00";"185";"Com vítima";"311,600";"BR-50/MG";"Crescente";"Queda de moto";0;0;0;0;0;0;0;0;0;0;0;2;0;0;0
"09/03/2024";"05:00:00";"264";"Sem vítima";"115,050";"BR-50/MG";"Decrescente";"Choque";0;0;0;0;0;0;0;0;0;0;3;0;0;0;0
"09/03/2024";"07:43:00";"297";"Sem vítima";"173,700";"BR-50/MG";"Crescente";"Colisão traseira";0;0;0;0;0;0;0;0;0;0;2;0;0;0;0
"10/03/2024";"02:51:00";"17";"Com vítima";"4,000";"BR-50/MG";"Decrescente";"Choque";0;0;0;0;0;0;0;0;0;0;4;1;0;0;0
"10/03/2024";"04:47:00";"36";"Sem vítima";"3,700";"BR-50/MG";"Crescente";"Choque";0;0;0;0;0;0;0;0;0;0;3;0;0;0;0
"10/03/2024";"11:36:00";"139";"Com vítima";"115,050";"BR-50/MG";"Decrescente";"Queda de moto";0;0;0;0;0;0;0;0;0;0;0;2;0;0;0
"10/03/2024";"01:16:00";"166";"Sem vítima";"62,000";"BR-50/MG";"Decrescente";"Capotamento";0;0;0;0;0;0;0;0;0;0;3;0;0;0;0
"11/03/2024";"12:17:00";"289";"Sem vítima";"203,700";"BR-50/MG";"Crescente";"Choque";0;0;0;0;0;0;0;0;0;0;2;0;0;0;0
"11/03/2024";"12:26:00";"291";"Com vítima";"207,100";"BR-50/MG";"Decrescente";"Atropelamento de animal";0;0;0;0;0;0;0;0;0;0;3;0;0;0;0
"11/03/2024";"01:50:00";"314";"Sem vítima";"173,300";"BR-50/MG";"Crescente";"Choque";0;0;0;0;0;0;0;0;0;0;2;0;0;0;0
"11/03/2024";"08:12:00";"400";"Com vítima";"59,000";"BR-50/MG";"Crescente";"Colisão traseira";0;0;0;0;0;0;0;0;0;0;1;0;1;0;0
"12/03/2024";"09:07:00";"229";"Sem vítima";"185,700";"BR-50/MG";"Decrescente";"Colisão lateral no mesmo sentido";0;0;0;0;0;0;0;0;0;0;2;0;0;0;0
"13/03/2024";"09:42:00";"216";"Sem vítima";"114,850";"BR-50/MG";"Decrescente";"Colisão lateral no mesmo sentido";0;0;0;0;0;0;0;0;0;0;2;0;0;0;0
"13/03/2024";"11:28:00";"244";"Sem vítima";"298,000";"BR-50/MG";"Decrescente";"Choque";0;0;0;0;0;0;0;0;0;0;2;0;0;0;0
"13/03/2024";"11:31:00";"245";"Com vítima";"137,000";"BR-50/MG";"Decrescente";"Capotamento";0;0;0;0;0;0;0;0;0;0;0;1;0;0;0
"14/03/2024";"09:18:00";"204";"Com vítima";"43,320";"BR-50/MG";"Decrescente";"Choque";0;0;0;0;0;0;0;0;0;0;0;1;0;0;0
"14/03/2024";"10:55:00";"223";"Com vítima";"61,200";"BR-50/MG";"Crescente";"Colisão traseira";0;0;0;0;0;0;0;0;0;0;0;2;0;0;0
"14/03/2024";"12:59:00";"262";"Sem vítima";"228,000";"BR-50/MG";"Crescente";"Choque";0;0;0;0;0;0;0;0;0;0;2;0;0;0;0
"14/03/2024";"03:58:00";"314";"Com vítima";"53,300";"BR-50/MG";"Crescente";"Colisão traseira";0;0;0;0;0;0;0;0;0;0;1;1;0;0;0
"14/03/2024";"04:43:00";"332";"Sem vítima";"40,300";"BR-50/MG";"Decrescente";"Choque";0;0;0;0;0;0;0;0;0;0;2;0;0;0;0
"14/03/2024";"06:23:00";"362";"Com vítima";"278,000";"BR-50/MG";"Crescente";"Choque";0;0;0;0;0;0;0;0;0;0;0;0;0;0;0
"14/03/2024";"07:13:00";"375";"Com vítima";"169,000";"BR-50/MG";"Decrescente";"Atropelamento de animal";0;0;0;0;0;0;0;0;0;0;5;2;0;0;0
"15/03/2024";"08:56:00";"215";"Com vítima";"98,980";"BR-50/MG";"Crescente";"Tombamento";0;0;0;0;0;0;0;0;0;0;0;1;0;0;0
"15/03/2024";"10:24:00";"239";"Sem vítima";"281,800";"BR-50/MG";"Crescente";"Colisão traseira";0;0;0;0;0;0;0;0;0;0;3;0;0;0;0
"15/03/2024";"09:12:00";"5";"Com vítima";"176,900";"BR-50/MG";"Crescente";"Queda de moto";0;0;0;0;0;0;0;0;0;0;0;1;0;0;0
"15/03/2024";"11:20:00";"18";"Com vítima";"307,700";"BR-50/MG";"Crescente";"Choque";0;0;0;0;0;0;0;0;0;0;49;0;1;0;0
"16/03/2024";"01:07:00";"28";"Sem vítima";"123,000";"BR-50/MG";"Decrescente";"Colisão traseira";0;0;0;0;0;0;0;0;0;0;2;0;0;0;0
"16/03/2024";"07:46:00";"164";"Com vítima";"56,000";"BR-50/MG";"Crescente";"Queda de moto";0;0;0;0;0;0;0;0;0;0;0;2;0;0;0
"16/03/2024";"11:28:00";"225";"Sem vítima";"177,650";"BR-50/MG";"Decrescente";"Choque";0;0;0;0;0;0;0;0;0;0;3;0;0;0;0
"16/03/2024";"03:08:00";"295";"Com vítima";"94,800";"BR-50/MG";"Decrescente";"Colisão traseira";0;0;0;0;0;0;0;0;0;0;1;1;0;0;0
"16/03/2024";"06:51:00";"358";"Sem vítima";"147,250";"BR-50/MG";"Decrescente";"Choque";0;0;0;0;0;0;0;0;0;0;1;0;0;0;0
"17/03/2024";"01:05:00";"42";"Com vítima";"282,300";"BR-50/MG";"Decrescente";"Atropelamento de pedestre";0;0;0;0;0;0;0;0;0;0;4;0;0;0;0
"17/03/2024";"03:27:00";"65";"Com vítima";"160,800";"BR-50/MG";"Crescente";"Capotamento";0;0;0;0;0;0;0;0;0;0;2;2;0;0;0
"17/03/2024";"01:34:00";"233";"Sem vítima";"133,500";"BR-50/MG";"Crescente";"Capotamento";0;0;0;0;0;0;0;0;0;0;1;0;0;0;0
"18/03/2024";"12:45:00";"18";"Sem vítima";"172,050";"BR-50/MG";"Decrescente";"Choque";0;0;0;0;0;0;0;0;0;0;1;0;0;0;0
"18/03/2024";"08:32:00";"198";"Sem vítima";"96,000";"BR-50/MG";"Decrescente";"Colisão traseira";0;0;0;0;0;0;0;0;0;0;2;0;0;0;0
"18/03/2024";"11:16:00";"229";"Sem vítima";"146,420";"BR-50/MG";"Crescente";"Choque";0;0;0;0;0;0;0;0;0;0;4;0;0;0;0
"18/03/2024";"01:45:00";"274";"Com vítima";"152,700";"BR-50/MG";"Decrescente";"Tombamento";0;0;0;0;0;0;0;0;0;0;0;0;0;0;1
"18/03/2024";"04:04:00";"326";"Com vítima";"181,700";"BR-50/MG";"Decrescente";"Atropelamento de animal";0;0;0;0;0;0;0;0;0;0;0;0;1;0;0
"18/03/2024";"04:43:00";"335";"Com vítima";"178,000";"BR-50/MG";"Decrescente";"Capotamento";0;0;0;0;0;0;0;0;0;0;0;1;0;0;0
"19/03/2024";"03:30:00";"32";"Sem vítima";"212,800";"BR-50/MG";"Crescente";"Choque";0;0;0;0;0;0;0;0;0;0;2;0;0;0;0
"19/03/2024";"05:02:00";"90";"Sem vítima";"141,900";"BR-50/MG";"Decrescente";"Choque";0;0;0;0;0;0;0;0;0;0;1;0;0;0;0
"19/03/2024";"06:37:00";"149";"Sem vítima";"198,060";"BR-50/MG";"Decrescente";"Colisão traseira";0;0;0;0;0;0;0;0;0;0;2;0;0;0;0
"19/03/2024";"03:56:00";"349";"Com vítima";"157,216";"BR-50/MG";"Decrescente";"Atropelamento de pedestre";0;0;0;0;0;0;0;0;0;0;1;0;0;0;0
"19/03/2024";"06:15:00";"394";"Com vítima";"189,600";"BR-50/MG";"Decrescente";"Colisão traseira";0;0;0;0;0;0;0;0;0;0;2;0;0;0;1
"19/03/2024";"09:00:00";"1";"Sem vítima";"152,000";"BR-50/MG";"Decrescente";"Colisão traseira";0;0;0;0;0;0;0;0;0;0;2;0;0;0;0
"20/03/2024";"01:47:00";"25";"Com vítima";"52,900";"BR-50/MG";"Decrescente";"Colisão traseira";0;0;0;0;0;0;0;0;0;0;1;0;1;0;0
"20/03/2024";"04:37:00";"79";"Sem vítima";"58,150";"BR-50/MG";"Decrescente";"Colisão traseira";0;0;0;0;0;0;0;0;0;0;2;0;0;0;0
"20/03/2024";"08:14:00";"196";"Sem vítima";"115,400";"BR-50/MG";"Decrescente";"Choque";0;0;0;0;0;0;0;0;0;0;1;0;0;0;0
"20/03/2024";"10:04:00";"241";"Sem vítima";"97,700";"BR-50/MG";"Decrescente";"Colisão transversal";0;0;0;0;0;0;0;0;0;0;2;0;0;0;0
"20/03/2024";"04:07:00";"377";"Com vítima";"279,500";"BR-50/MG";"Crescente";"Colisão transversal";0;0;0;0;0;0;0;0;0;0;2;0;2;0;0
"21/03/2024";"04:16:00";"316";"Sem vítima";"147,700";"BR-50/MG";"Crescente";"Choque";0;0;0;0;0;0;0;0;0;0;1;0;0;0;0
"22/03/2024";"02:54:00";"17";"Sem vítima";"175,000";"BR-50/MG";"Crescente";"Capotamento";0;0;0;0;0;0;0;0;0;0;1;0;0;0;0
"22/03/2024";"08:43:00";"184";"Sem vítima";"82,800";"BR-50/MG";"Crescente";"Colisão traseira";0;0;0;0;0;0;0;0;0;0;2;0;0;0;0
"22/03/2024";"11:43:00";"229";"Sem vítima";"1,500";"BR-50/MG";"Crescente";"Capotamento";0;0;0;0;0;0;0;0;0;0;1;0;0;0;0
"22/03/2024";"12:38:00";"247";"Sem vítima";"59,000";"BR-50/MG";"Decrescente";"Choque";0;0;0;0;0;0;0;0;0;0;3;0;0;0;0
"22/03/2024";"02:22:00";"275";"Com vítima";"190,500";"BR-50/MG";"Crescente";"Colisão traseira";0;0;0;0;0;0;0;0;0;0;3;1;0;0;0
"23/03/2024";"05:32:00";"89";"Sem vítima";"173,000";"BR-50/MG";"Crescente";"Capotamento";0;0;0;0;0;0;0;0;0;0;1;0;0;0;0
"23/03/2024";"10:06:00";"191";"Sem vítima";"199,600";"BR-50/MG";"Decrescente";"Capotamento";0;0;0;0;0;0;0;0;0;0;1;0;0;0;0
"23/03/2024";"01:43:00";"253";"Com vítima";"57,200";"BR-50/MG";"Decrescente";"Tombamento";0;0;0;0;0;0;0;0;0;0;0;1;0;0;0
"24/03/2024";"05:01:00";"82";"Sem vítima";"101,400";"BR-50/MG";"Crescente";"Choque";0;0;0;0;0;0;0;0;0;0;1;0;0;0;0
"24/03/2024";"11:31:00";"171";"Com vítima";"178,150";"BR-50/MG";"Crescente";"Choque";0;0;0;0;0;0;0;0;0;0;0;1;0;0;0
"25/03/2024";"05:48:00";"111";"Sem vítima";"150,000";"BR-50/MG";"Crescente";"Tombamento";0;0;0;0;0;0;0;0;0;0;1;0;0;0;0
"25/03/2024";"11:50:00";"212";"Com vítima";"193,500";"BR-50/MG";"Crescente";"Colisão lateral no mesmo sentido";0;0;0;0;0;0;0;0;0;0;2;0;1;0;0
"25/03/2024";"12:13:00";"224";"Com vítima";"194,490";"BR-50/MG";"Crescente";"Atropelamento de pedestre";0;0;0;0;0;0;0;0;0;0;1;0;0;0;0
"25/03/2024";"01:36:00";"239";"Sem vítima";"10,250";"BR-50/MG";"Crescente";"Choque";0;0;0;0;0;0;0;0;0;0;1;0;0;0;0
"25/03/2024";"02:20:00";"250";"Sem vítima";"157,400";"BR-50/MG";"Crescente";"Choque";0;0;0;0;0;0;0;0;0;0;1;0;0;0;0