data;horario;n_da_ocorrencia;tipo_de_ocorrencia;km;trecho;sentido;tipo_de_acidente;automovel;bicicleta;caminhao;moto;onibus;outros;tracao_animal;transporte_de_cargas_especiais;trator_maquinas;utilitarios;ilesos;levemente_feridos;moderadamente_feridos;gravemente_feridos;mortos
"26/03/2024";"11:43:00";"172";"Sem vítima";"180,000";"BR-50/MG";"Crescente";"Queda de moto";0;0;0;0;0;0;0;0;0;0;1;0;0;0;0
"26/03/2024";"11:58:00";"175";"Com vítima";"180,000";"BR-50/MG";"Crescente";"Queda de moto";0;0;0;0;0;0;0;0;0;0;0;2;0;0;0
"26/03/2024";"12:46:00";"195";"Com vítima";"55,860";"BR-50/MG";"Crescente";"Capotamento";0;0;0;0;0;0;0;0;0;0;0;1;0;0;0
"26/03/2024";"01:53:00";"210";"Sem vítima";"16,950";"BR-50/MG";"Decrescente";"Choque";0;0;0;0;0;0;0;0;0;0;2;0;0;0;0
"26/03/2024";"08:41:00";"280";"Sem vítima";"83,700";"BR-50/MG";"Decrescente";"Capotamento";0;0;0;0;0;0;0;0;0;0;1;0;0;0;0
"27/03/2024";"12:23:00";"262";"Sem vítima";"54,000";"BR-50/MG";"Decrescente";"Choque";0;0;0;0;0;0;0;0;0;0;2;0;0;0;0
"27/03/2024";"02:04:00";"290";"Sem vítima";"261,900";"BR-50/MG";"Crescente";"Choque";0;0;0;0;0;0;0;0;0;0;3;0;0;0;0
"27/03/2024";"04:50:00";"337";"Com vítima";"178,700";"BR-50/MG";"Decrescente";"Queda de moto";0;0;0;0;0;0;0;0;0;0;1;0;1;0;0
"28/03/2024";"03:03:00";"52";"Sem vítima";"114,600";"BR-50/MG";"Decrescente";"Colisão lateral no mesmo sentido";0;0;0;0;0;0;0;0;0;0;3;0;0;0;0
"28/03/2024";"05:51:00";"156";"Sem vítima";"155,050";"BR-50/MG";"Crescente";"Choque";0;0;0;0;0;0;0;0;0;0;1;0;0;0;0
"28/03/2024";"07:30:00";"210";"Sem vítima";"177,000";"BR-50/MG";"Crescente";"Colisão traseira";0;0;0;0;0;0;0;0;0;0;3;0;0;0;0
"28/03/2024";"09:49:00";"275";"Sem vítima";"18,900";"BR-50/MG";"Crescente";"Choque";0;0;0;0;0;0;0;0;0;0;1;0;0;0;0
"28/03/2024";"12:35:00";"331";"Com vítima";"29,738";"BR-50/MG";"Crescente";"Choque";0;0;0;0;0;0;0;0;0;0;1;1;0;0;0
"28/03/2024";"04:21:00";"422";"Sem vítima";"121,000";"BR-50/MG";"Crescente";"Choque";0;0;0;0;0;0;0;0;0;0;5;0;0;0;0
"28/03/2024";"11:02:00";"24";"Com vítima";"183,000";"BR-50/MG";"Crescente";"Choque";0;0;0;0;0;0;0;0;0;0;0;1;0;0;0
"29/03/2024";"06:37:00";"132";"Sem vítima";"22,000";"BR-50/MG";"Crescente";"Choque";0;0;0;0;0;0;0;0;0;0;2;0;0;0;0
"29/03/2024";"05:04:00";"293";"Com vítima";"174,150";"BR-50/MG";"Decrescente";"Choque";0;0;0;0;0;0;0;0;0;0;1;1;0;0;0
"30/03/2024";"09:01:00";"157";"Sem vítima";"26,850";"BR-50/MG";"Crescente";"Choque";0;0;0;0;0;0;0;0;0;0;1;0;0;0;0
"31/03/2024";"01:14:00";"22";"Sem vítima";"299,000";"BR-50/MG";"Crescente";"Choque";0;0;0;0;0;0;0;0;0;0;1;0;0;0;0
"31/03/2024";"02:19:00";"31";"Sem vítima";"105,000";"BR-50/MG";"Crescente";"Choque";0;0;0;0;0;0;0;0;0;0;1;0;0;0;0
"31/03/2024";"04:31:00";"61";"Sem vítima";"96,000";"BR-50/MG";"Crescente";"Choque";0;0;0;0;0;0;0;0;0;0;1;0;0;0;0
"31/03/2024";"06:33:00";"354";"Sem vítima";"10,200";"BR-50/MG";"Crescente";"Colisão traseira";0;0;0;0;0;0;0;0;0;0;6;0;0;0;0
"01/04/2024";"10:18:00";"257";"Com vítima";"107,000";"BR-50/MG";"Decrescente";"Queda de bicicleta";0;1;0;0;0;0;0;0;0;0;0;0;0;0;0
"01/04/2024";"04:15:00";"389";"Com vítima";"101,900";"BR-50/MG";"Decrescente";"Colisão traseira";1;0;0;0;0;0;0;0;0;1;4;0;1;0;0
"01/04/2024";"04:31:00";"396";"Com vítima";"7,900";"BR-50/MG";"Decrescente";"Colisão traseira";0;0;1;0;0;1;0;0;0;0;1;1;1;0;0
"01/04/2024";"04:39:00";"399";"Com vítima";"102,150";"BR-50/MG";"Decrescente";"Colisão traseira";1;0;0;0;0;0;0;0;0;1;2;0;1;0;0
"01/04/2024";"07:26:00";"446";"Sem vítima";"39,900";"BR-50/MG";"Decrescente";"Colisão transversal";0;0;0;0;0;2;0;0;0;0;2;0;0;0;0
"02/04/2024";"05:39:00";"131";"Sem vítima";"127,100";"BR-50/MG";"Crescente";"Choque";1;0;0;0;0;0;0;0;0;0;1;0;0;0;0
"02/04/2024";"04:30:00";"312";"Sem vítima";"107,600";"BR-50/MG";"Decrescente";"Choque";1;0;0;0;0;0;0;0;0;0;2;0;0;0;0
"03/04/2024";"07:11:00";"164";"Com vítima";"133,200";"BR-50/MG";"Crescente";"Capotamento";0;0;0;0;0;2;0;0;0;0;1;1;0;0;0
"03/04/2024";"11:20:00";"235";"Sem vítima";"97,300";"BR-50/MG";"Crescente";"Colisão transversal";2;0;0;0;0;0;0;0;0;0;2;0;0;0;0
"04/04/2024";"04:50:00";"88";"Com vítima";"127,000";"BR-50/MG";"Decrescente";"Colisão traseira";1;0;0;0;0;1;0;0;0;0;1;0;0;1;0
"04/04/2024";"08:57:00";"416";"Com vítima";"194,400";"BR-50/MG";"Decrescente";"Atropelamento de animal";0;0;0;0;0;0;0;0;0;1;1;0;0;0;0
"04/04/2024";"10:00:00";"7";"Sem vítima";"7,500";"BR-50/MG";"Crescente";"Capotamento";0;0;0;0;0;0;0;0;0;1;1;0;0;0;0
"05/04/2024";"04:54:00";"403";"Sem vítima";"284,850";"BR-50/MG";"Crescente";"Choque";1;0;0;0;0;0;0;0;0;0;1;0;0;0;0
"06/04/2024";"04:42:00";"80";"Sem vítima";"31,000";"BR-50/MG";"Decrescente";"Capotamento";1;0;0;0;0;1;0;0;0;0;2;0;0;0;0
"06/04/2024";"06:12:00";"123";"Com vítima";"177,800";"BR-50/MG";"Crescente";"Queda de moto";0;0;0;1;0;0;0;0;0;0;0;0;2;0;0
"06/04/2024";"07:58:00";"158";"Sem vítima";"36,680";"BR-50/MG";"Crescente";"Choque";0;0;0;0;0;0;0;0;0;1;2;0;0;0;0
"06/04/2024";"09:55:00";"199";"Sem vítima";"142,000";"BR-50/MG";"Decrescente";"Colisão lateral no mesmo sentido";0;0;1;0;0;1;0;0;0;0;2;0;0;0;0
"06/04/2024";"01:54:00";"270";"Com vítima";"293,000";"BR-50/MG";"Decrescente";"Choque";0;0;0;0;0;0;0;0;0;1;1;1;0;0;0
"06/04/2024";"07:02:00";"343";"Sem vítima";"117,250";"BR-50/MG";"Decrescente";"Choque";0;0;1;0;0;0;0;0;0;0;1;0;0;0;0
"07/04/2024";"12:01:00";"7";"Com vítima";"85,000";"BR-50/MG";"Decrescente";"Colisão traseira";1;0;0;0;0;1;0;0;0;0;3;1;1;0;0
"07/04/2024";"07:46:00";"106";"Com vítima";"142,000";"BR-50/MG";"Decrescente";"Queda de moto";0;0;0;1;0;0;0;0;0;0;0;0;1;0;0
"08/04/2024";"03:54:00";"362";"Com vítima";"203,200";"BR-50/MG";"Crescente";"Queda de moto";0;0;0;1;0;0;0;0;0;0;0;0;1;0;0
"09/04/2024";"04:31:00";"385";"Com vítima";"105,300";"BR-50/MG";"Decrescente";"Choque";1;0;0;0;0;0;0;0;0;0;0;1;0;0;0
"09/04/2024";"07:42:00";"418";"Com vítima";"112,800";"BR-50/MG";"Crescente";"Colisão traseira";1;0;0;0;0;1;0;0;0;0;1;0;1;0;0
"10/04/2024";"03:40:00";"49";"Sem vítima";"306,500";"BR-50/MG";"Crescente";"Choque";0;0;0;0;0;1;0;0;0;0;1;0;0;0;0
"10/04/2024";"04:27:00";"90";"Sem vítima";"179,100";"BR-50/MG";"Crescente";"Colisão traseira";0;0;0;0;0;1;0;0;0;1;2;0;0;0;0
"10/04/2024";"11:33:00";"272";"Sem vítima";"51,475";"BR-50/MG";"Decrescente";"Colisão traseira";1;0;0;0;0;0;0;0;0;1;4;0;0;0;0
"11/04/2024";"06:53:00";"166";"Sem vítima";"29,000";"BR-50/MG";"Crescente";"Colisão lateral no mesmo sentido";0;0;1;0;0;1;0;0;0;0;2;0;0;0;0
"11/04/2024";"07:16:00";"175";"Com vítima";"48,280";"BR-50/MG";"Crescente";"Tombamento";0;0;0;0;0;0;0;0;0;1;1;1;0;0;0
"11/04/2024";"02:06:00";"292";"Sem vítima";"62,000";"BR-50/MG";"Decrescente";"Colisão lateral no mesmo sentido";0;0;0;0;0;2;0;0;0;0;2;0;0;0;0
"12/04/2024";"08:33:00";"237";"Sem vítima";"103,240";"BR-50/MG";"Crescente";"Choque";1;0;0;0;0;0;0;0;0;0;2;0;0;0;0
"12/04/2024";"10:19:00";"268";"Sem vítima";"107,650";"BR-50/MG";"Crescente";"Choque";1;0;0;0;0;0;0;0;0;0;2;0;0;0;0
"12/04/2024";"11:16:00";"290";"Sem vítima";"193,000";"BR-50/MG";"Crescente";"Engavetamento";2;0;0;0;0;1;0;0;0;0;3;0;0;0;0
"12/04/2024";"06:46:00";"420";"Com vítima";"146,000";"BR-50/MG";"Decrescente";"Capotamento";1;0;0;0;0;0;0;0;0;0;0;0;1;0;0
"13/04/2024";"06:25:00";"331";"Sem vítima";"253,000";"BR-50/MG";"Decrescente";"Capotamento";1;0;0;0;0;0;0;0;0;0;3;0;0;0;0
"14/04/2024";"12:07:00";"25";"Com vítima";"17,000";"BR-50/MG";"Crescente";"Choque";1;0;0;0;0;0;0;0;0;0;0;1;0;0;0
"14/04/2024";"04:53:00";"243";"Sem vítima";"106,000";"BR-50/MG";"Crescente";"Choque";1;0;0;0;0;0;0;0;0;0;2;0;0;0;0
"15/04/2024";"06:59:00";"162";"Sem vítima";"141,000";"BR-50/MG";"Crescente";"Colisão lateral no mesmo sentido";1;0;0;0;0;1;0;0;0;0;2;0;0;0;0
"15/04/2024";"09:00:00";"211";"Com vítima";"50,000";"BR-50/MG";"Decrescente";"Capotamento";1;0;0;0;0;0;0;0;0;0;0;2;0;0;0
"15/04/2024";"09:13:00";"213";"Com vítima";"158,700";"BR-50/MG";"Crescente";"Colisão transversal";0;0;0;1;0;0;0;0;0;1;4;2;0;0;0
"16/04/2024";"08:08:00";"207";"Com vítima";"141,800";"BR-50/MG";"Crescente";"Capotamento";1;0;0;0;0;0;0;0;0;0;0;1;1;0;0
"16/04/2024";"09:42:00";"235";"Com vítima";"141,950";"BR-50/MG";"Decrescente";"Capotamento";1;0;0;0;0;0;0;0;0;0;0;1;0;0;0
"17/04/2024";"03:53:00";"42";"Com vítima";"98,010";"BR-50/MG";"Crescente";"Colisão lateral em sentido contrário";0;0;0;0;1;1;0;0;0;0;8;0;1;0;0
"17/04/2024";"07:49:00";"191";"Sem vítima";"51,300";"BR-50/MG";"Crescente";"Tombamento";1;0;0;0;0;0;0;0;0;0;1;0;0;0;0
"17/04/2024";"07:57:00";"197";"Sem vítima";"241,400";"BR-50/MG";"Decrescente";"Choque";0;0;0;0;0;0;0;0;0;1;1;0;0;0;0
"17/04/2024";"09:05:00";"228";"Com vítima";"179,700";"BR-50/MG";"Decrescente";"Queda de moto";0;0;0;1;0;0;0;0;0;0;0;1;0;0;0
"17/04/2024";"09:06:00";"229";"Com vítima";"269,100";"BR-50/MG";"Crescente";"Capotamento";1;0;0;0;0;0;0;0;0;0;0;1;0;0;0
"17/04/2024";"01:50:00";"342";"Sem vítima";"145,000";"BR-50/MG";"Decrescente";"Colisão traseira";0;0;0;0;0;0;0;0;0;1;1;0;0;0;0
"17/04/2024";"03:57:00";"378";"Com vítima";"239,700";"BR-50/MG";"Crescente";"Colisão traseira";0;0;1;0;0;0;0;0;0;1;1;0;0;0;1
"17/04/2024";"04:21:00";"388";"Com vítima";"237,200";"BR-50/MG";"Crescente";"Colisão traseira";0;0;1;0;0;1;0;0;0;0;1;0;1;0;0
"18/04/2024";"05:17:00";"131";"Sem vítima";"177,600";"BR-50/MG";"Decrescente";"Queda de moto";0;0;0;1;0;0;0;0;0;0;1;0;0;0;0
"18/04/2024";"08:18:00";"251";"Sem vítima";"97,600";"BR-50/MG";"Crescente";"Choque";1;0;0;0;0;0;0;0;0;0;1;0;0;0;0
"18/04/2024";"01:51:00";"357";"Sem vítima";"308,500";"BR-50/MG";"Crescente";"Colisão lateral no mesmo sentido";1;0;0;0;0;1;0;0;0;0;2;0;0;0;0
"19/04/2024";"03:32:00";"40";"Com vítima";"175,050";"BR-50/MG";"Crescente";"Queda de moto";0;0;0;1;0;0;0;0;0;0;1;1;0;0;0
"19/04/2024";"03:50:00";"45";"Sem vítima";"175,000";"BR-50/MG";"Crescente";"Engavetamento";2;0;0;0;0;0;0;0;0;1;3;0;0;0;0
"19/04/2024";"06:51:00";"372";"Sem vítima";"204,300";"BR-50/MG";"Crescente";"Colisão traseira";1;0;1;0;0;0;0;0;0;0;2;0;0;0;0
"20/04/2024";"10:55:00";"250";"Sem vítima";"267,030";"BR-50/MG";"Crescente";"Atropelamento de animal";1;0;0;0;0;0;0;0;0;0;1;0;0;0;0
"20/04/2024";"07:54:00";"392";"Sem vítima";"116,500";"BR-50/MG";"Crescente";"Choque";0;0;0;0;0;0;0;0;0;1;1;0;0;0;0
"21/04/2024";"04:13:00";"63";"Com vítima";"42,500";"BR-50/MG";"Decrescente";"Colisão traseira";1;0;0;0;0;1;0;0;0;0;1;1;1;0;0
"21/04/2024";"07:53:00";"127";"Com vítima";"209,000";"BR-50/MG";"Crescente";"Capotamento";1;0;0;0;0;0;0;0;0;0;0;1;0;0;0
"21/04/2024";"06:26:00";"325";"Sem vítima";"184,000";"BR-50/MG";"Decrescente";"Colisão lateral no mesmo sentido";1;0;0;0;0;1;0;0;0;0;2;0;0;0;0
"22/04/2024";"09:59:00";"260";"Com vítima";"176,050";"BR-50/MG";"Decrescente";"Choque";0;0;0;0;0;0;0;0;0;1;0;1;1;0;0
"22/04/2024";"03:43:00";"366";"Com vítima";"177,500";"BR-50/MG";"Crescente";"Colisão lateral no mesmo sentido";1;0;0;1;0;0;0;0;0;0;1;1;0;0;0
"22/04/2024";"03:51:00";"367";"Sem vítima";"59,900";"BR-50/MG";"Crescente";"Colisão traseira";1;0;0;0;0;1;0;0;0;0;2;0;0;0;0
"23/04/2024";"05:10:00";"100";"Sem vítima";"179,000";"BR-50/MG";"Decrescente";"Engavetamento";0;0;2;0;0;0;0;0;0;1;3;0;0;0;0
"23/04/2024";"08:56:00";"192";"Sem vítima";"91,000";"BR-50/MG";"Decrescente";"Choque";1;0;0;0;0;0;0;0;0;0;1;0;0;0;0
"23/04/2024";"11:26:00";"226";"Com vítima";"186,600";"BR-50/MG";"Decrescente";"Queda de moto";0;0;0;1;0;0;0;0;0;0;0;2;0;0;0
"23/04/2024";"12:17:00";"244";"Com vítima";"125,300";"BR-50/MG";"Decrescente";"Tombamento";0;0;0;0;0;1;0;0;0;0;0;0;1;0;0
"23/04/2024";"02:09:00";"287";"Com vítima";"174,000";"BR-50/MG";"Crescente";"Queda de moto";0;0;0;1;0;0;0;0;0;0;0;1;0;0;0
"23/04/2024";"03:51:00";"316";"Com vítima";"275,300";"BR-50/MG";"Decrescente";"Tombamento";0;0;0;0;0;1;0;0;0;0;0;0;1;0;0
"23/04/2024";"04:04:00";"322";"Sem vítima";"281,000";"BR-50/MG";"Decrescente";"Colisão transversal";0;0;0;0;0;1;0;0;0;1;3;0;0;0;0
"23/04/2024";"10:26:00";"13";"Sem vítima";"128,400";"BR-50/MG";"Decrescente";"Atropelamento de animal";1;0;0;0;0;0;0;0;0;0;1;0;0;0;0
"24/04/2024";"07:23:00";"198";"Com vítima";"277,500";"BR-50/MG";"Decrescente";"Colisão traseira";0;0;0;1;0;0;0;0;0;1;1;1;0;0;0
"24/04/2024";"09:08:00";"232";"Com vítima";"178,400";"BR-50/MG";"Crescente";"Atropelamento de pedestre";0;0;0;1;0;1;0;0;0;0;1;1;0;0;0
"24/04/2024";"12:55:00";"307";"Sem vítima";"47,500";"BR-50/MG";"Crescente";"Engavetamento";3;0;0;0;0;0;0;0;0;0;4;0;0;0;0
"24/04/2024";"04:57:00";"377";"Com vítima";"189,900";"BR-50/MG";"Decrescente";"Atropelamento de animal";1;0;0;0;0;0;0;0;0;0;1;0;0;0;0
"25/04/2024";"09:14:00";"223";"Sem vítima";"82,700";"BR-50/MG";"Decrescente";"Colisão traseira";0;0;1;0;0;1;0;0;0;0;2;0;0;0;0
"25/04/2024";"11:46:00";"271";"Com vítima";"223,600";"BR-50/MG";"Crescente";"Choque";0;0;0;0;0;0;0;0;0;1;0;1;0;0;0
"25/04/2024";"09:39:00";"7";"Com vítima";"303,100";"BR-50/MG";"Crescente";"Choque";0;0;0;0;0;1;0;0;0;0;1;1;0;0;0
"26/04/2024";"12:13:00";"21";"Sem vítima";"180,000";"BR-50/MG";"Decrescente";"Choque";1;0;0;0;0;0;0;0;0;0;1;0;0;0;0
"26/04/2024";"04:54:00";"84";"Com vítima";"177,000";"BR-50/MG";"Decrescente";"Colisão traseira";1;0;0;1;0;0;0;0;0;0;1;0;2;0;0
"26/04/2024";"07:51:00";"190";"Sem vítima";"154,000";"BR-50/MG";"Decrescente";"Choque";0;0;0;0;0;0;0;0;0;1;3;0;0;0;0
"27/04/2024";"11:08:00";"211";"Com vítima";"227,900";"BR-50/MG";"Decrescente";"Capotamento";1;0;0;0;0;0;0;0;0;0;0;2;0;0;0
"27/04/2024";"04:45:00";"289";"Com vítima";"239,500";"BR-50/MG";"Crescente";"Colisão lateral no mesmo sentido";0;0;0;0;0;1;0;0;0;1;1;1;0;0;0
"28/04/2024";"01:33:00";"20";"Com vítima";"62,000";"BR-50/MG";"Decrescente";"Colisão lateral em sentido contrário";2;0;0;0;0;0;0;0;0;0;4;1;0;0;0
"28/04/2024";"07:31:00";"121";"Com vítima";"182,000";"BR-50/MG";"Crescente";"Queda de bicicleta";0;1;0;0;0;0;0;0;0;0;0;0;0;0;0
"28/04/2024";"08:01:00";"131";"Com vítima";"235,000";"BR-50/MG";"Decrescente";"Choque";0;0;0;0;0;0;0;0;0;1;1;1;0;0;0
"29/04/2024";"08:58:00";"211";"Com vítima";"189,300";"BR-50/MG";"Decrescente";"Colisão lateral em sentido contrário";1;0;0;0;0;0;0;0;0;1;2;2;0;0;0
"29/04/2024";"03:45:00";"316";"Sem vítima";"42,000";"BR-50/MG";"Crescente";"Colisão traseira";0;0;0;0;0;0;0;0;0;2;3;0;0;0;0
"29/04/2024";"04:39:00";"334";"Com vítima";"119,070";"BR-50/MG";"Decrescente";"Colisão transversal";0;0;1;0;0;1;0;0;0;0;1;1;2;0;0
"30/04/2024";"01:56:00";"27";"Sem vítima";"156,300";"BR-50/MG";"Decrescente";"Choque";0;0;0;0;0;0;0;0;0;1;1;0;0;0;0
"30/04/2024";"04:10:00";"368";"Com vítima";"151,500";"BR-50/MG";"Crescente";"Colisão lateral no mesmo sentido";1;0;0;0;0;1;0;0;0;0;1;4;0;0;0
"30/04/2024";"10:58:00";"10";"Com vítima";"105,500";"BR-50/MG";"Decrescente";"Tombamento";0;0;0;0;0;1;0;0;0;0;0;1;0;0;0
"30/04/2024";"11:33:00";"16";"Sem vítima";"98,000";"BR-50/MG";"Decrescente";"Capotamento";1;0;0;0;0;0;0;0;0;0;1;0;0;0;0
"02/05/2024";"12:49:00";"20";"Sem vítima";"298,700";"BR-50/MG";"Decrescente";"Choque";0;0;0;0;0;0;0;0;0;1;5;0;0;0;0
"02/05/2024";"12:53:00";"297";"Sem vítima";"171,800";"BR-50/MG";"Crescente";"Choque";0;0;0;0;0;0;0;0;0;1;1;0;0;0;0
"03/05/2024";"07:48:00";"208";"Sem vítima";"51,272";"BR-50/MG";"Crescente";"Atropelamento de pedestre";1;0;0;0;0;0;0;0;0;0;2;0;0;0;0
"03/05/2024";"05:28:00";"404";"Sem vítima";"47,000";"BR-50/MG";"Decrescente";"Choque";1;0;0;0;0;0;0;0;0;0;1;0;0;0;0
"04/05/2024";"01:25:00";"34";"Sem vítima";"171,300";"BR-50/MG";"Crescente";"Choque";1;0;0;0;0;0;0;0;0;0;1;0;0;0;0
"04/05/2024";"08:27:00";"194";"Sem vítima";"198,800";"BR-50/MG";"Decrescente";"Colisão traseira";0;0;0;0;0;2;0;0;0;0;4;0;0;0;0
"04/05/2024";"08:54:00";"383";"Com vítima";"179,360";"BR-50/MG";"Crescente";"Atropelamento de animal";0;0;0;1;0;1;0;0;0;0;1;0;0;1;0
"04/05/2024";"10:16:00";"8";"Sem vítima";"165,800";"BR-50/MG";"Crescente";"Choque";0;0;0;0;0;0;0;0;0;1;1;0;0;0;0
"05/05/2024";"03:06:00";"33";"Com vítima";"58,000";"BR-50/MG";"Decrescente";"Capotamento";1;0;0;0;0;0;0;0;0;0;0;0;1;0;0
"05/05/2024";"06:15:00";"99";"Com vítima";"271,700";"BR-50/MG";"Crescente";"Capotamento";1;0;0;0;0;0;0;0;0;0;0;1;0;0;0
"05/05/2024";"12:19:00";"194";"Com vítima";"160,000";"BR-50/MG";"Decrescente";"Capotamento";0;0;0;0;0;0;0;0;0;1;0;1;1;0;0
"05/05/2024";"02:08:00";"231";"Com vítima";"104,000";"BR-50/MG";"Decrescente";"Queda de moto";0;0;0;1;0;0;0;0;0;0;0;0;1;0;0
"05/05/2024";"02:49:00";"244";"Sem vítima";"177,000";"BR-50/MG";"Decrescente";"Choque";1;0;0;0;0;0;0;0;0;0;2;0;0;0;0
"05/05/2024";"06:20:00";"301";"Sem vítima";"100,650";"BR-50/MG";"Decrescente";"Atropelamento de animal";0;0;0;0;0;0;0;0;0;1;4;0;0;0;0
"06/05/2024";"04:57:00";"115";"Com vítima";"256,450";"BR-50/MG";"Crescente";"Queda de moto";0;0;0;1;0;0;0;0;0;0;0;1;0;0;0
"06/05/2024";"09:41:00";"248";"Com vítima";"48,800";"BR-50/MG";"Decrescente";"Colisão lateral no mesmo sentido";0;0;0;1;0;0;0;0;0;1;1;1;0;0;0
"06/05/2024";"09:51:00";"253";"Sem vítima";"23,850";"BR-50/MG";"Decrescente";"Choque";1;0;0;0;0;0;0;0;0;0;1;0;0;0;0
"06/05/2024";"11:43:00";"287";"Com vítima";"65,300";"BR-50/MG";"Crescente";"Tombamento";0;0;0;0;0;1;0;0;0;0;0;1;0;0;0
"07/05/2024";"02:48:00";"32";"Sem vítima";"169,950";"BR-50/MG";"Crescente";"Tombamento";0;0;0;0;0;1;0;0;0;0;1;0;0;0;0
"07/05/2024";"04:02:00";"50";"Sem vítima";"172,000";"BR-50/MG";"Decrescente";"Choque";1;0;0;0;0;0;0;0;0;0;1;0;0;0;0
"08/05/2024";"10:20:00";"251";"Sem vítima";"137,000";"BR-50/MG";"Crescente";"Colisão lateral no mesmo sentido";1;0;0;0;0;0;0;0;0;1;2;0;0;0;0
"08/05/2024";"12:04:00";"281";"Sem vítima";"186,000";"BR-50/MG";"Crescente";"Engavetamento";1;0;0;0;0;0;0;0;0;2;5;0;0;0;0
"08/05/2024";"12:14:00";"285";"Sem vítima";"244,300";"BR-50/MG";"Crescente";"Tombamento";0;0;0;0;0;1;0;0;0;0;1;0;0;0;0
"09/05/2024";"11:05:00";"8";"Sem vítima";"203,400";"BR-50/MG";"Decrescente";"Colisão traseira";0;0;0;0;0;1;0;0;0;24;25;0;0;0;0
"10/05/2024";"07:14:00";"379";"Sem vítima";"22,700";"BR-50/MG";"Crescente";"Colisão traseira";0;0;0;0;0;2;0;0;0;0;3;0;0;0;0
"10/05/2024";"11:32:00";"18";"Sem vítima";"195,900";"BR-50/MG";"Decrescente";"Colisão traseira";0;0;1;0;1;0;0;0;0;0;21;0;0;0;0
"11/05/2024";"03:13:00";"43";"Com vítima";"39,800";"BR-50/MG";"Decrescente";"Choque";1;0;0;0;0;0;0;0;0;0;0;1;0;0;0
"11/05/2024";"06:03:00";"119";"Com vítima";"164,150";"BR-50/MG";"Decrescente";"Capotamento";1;0;0;0;0;0;0;0;0;0;0;1;0;0;0
"11/05/2024";"07:40:00";"149";"Sem vítima";"93,650";"BR-50/MG";"Decrescente";"Colisão lateral no mesmo sentido";1;0;0;0;0;1;0;0;0;0;2;0;0;0;0
"11/05/2024";"08:07:00";"164";"Sem vítima";"175,000";"BR-50/MG";"Decrescente";"Colisão traseira";1;0;1;0;0;0;0;0;0;0;4;0;0;0;0
"11/05/2024";"08:46:00";"182";"Com vítima";"37,500";"BR-50/MG";"Decrescente";"Queda de moto";0;0;0;1;0;0;0;0;0;0;0;2;0;0;0
"12/05/2024";"12:22:00";"24";"Com vítima";"124,600";"BR-50/MG";"Decrescente";"Capotamento";1;0;0;0;0;0;0;0;0;0;1;0;1;0;0
"12/05/2024";"03:11:00";"38";"Com vítima";"62,900";"BR-50/MG";"Crescente";"Queda de moto";0;0;0;1;0;0;0;0;0;0;1;1;0;0;0
"13/05/2024";"01:34:00";"333";"Com vítima";"28,000";"BR-50/MG";"Crescente";"Queda de moto";0;0;0;1;0;0;0;0;0;0;0;1;0;0;0
"13/05/2024";"03:20:00";"356";"Com vítima";"82,200";"BR-50/MG";"Decrescente";"Capotamento";1;0;0;0;0;0;0;0;0;0;1;1;0;0;0
"13/05/2024";"07:22:00";"399";"Sem vítima";"179,600";"BR-50/MG";"Decrescente";"Capotamento";1;0;0;0;0;0;0;0;0;0;2;0;0;0;0
"15/05/2024";"04:16:00";"78";"Com vítima";"181,000";"BR-50/MG";"Crescente";"Atropelamento de pedestre";1;0;0;0;0;0;0;0;0;0;1;0;0;0;1
"15/05/2024";"07:37:00";"189";"Sem vítima";"173,280";"BR-50/MG";"Decrescente";"Choque";0;0;0;0;0;1;0;0;0;0;1;0;0;0;0
"15/05/2024";"09:54:00";"235";"Sem vítima";"22,000";"BR-50/MG";"Decrescente";"Choque";1;0;0;0;0;0;0;0;0;0;2;0;0;0;0
"15/05/2024";"03:37:00";"355";"Com vítima";"65,000";"BR-50/MG";"Decrescente";"Colisão lateral no mesmo sentido";0;1;0;0;0;0;0;0;0;1;1;0;0;0;0
"15/05/2024";"08:57:00";"416";"Com vítima";"97,100";"BR-50/MG";"Crescente";"Queda de moto";0;0;0;1;0;0;0;0;0;0;0;2;0;0;0
"15/05/2024";"08:57:00";"417";"Sem vítima";"62,700";"BR-50/MG";"Crescente";"Tombamento";0;0;0;0;0;1;0;0;0;0;1;0;0;0;0
"15/05/2024";"11:34:00";"13";"Sem vítima";"103,000";"BR-50/MG";"Crescente";"Choque";0;0;0;0;0;0;0;0;0;1;2;0;0;0;0