data;horario;n_da_ocorrencia;tipo_de_ocorrencia;km;trecho;sentido;tipo_de_acidente;automovel;bicicleta;caminhao;moto;onibus;outros;tracao_animal;transporte_de_cargas_especiais;trator_maquinas;utilitarios;ilesos;levemente_feridos;moderadamente_feridos;gravemente_feridos;mortos
"01/07/2024";"12:26:00";"263";"Sem vítima";"62,000";"BR-50/MG";"Decrescente";"Choque";0;0;0;0;0;1;0;0;0;1;1;0;0;0;0
"02/07/2024";"04:46:00";"95";"Com vítima";"239,200";"BR-50/MG";"Decrescente";"Choque";0;0;0;0;0;1;0;0;0;0;0;1;0;0;0
"02/07/2024";"09:57:00";"207";"Sem vítima";"85,900";"BR-50/MG";"Decrescente";"Choque";0;0;0;0;0;0;0;0;0;1;1;0;0;0;0
"03/07/2024";"08:07:00";"207";"Sem vítima";"176,000";"BR-50/MG";"Decrescente";"Choque";1;0;0;0;0;0;0;0;0;0;2;0;0;0;0
"03/07/2024";"08:39:00";"215";"Sem vítima";"176,150";"BR-50/MG";"Decrescente";"Choque";0;0;1;0;0;0;0;0;0;0;1;0;0;0;0
"03/07/2024";"04:34:00";"376";"Sem vítima";"203,300";"BR-50/MG";"Decrescente";"Colisão traseira";0;0;0;0;0;0;0;0;0;2;6;0;0;0;0
"03/07/2024";"06:06:00";"401";"Com vítima";"121,800";"BR-50/MG";"Decrescente";"Colisão traseira";1;0;0;0;0;1;0;0;0;0;2;0;0;1;0
"04/07/2024";"04:46:00";"113";"Com vítima";"174,200";"BR-50/MG";"Crescente";"Queda de moto";0;0;0;1;0;0;0;0;0;0;1;0;1;0;0
"05/07/2024";"06:53:00";"173";"Sem vítima";"192,000";"BR-50/MG";"Decrescente";"Capotamento";1;0;0;0;0;0;0;0;0;0;3;0;0;0;0
"05/07/2024";"12:03:00";"287";"Com vítima";"195,150";"BR-50/MG";"Decrescente";"Capotamento";0;0;0;0;0;0;0;0;0;1;0;1;0;0;0
"05/07/2024";"03:40:00";"362";"Com vítima";"100,400";"BR-50/MG";"Decrescente";"Capotamento";1;0;0;0;0;0;0;0;0;0;0;1;0;0;0
"06/07/2024";"07:53:00";"174";"Com vítima";"32,000";"BR-50/MG";"Crescente";"Queda de moto";0;0;0;1;0;0;0;0;0;0;0;1;0;0;0
"06/07/2024";"10:55:00";"244";"Sem vítima";"192,400";"BR-50/MG";"Decrescente";"Choque";1;0;0;0;0;0;0;0;0;0;5;0;0;0;0
"06/07/2024";"03:47:00";"343";"Sem vítima";"275,400";"BR-50/MG";"Crescente";"Atropelamento de animal";1;0;0;0;0;0;0;0;0;0;4;0;0;0;0
"06/07/2024";"06:59:00";"388";"Com vítima";"54,200";"BR-50/MG";"Crescente";"Choque";1;0;0;0;0;0;0;0;0;0;0;1;0;0;0
"06/07/2024";"10:53:00";"19";"Sem vítima";"243,900";"BR-50/MG";"Decrescente";"Atropelamento de animal";1;0;0;0;0;0;0;0;0;0;3;0;0;0;0
"07/07/2024";"02:02:00";"46";"Com vítima";"250,850";"BR-50/MG";"Crescente";"Capotamento";1;0;0;0;0;0;0;0;0;0;1;2;0;0;0
"07/07/2024";"02:12:00";"49";"Com vítima";"149,000";"BR-50/MG";"Crescente";"Capotamento";1;0;0;0;0;0;0;0;0;0;0;3;0;0;0
"07/07/2024";"07:12:00";"114";"Com vítima";"259,900";"BR-50/MG";"Decrescente";"Queda de bicicleta";0;1;0;0;0;0;0;0;0;0;0;0;0;0;0
"07/07/2024";"11:41:00";"195";"Com vítima";"42,900";"BR-50/MG";"Crescente";"Queda de bicicleta";0;1;0;0;0;0;0;0;0;0;0;0;0;0;0
"07/07/2024";"12:44:00";"216";"Sem vítima";"275,345";"BR-50/MG";"Crescente";"Colisão lateral no mesmo sentido";2;0;0;0;0;0;0;0;0;0;5;0;0;0;0
"07/07/2024";"12:59:00";"222";"Sem vítima";"145,200";"BR-50/MG";"Decrescente";"Engavetamento";2;0;0;0;0;0;0;0;0;1;5;0;0;0;0
"07/07/2024";"01:46:00";"236";"Com vítima";"145,200";"BR-50/MG";"Decrescente";"Choque";0;0;0;0;0;1;0;0;0;1;3;2;0;0;0
"08/07/2024";"11:42:00";"224";"Com vítima";"149,000";"BR-50/MG";"Crescente";"Colisão lateral no mesmo sentido";0;0;0;0;0;1;0;0;0;1;1;0;2;0;0
"09/07/2024";"06:36:00";"174";"Com vítima";"32,880";"BR-50/MG";"Decrescente";"Tombamento";0;0;0;0;0;1;0;0;0;1;0;2;0;0;0
"09/07/2024";"04:52:00";"387";"Sem vítima";"98,800";"BR-50/MG";"Decrescente";"Colisão traseira";0;0;0;0;0;1;0;0;0;1;2;0;0;0;0
"09/07/2024";"08:49:00";"435";"Com vítima";"100,800";"BR-50/MG";"Crescente";"Atropelamento de animal";0;0;1;0;0;0;0;0;0;0;1;0;0;0;0
"09/07/2024";"09:34:00";"3";"Sem vítima";"286,800";"BR-50/MG";"Decrescente";"Choque";0;0;0;0;0;1;0;0;0;0;1;0;0;0;0
"09/07/2024";"09:45:00";"5";"Sem vítima";"279,000";"BR-50/MG";"Decrescente";"Choque";1;0;0;0;0;0;0;0;0;0;3;0;0;0;0
"10/07/2024";"11:55:00";"264";"Sem vítima";"47,700";"BR-50/MG";"Decrescente";"Colisão traseira";2;0;0;0;0;0;0;0;0;0;4;0;0;0;0
"10/07/2024";"02:55:00";"317";"Com vítima";"44,100";"BR-50/MG";"Crescente";"Atropelamento de animal";0;0;0;1;0;0;0;0;0;0;0;1;0;0;0
"10/07/2024";"04:34:00";"355";"Sem vítima";"146,000";"BR-50/MG";"Decrescente";"Tombamento";0;0;0;0;0;1;0;0;0;0;1;0;0;0;0
"10/07/2024";"07:36:00";"391";"Sem vítima";"105,200";"BR-50/MG";"Decrescente";"Tombamento";0;0;0;0;0;1;0;0;0;0;1;0;0;0;0
"12/07/2024";"02:45:00";"39";"Sem vítima";"6,000";"BR-50/MG";"Crescente";"Choque";1;0;0;0;0;0;0;0;0;0;2;0;0;0;0
"12/07/2024";"09:56:00";"247";"Sem vítima";"105,000";"BR-50/MG";"Decrescente";"Choque";0;0;0;1;0;1;0;0;0;0;2;0;0;0;0
"13/07/2024";"10:19:00";"201";"Sem vítima";"171,100";"BR-50/MG";"Decrescente";"Colisão lateral no mesmo sentido";0;0;0;0;0;1;0;0;0;1;3;0;0;0;0
"13/07/2024";"04:09:00";"326";"Sem vítima";"192,600";"BR-50/MG";"Decrescente";"Colisão traseira";1;0;0;0;0;1;0;0;0;0;2;0;0;0;0
"13/07/2024";"06:11:00";"355";"Com vítima";"206,000";"BR-50/MG";"Decrescente";"Capotamento";1;0;0;0;0;0;0;0;0;0;1;0;1;0;0
"14/07/2024";"12:39:00";"26";"Com vítima";"155,250";"BR-50/MG";"Decrescente";"Choque";1;0;0;0;0;0;0;0;0;0;1;0;1;0;0
"14/07/2024";"02:17:00";"33";"Sem vítima";"246,000";"BR-50/MG";"Crescente";"Choque";1;0;0;0;0;0;0;0;0;0;5;0;0;0;0
"14/07/2024";"03:42:00";"42";"Com vítima";"275,000";"BR-50/MG";"Decrescente";"Capotamento";1;0;0;0;0;0;0;0;0;0;3;1;0;0;0
"14/07/2024";"10:31:00";"163";"Sem vítima";"181,650";"BR-50/MG";"Crescente";"Colisão traseira";0;0;0;0;0;1;0;0;0;1;2;0;0;0;0
"14/07/2024";"10:40:00";"165";"Sem vítima";"181,850";"BR-50/MG";"Crescente";"Colisão traseira";1;0;0;0;0;1;0;0;0;0;3;0;0;0;0
"14/07/2024";"01:25:00";"222";"Com vítima";"134,000";"BR-50/MG";"Decrescente";"Capotamento";1;0;0;0;0;0;0;0;0;0;2;1;1;0;0
"14/07/2024";"06:14:00";"307";"Com vítima";"29,700";"BR-50/MG";"Decrescente";"Queda de moto";0;0;0;1;0;0;0;0;0;0;0;1;0;0;0
"15/07/2024";"02:36:00";"326";"Com vítima";"0,150";"BR-50/MG";"Decrescente";"Tombamento";0;0;0;0;0;1;0;0;0;0;0;1;0;0;0
"15/07/2024";"03:18:00";"336";"Sem vítima";"80,000";"BR-50/MG";"Decrescente";"Colisão traseira";1;0;1;0;0;0;0;0;0;0;2;0;0;0;0
"16/07/2024";"07:14:00";"156";"Com vítima";"190,200";"BR-50/MG";"Decrescente";"Capotamento";1;0;0;0;0;0;0;0;0;0;0;2;0;2;0
"16/07/2024";"03:42:00";"303";"Com vítima";"275,500";"BR-50/MG";"Crescente";"Colisão traseira";1;0;0;0;0;0;0;0;0;1;3;0;1;0;0
"16/07/2024";"04:41:00";"321";"Com vítima";"189,700";"BR-50/MG";"Decrescente";"Colisão traseira";1;0;0;1;0;0;0;0;0;0;1;1;0;0;0
"17/07/2024";"04:47:00";"106";"Sem vítima";"169,000";"BR-50/MG";"Decrescente";"Colisão traseira";1;0;0;0;0;2;0;0;0;0;3;0;0;0;0
"17/07/2024";"06:57:00";"171";"Com vítima";"98,000";"BR-50/MG";"Crescente";"Colisão lateral no mesmo sentido";0;0;0;1;0;1;0;0;0;0;1;0;1;0;0
"17/07/2024";"10:17:00";"8";"Com vítima";"262,300";"BR-50/MG";"Crescente";"Choque";0;0;0;0;0;1;0;0;0;0;0;0;1;0;0
"19/07/2024";"01:10:00";"21";"Sem vítima";"106,000";"BR-50/MG";"Decrescente";"Choque";0;0;0;0;0;0;0;0;0;1;3;0;0;0;0
"19/07/2024";"01:48:00";"26";"Sem vítima";"174,000";"BR-50/MG";"Decrescente";"Colisão lateral no mesmo sentido";0;0;0;0;0;1;0;0;0;1;2;0;0;0;0
"19/07/2024";"05:45:00";"392";"Sem vítima";"282,900";"BR-50/MG";"Decrescente";"Colisão transversal";2;0;0;0;0;0;0;0;0;0;4;0;0;0;0
"20/07/2024";"06:45:00";"138";"Sem vítima";"51,272";"BR-50/MG";"Crescente";"Colisão traseira";1;0;0;0;0;0;0;0;0;1;2;0;0;0;0
"20/07/2024";"11:01:00";"219";"Sem vítima";"165,000";"BR-50/MG";"Decrescente";"Queda de moto";0;0;0;1;0;0;0;0;0;0;1;0;0;0;0
"20/07/2024";"02:14:00";"289";"Sem vítima";"149,000";"BR-50/MG";"Decrescente";"Choque";1;0;0;0;0;0;0;0;0;0;4;0;0;0;0
"20/07/2024";"04:21:00";"322";"Sem vítima";"27,900";"BR-50/MG";"Decrescente";"Atropelamento de animal";0;0;0;0;0;0;0;0;0;1;1;0;0;0;0
"21/07/2024";"09:38:00";"147";"Com vítima";"173,800";"BR-50/MG";"Crescente";"Queda de moto";0;0;0;2;0;0;0;0;0;0;1;0;1;0;0
"21/07/2024";"03:30:00";"268";"Com vítima";"175,200";"BR-50/MG";"Decrescente";"Queda de moto";0;0;0;1;0;0;0;0;0;0;0;1;1;0;0
"21/07/2024";"10:58:00";"7";"Com vítima";"78,500";"BR-50/MG";"Decrescente";"Capotamento";1;0;0;0;0;0;0;0;0;0;1;1;0;0;0
"22/07/2024";"05:34:00";"145";"Sem vítima";"57,000";"BR-50/MG";"Decrescente";"Colisão traseira";0;0;0;1;0;1;0;0;0;0;2;0;0;0;0
"22/07/2024";"05:47:00";"152";"Sem vítima";"172,750";"BR-50/MG";"Crescente";"Choque";1;0;0;0;0;0;0;0;0;0;1;0;0;0;0
"22/07/2024";"06:27:00";"173";"Sem vítima";"177,500";"BR-50/MG";"Crescente";"Colisão lateral no mesmo sentido";1;0;0;0;0;1;0;0;0;0;3;0;0;0;0
"22/07/2024";"06:43:00";"179";"Sem vítima";"278,900";"BR-50/MG";"Crescente";"Colisão traseira";0;0;1;0;0;1;0;0;0;0;2;0;0;0;0
"23/07/2024";"02:32:00";"312";"Com vítima";"63,000";"BR-50/MG";"Decrescente";"Capotamento";0;0;0;0;0;0;0;0;0;1;0;1;0;0;0
"24/07/2024";"04:06:00";"70";"Com vítima";"280,400";"BR-50/MG";"Decrescente";"Colisão transversal";1;0;0;0;0;1;0;0;0;0;1;1;0;0;0
"24/07/2024";"08:45:00";"210";"Sem vítima";"79,000";"BR-50/MG";"Crescente";"Choque";1;0;0;0;0;0;0;0;0;0;1;0;0;0;0
"24/07/2024";"09:55:00";"224";"Sem vítima";"278,500";"BR-50/MG";"Crescente";"Queda de moto";0;0;0;1;0;0;0;0;0;0;1;0;0;0;0
"24/07/2024";"12:20:00";"271";"Sem vítima";"254,300";"BR-50/MG";"Crescente";"Capotamento";1;0;0;0;0;0;0;0;0;0;2;0;0;0;0
"25/07/2024";"02:24:00";"37";"Sem vítima";"185,050";"BR-50/MG";"Crescente";"Choque";0;0;0;0;0;0;0;0;0;1;1;0;0;0;0
"25/07/2024";"08:58:00";"238";"Com vítima";"191,500";"BR-50/MG";"Crescente";"Choque";0;0;0;0;0;1;0;0;0;0;0;0;1;0;0
"25/07/2024";"10:08:00";"272";"Sem vítima";"34,950";"BR-50/MG";"Crescente";"Choque";0;0;0;0;0;1;0;0;0;0;1;0;0;0;0
"25/07/2024";"04:05:00";"424";"Sem vítima";"275,000";"BR-50/MG";"Crescente";"Choque";1;0;0;0;0;0;0;0;0;0;2;0;0;0;0
"25/07/2024";"08:07:00";"483";"Sem vítima";"78,550";"BR-50/MG";"Crescente";"Capotamento";1;0;0;0;0;0;0;0;0;0;1;0;0;0;0
"26/07/2024";"08:08:00";"209";"Sem vítima";"180,000";"BR-50/MG";"Crescente";"Colisão lateral no mesmo sentido";1;0;0;0;0;1;0;0;0;0;2;0;0;0;0
"26/07/2024";"09:40:00";"243";"Com vítima";"34,950";"BR-50/MG";"Crescente";"Colisão traseira";0;1;0;0;0;0;0;0;0;0;0;0;0;0;0
"26/07/2024";"11:33:00";"22";"Sem vítima";"12,300";"BR-50/MG";"Crescente";"Choque";1;0;0;0;0;0;0;0;0;0;2;0;0;0;0
"27/07/2024";"06:46:00";"316";"Sem vítima";"260,000";"BR-50/MG";"Decrescente";"Choque";1;0;0;0;0;0;0;0;0;0;1;0;0;0;0
"28/07/2024";"03:59:00";"60";"Com vítima";"8,600";"BR-50/MG";"Crescente";"Capotamento";1;0;0;0;0;0;0;0;0;0;0;1;0;0;0
"28/07/2024";"01:12:00";"227";"Sem vítima";"198,060";"BR-50/MG";"Crescente";"Colisão traseira";0;0;1;0;0;0;0;0;0;1;4;0;0;0;0
"28/07/2024";"02:28:00";"254";"Com vítima";"28,000";"BR-50/MG";"Crescente";"Colisão traseira";0;0;0;0;0;1;0;0;0;1;1;1;0;0;0
"28/07/2024";"05:25:00";"311";"Com vítima";"136,700";"BR-50/MG";"Crescente";"Tombamento";0;0;0;0;0;1;0;0;0;0;0;0;1;0;0
"29/07/2024";"04:02:00";"69";"Sem vítima";"105,250";"BR-50/MG";"Crescente";"Queda de moto";0;0;0;1;0;0;0;0;0;0;2;0;0;0;0
"29/07/2024";"07:27:00";"208";"Sem vítima";"86,600";"BR-50/MG";"Decrescente";"Colisão lateral no mesmo sentido";0;0;1;0;0;0;0;0;0;1;3;0;0;0;0
"29/07/2024";"08:43:00";"243";"Com vítima";"138,000";"BR-50/MG";"Crescente";"Colisão traseira";0;0;1;0;0;1;0;0;0;0;1;1;0;0;0
"29/07/2024";"11:16:00";"286";"Com vítima";"58,850";"BR-50/MG";"Decrescente";"Capotamento";0;0;1;0;0;0;0;0;0;0;0;0;1;0;0
"29/07/2024";"04:53:00";"403";"Com vítima";"110,250";"BR-50/MG";"Decrescente";"Colisão lateral no mesmo sentido";1;0;0;0;0;1;0;0;0;0;1;0;1;0;0
"29/07/2024";"10:54:00";"13";"Com vítima";"182,500";"BR-50/MG";"Decrescente";"Atropelamento de animal";0;0;0;1;0;0;0;0;0;0;0;0;1;0;0
"30/07/2024";"04:43:00";"395";"Sem vítima";"174,000";"BR-50/MG";"Decrescente";"Colisão traseira";1;0;0;0;0;1;0;0;0;0;2;0;0;0;0
"30/07/2024";"06:55:00";"434";"Com vítima";"209,000";"BR-50/MG";"Crescente";"Choque";0;0;0;0;0;0;0;0;0;1;0;1;0;0;0
"30/07/2024";"07:38:00";"441";"Sem vítima";"281,500";"BR-50/MG";"Decrescente";"Choque";1;0;0;0;0;0;0;0;0;0;2;0;0;0;0
"31/07/2024";"12:19:00";"21";"Com vítima";"198,000";"BR-50/MG";"Crescente";"Tombamento";0;0;1;0;0;0;0;0;0;0;0;0;0;0;1
"31/07/2024";"11:00:00";"221";"Sem vítima";"267,400";"BR-50/MG";"Crescente";"Queda de moto";0;0;0;1;0;0;0;0;0;0;1;0;0;0;0
"31/07/2024";"04:28:00";"317";"Sem vítima";"266,500";"BR-50/MG";"Decrescente";"Colisão traseira";1;0;0;0;0;1;0;0;0;0;2;0;0;0;0
"01/08/2024";"03:08:00";"38";"Com vítima";"184,000";"BR-50/MG";"Crescente";"Queda de moto";0;0;0;1;0;0;0;0;0;0;0;0;1;0;0
"01/08/2024";"05:03:00";"113";"Com vítima";"112,000";"BR-50/MG";"Decrescente";"Capotamento";0;0;0;0;0;0;0;0;0;1;5;1;0;0;0
"02/08/2024";"03:39:00";"36";"Com vítima";"101,000";"BR-50/MG";"Crescente";"Choque";1;0;0;0;0;0;0;0;0;0;0;1;0;0;0
"02/08/2024";"11:35:00";"263";"Sem vítima";"105,000";"BR-50/MG";"Decrescente";"Colisão lateral no mesmo sentido";0;0;1;0;0;1;0;0;0;0;2;0;0;0;0
"03/08/2024";"12:21:00";"13";"Com vítima";"284,800";"BR-50/MG";"Crescente";"Colisão frontal";1;0;0;0;1;0;0;0;0;0;40;0;1;1;0
"03/08/2024";"11:47:00";"204";"Com vítima";"230,820";"BR-50/MG";"Crescente";"Tombamento";0;0;0;0;0;1;0;0;0;0;1;1;0;0;0
"03/08/2024";"02:14:00";"257";"Sem vítima";"189,400";"BR-50/MG";"Decrescente";"Choque";0;0;1;0;0;0;0;0;0;0;1;0;0;0;0
"03/08/2024";"05:11:00";"307";"Com vítima";"113,300";"BR-50/MG";"Decrescente";"Atropelamento de pedestre";1;0;0;0;0;0;0;0;0;0;3;0;0;0;1
"03/08/2024";"07:59:00";"333";"Sem vítima";"83,800";"BR-50/MG";"Decrescente";"Choque";0;0;0;0;0;1;0;0;0;0;1;0;0;0;0
"03/08/2024";"10:07:00";"9";"Sem vítima";"143,000";"BR-50/MG";"Crescente";"Choque";1;0;0;0;0;0;0;0;0;0;2;0;0;0;0
"04/08/2024";"05:04:00";"56";"Com vítima";"129,700";"BR-50/MG";"Decrescente";"Capotamento";1;0;0;0;0;0;0;0;0;0;0;3;2;0;0
"04/08/2024";"05:11:00";"62";"Com vítima";"218,900";"BR-50/MG";"Crescente";"Atropelamento de animal";1;0;0;0;0;0;0;0;0;0;2;0;0;0;0
"04/08/2024";"01:14:00";"173";"Sem vítima";"125,000";"BR-50/MG";"Decrescente";"Choque";0;0;0;0;0;0;0;0;0;1;1;0;0;0;0
"04/08/2024";"11:48:00";"19";"Sem vítima";"90,000";"BR-50/MG";"Decrescente";"Colisão lateral no mesmo sentido";0;0;0;0;0;1;0;0;0;0;1;0;0;0;0
"05/08/2024";"05:48:00";"125";"Sem vítima";"91,000";"BR-50/MG";"Decrescente";"Choque";1;0;0;0;0;0;0;0;0;0;2;0;0;0;0
"05/08/2024";"02:15:00";"276";"Com vítima";"27,500";"BR-50/MG";"Crescente";"Choque";1;0;0;0;0;0;0;0;0;0;0;1;0;0;0
"05/08/2024";"05:05:00";"324";"Com vítima";"127,300";"BR-50/MG";"Decrescente";"Colisão traseira";0;0;0;0;0;1;0;0;0;1;1;1;0;0;0
"05/08/2024";"05:42:00";"340";"Sem vítima";"193,000";"BR-50/MG";"Crescente";"Colisão traseira";0;0;0;0;0;1;0;0;0;1;3;0;0;0;0
"06/08/2024";"03:24:00";"27";"Sem vítima";"276,000";"BR-50/MG";"Decrescente";"Colisão lateral em sentido contrário";1;0;0;0;0;1;0;0;0;0;4;0;0;0;0
"06/08/2024";"07:53:00";"170";"Sem vítima";"50,000";"BR-50/MG";"Decrescente";"Colisão lateral no mesmo sentido";0;0;0;0;0;1;0;0;0;1;3;0;0;0;0
"06/08/2024";"11:59:00";"241";"Com vítima";"176,500";"BR-50/MG";"Decrescente";"Tombamento";0;0;1;0;0;0;0;0;0;0;0;0;0;0;1
"06/08/2024";"02:37:00";"294";"Sem vítima";"175,000";"BR-50/MG";"Crescente";"Colisão lateral no mesmo sentido";0;0;1;0;0;0;0;0;0;1;2;0;0;0;0
"07/08/2024";"08:22:00";"212";"Sem vítima";"102,100";"BR-50/MG";"Crescente";"Choque";1;0;0;0;0;0;0;0;0;0;1;0;0;0;0
"08/08/2024";"11:12:00";"243";"Com vítima";"279,050";"BR-50/MG";"Decrescente";"Colisão transversal";0;0;0;1;0;0;0;0;0;1;2;1;0;0;0
"08/08/2024";"01:16:00";"293";"Sem vítima";"136,000";"BR-50/MG";"Crescente";"Choque";0;0;1;0;0;0;0;0;0;0;1;0;0;0;0
"08/08/2024";"05:24:00";"357";"Com vítima";"174,300";"BR-50/MG";"Crescente";"Colisão lateral no mesmo sentido";1;0;0;1;0;0;0;0;0;0;1;0;2;0;0
"09/08/2024";"08:03:00";"183";"Com vítima";"92,000";"BR-50/MG";"Crescente";"Choque";0;0;0;0;0;1;0;0;0;0;0;1;0;0;0
"09/08/2024";"12:55:00";"275";"Sem vítima";"43,100";"BR-50/MG";"Crescente";"Choque";0;0;0;0;0;0;0;0;0;1;1;0;0;0;0
"09/08/2024";"02:00:00";"295";"Com vítima";"306,250";"BR-50/MG";"Crescente";"Tombamento";0;0;0;0;0;1;0;0;0;0;0;0;0;1;0
"10/08/2024";"12:07:00";"17";"Sem vítima";"78,900";"BR-50/MG";"Decrescente";"Choque";1;0;0;0;0;0;0;0;0;0;1;0;0;0;0
"10/08/2024";"05:13:00";"80";"Sem vítima";"32,600";"BR-50/MG";"Crescente";"Capotamento";1;0;0;0;0;0;0;0;0;0;2;0;0;0;0
"10/08/2024";"10:24:00";"205";"Com vítima";"114,810";"BR-50/MG";"Decrescente";"Tombamento";0;0;0;0;0;1;0;0;0;0;0;0;1;0;0
"10/08/2024";"11:35:00";"221";"Sem vítima";"190,000";"BR-50/MG";"Crescente";"Choque";1;0;0;0;0;0;0;0;0;0;1;0;0;0;0
"10/08/2024";"02:43:00";"274";"Sem vítima";"79,000";"BR-50/MG";"Crescente";"Choque";1;0;0;0;0;0;0;0;0;0;1;0;0;0;0
"10/08/2024";"03:26:00";"280";"Com vítima";"172,000";"BR-50/MG";"Decrescente";"Capotamento";1;0;0;0;0;0;0;0;0;0;0;0;1;0;0
"10/08/2024";"10:00:00";"8";"Sem vítima";"167,900";"BR-50/MG";"Crescente";"Tombamento";1;0;0;0;0;0;0;0;0;0;1;0;0;0;0
"11/08/2024";"03:37:00";"266";"Sem vítima";"152,400";"BR-50/MG";"Crescente";"Colisão traseira";0;0;0;0;1;1;0;0;0;0;33;0;0;0;0
"11/08/2024";"05:01:00";"296";"Com vítima";"175,900";"BR-50/MG";"Crescente";"Colisão traseira";1;0;0;0;0;1;0;0;0;0;1;1;0;0;0
"11/08/2024";"10:00:00";"13";"Com vítima";"119,100";"BR-50/MG";"Decrescente";"Acidentes de outra natureza";1;0;0;0;0;0;0;0;0;0;1;2;2;1;0
"12/08/2024";"02:56:00";"36";"Com vítima";"180,000";"BR-50/MG";"Crescente";"Queda de moto";0;0;0;1;0;0;0;0;0;0;0;1;0;0;0
"12/08/2024";"06:59:00";"160";"Sem vítima";"176,000";"BR-50/MG";"Decrescente";"Colisão traseira";2;0;0;0;0;0;0;0;0;0;4;0;0;0;0
"12/08/2024";"09:35:00";"205";"Sem vítima";"180,000";"BR-50/MG";"Crescente";"Colisão transversal";0;0;0;0;0;1;0;0;0;1;3;0;0;0;0
"12/08/2024";"04:49:00";"317";"Com vítima";"29,000";"BR-50/MG";"Decrescente";"Tombamento";0;0;1;0;0;0;0;0;0;0;0;0;1;0;0
"13/08/2024";"06:37:00";"128";"Com vítima";"180,000";"BR-50/MG";"Decrescente";"Atropelamento de animal";0;0;0;1;0;0;0;0;0;0;0;1;0;0;0
"13/08/2024";"06:58:00";"135";"Sem vítima";"188,500";"BR-50/MG";"Crescente";"Choque";1;0;0;0;0;0;0;0;0;0;2;0;0;0;0
"14/08/2024";"12:57:00";"291";"Sem vítima";"198,000";"BR-50/MG";"Crescente";"Queda de bicicleta";0;1;0;0;0;0;0;0;0;0;0;0;0;0;0
"14/08/2024";"01:11:00";"302";"Sem vítima";"16,800";"BR-50/MG";"Decrescente";"Choque";1;0;0;0;0;0;0;0;0;0;1;0;0;0;0
"15/08/2024";"08:40:00";"206";"Sem vítima";"197,600";"BR-50/MG";"Crescente";"Colisão traseira";0;0;0;0;0;1;0;0;0;1;3;0;0;0;0
"16/08/2024";"01:56:00";"300";"Sem vítima";"60,000";"BR-50/MG";"Crescente";"Colisão traseira";0;0;0;0;0;2;0;0;0;0;2;0;0;0;0
"17/08/2024";"06:12:00";"104";"Sem vítima";"172,000";"BR-50/MG";"Crescente";"Choque";1;0;0;0;0;0;0;0;0;0;1;0;0;0;0
"17/08/2024";"01:11:00";"205";"Sem vítima";"84,200";"BR-50/MG";"Crescente";"Acidentes de outra natureza";0;0;0;0;0;0;0;0;0;1;2;0;0;0;0
"17/08/2024";"11:44:00";"19";"Sem vítima";"189,600";"BR-50/MG";"Decrescente";"Colisão traseira";2;0;0;0;0;0;0;0;0;0;3;0;0;0;0
"17/08/2024";"11:48:00";"21";"Sem vítima";"18,000";"BR-50/MG";"Crescente";"Capotamento";1;0;0;0;0;0;0;0;0;0;1;0;0;0;0
"18/08/2024";"03:10:00";"36";"Com vítima";"41,250";"BR-50/MG";"Decrescente";"Atropelamento de animal";1;0;0;0;0;0;0;0;0;0;0;0;1;0;0
"18/08/2024";"07:42:00";"120";"Sem vítima";"107,200";"BR-50/MG";"Decrescente";"Choque";0;0;0;0;0;0;0;0;0;1;3;0;0;0;0
"18/08/2024";"11:19:00";"195";"Com vítima";"118,600";"BR-50/MG";"Decrescente";"Capotamento";1;0;0;0;0;0;0;0;0;0;0;1;0;0;0
"18/08/2024";"03:49:00";"302";"Sem vítima";"59,000";"BR-50/MG";"Crescente";"Engavetamento";0;0;0;0;0;1;0;0;0;0;2;0;0;0;0
"18/08/2024";"04:29:00";"313";"Com vítima";"55,500";"BR-50/MG";"Decrescente";"Tombamento";0;0;0;0;0;2;0;0;0;1;4;0;1;0;0
"18/08/2024";"08:13:00";"361";"Sem vítima";"56,200";"BR-50/MG";"Decrescente";"Colisão lateral no mesmo sentido";1;0;0;0;0;1;0;0;0;0;3;0;0;0;0
"19/08/2024";"03:22:00";"33";"Com vítima";"176,400";"BR-50/MG";"Crescente";"Queda de moto";0;0;0;1;0;0;0;0;0;0;0;0;1;0;0
"19/08/2024";"04:32:00";"73";"Com vítima";"124,000";"BR-50/MG";"Decrescente";"Colisão lateral no mesmo sentido";2;0;0;0;0;0;0;0;0;0;4;2;0;0;0