data;horario;n_da_ocorrencia;tipo_de_ocorrencia;km;trecho;sentido;tipo_de_acidente;automovel;bicicleta;caminhao;moto;onibus;outros;tracao_animal;transporte_de_cargas_especiais;trator_maquinas;utilitarios;ilesos;levemente_feridos;moderadamente_feridos;gravemente_feridos;mortos
"19/08/2024";"08:07:00";"183";"Sem vítima";"180,000";"BR-50/MG";"Crescente";"Colisão lateral no mesmo sentido";1;0;1;0;0;0;0;0;0;0;4;0;0;0;0
"19/08/2024";"10:42:00";"224";"Sem vítima";"236,050";"BR-50/MG";"Decrescente";"Choque";1;0;0;0;0;0;0;0;0;0;1;0;0;0;0
"19/08/2024";"12:34:00";"259";"Sem vítima";"63,500";"BR-50/MG";"Decrescente";"Colisão traseira";1;0;0;0;0;0;0;0;0;1;3;0;0;0;0
"19/08/2024";"01:02:00";"272";"Com vítima";"104,280";"BR-50/MG";"Decrescente";"Colisão traseira";0;0;1;0;0;1;0;0;0;0;1;0;1;0;0
"19/08/2024";"08:27:00";"387";"Com vítima";"49,400";"BR-50/MG";"Decrescente";"Queda de moto";0;0;0;1;0;0;0;0;0;0;0;1;0;0;0
"20/08/2024";"04:22:00";"87";"Sem vítima";"172,000";"BR-50/MG";"Decrescente";"Colisão lateral no mesmo sentido";1;0;0;0;0;1;0;0;0;0;2;0;0;0;0
"20/08/2024";"06:40:00";"365";"Sem vítima";"110,500";"BR-50/MG";"Decrescente";"Choque";0;0;0;0;0;0;0;0;0;1;1;0;0;0;0
"20/08/2024";"09:38:00";"9";"Sem vítima";"312,250";"BR-50/MG";"Decrescente";"Choque";0;0;0;0;0;1;0;0;0;0;1;0;0;0;0
"21/08/2024";"04:48:00";"86";"Com vítima";"179,400";"BR-50/MG";"Crescente";"Engavetamento";1;0;0;0;0;3;0;0;0;0;4;2;0;0;0
"21/08/2024";"09:43:00";"5";"Com vítima";"123,000";"BR-50/MG";"Decrescente";"Colisão traseira";0;0;0;0;1;1;0;0;0;0;21;0;23;0;2
"22/08/2024";"02:34:00";"338";"Sem vítima";"141,000";"BR-50/MG";"Crescente";"Colisão traseira";2;0;0;0;0;0;0;0;0;0;6;0;0;0;0
"22/08/2024";"03:16:00";"353";"Sem vítima";"281,700";"BR-50/MG";"Decrescente";"Choque";1;0;0;0;0;0;0;0;0;0;2;0;0;0;0
"22/08/2024";"07:01:00";"414";"Sem vítima";"28,000";"BR-50/MG";"Crescente";"Choque";0;0;1;0;0;0;0;0;0;0;1;0;0;0;0
"23/08/2024";"02:39:00";"37";"Sem vítima";"106,600";"BR-50/MG";"Crescente";"Choque";0;0;1;0;0;0;0;0;0;0;1;0;0;0;0
"23/08/2024";"04:25:00";"97";"Sem vítima";"188,000";"BR-50/MG";"Decrescente";"Colisão traseira";2;0;0;0;0;0;0;0;0;0;3;0;0;0;0
"24/08/2024";"08:45:00";"172";"Com vítima";"62,000";"BR-50/MG";"Decrescente";"Colisão traseira";1;0;0;1;0;0;0;0;0;0;2;1;0;0;0
"24/08/2024";"11:53:00";"22";"Com vítima";"96,200";"BR-50/MG";"Decrescente";"Atropelamento de pedestre";0;0;0;0;0;1;0;0;0;0;1;0;0;0;1
"25/08/2024";"04:38:00";"66";"Com vítima";"167,000";"BR-50/MG";"Crescente";"Choque";0;0;0;0;0;0;0;0;0;1;0;0;1;0;0
"25/08/2024";"06:38:00";"99";"Com vítima";"171,800";"BR-50/MG";"Crescente";"Tombamento";0;0;0;0;0;1;0;0;0;0;0;0;1;0;0
"25/08/2024";"07:24:00";"111";"Com vítima";"103,000";"BR-50/MG";"Decrescente";"Capotamento";1;0;0;0;0;0;0;0;0;0;0;1;0;0;0
"26/08/2024";"12:06:00";"272";"Sem vítima";"275,000";"BR-50/MG";"Decrescente";"Colisão traseira";0;0;0;0;0;2;0;0;0;0;2;0;0;0;0
"26/08/2024";"01:46:00";"305";"Com vítima";"234,500";"BR-50/MG";"Decrescente";"Colisão lateral no mesmo sentido";0;0;0;0;0;1;0;0;0;1;1;1;0;0;0
"27/08/2024";"04:33:00";"78";"Sem vítima";"100,050";"BR-50/MG";"Decrescente";"Choque";1;0;0;0;0;0;0;0;0;0;1;0;0;0;0
"27/08/2024";"05:11:00";"112";"Com vítima";"104,000";"BR-50/MG";"Decrescente";"Capotamento";1;0;0;0;0;0;0;0;0;0;0;2;3;0;0
"28/08/2024";"02:29:00";"315";"Sem vítima";"247,810";"BR-50/MG";"Crescente";"Choque";0;0;0;0;0;1;0;0;0;1;2;0;0;0;0
"29/08/2024";"04:32:00";"95";"Sem vítima";"14,500";"BR-50/MG";"Crescente";"Choque";0;0;0;0;0;1;0;0;0;0;1;0;0;0;0
"29/08/2024";"06:01:00";"142";"Sem vítima";"56,200";"BR-50/MG";"Decrescente";"Colisão traseira";1;0;1;0;0;0;0;0;0;0;2;0;0;0;0
"29/08/2024";"07:43:00";"185";"Sem vítima";"127,600";"BR-50/MG";"Crescente";"Tombamento";0;0;0;0;0;1;0;0;0;0;1;0;0;0;0
"29/08/2024";"01:56:00";"291";"Com vítima";"174,000";"BR-50/MG";"Decrescente";"Choque";1;0;0;0;0;0;0;0;0;0;0;2;0;0;0
"29/08/2024";"02:43:00";"305";"Sem vítima";"180,000";"BR-50/MG";"Crescente";"Colisão traseira";0;0;0;0;0;0;0;0;0;2;2;0;0;0;0
"29/08/2024";"06:02:00";"361";"Sem vítima";"54,200";"BR-50/MG";"Decrescente";"Choque";0;0;0;0;0;1;0;0;0;0;1;0;0;0;0
"30/08/2024";"10:48:00";"243";"Com vítima";"111,300";"BR-50/MG";"Decrescente";"Colisão lateral no mesmo sentido";0;0;0;1;0;1;0;0;0;0;1;0;1;0;0
"30/08/2024";"04:44:00";"389";"Sem vítima";"151,000";"BR-50/MG";"Decrescente";"Choque";1;0;0;0;0;0;0;0;0;0;1;0;0;0;0
"30/08/2024";"07:10:00";"420";"Sem vítima";"278,400";"BR-50/MG";"Crescente";"Colisão transversal";2;0;0;0;0;1;0;0;0;0;5;0;0;0;0
"30/08/2024";"11:11:00";"21";"Com vítima";"173,100";"BR-50/MG";"Crescente";"Atropelamento de animal";0;0;0;0;0;0;0;0;0;1;1;0;0;0;0
"31/08/2024";"08:15:00";"149";"Sem vítima";"217,170";"BR-50/MG";"Crescente";"Choque";1;0;0;0;0;0;0;0;0;0;2;0;0;0;0
"31/08/2024";"12:48:00";"237";"Sem vítima";"105,100";"BR-50/MG";"Decrescente";"Choque";0;0;0;0;0;1;0;0;0;0;1;0;0;0;0
"31/08/2024";"04:05:00";"297";"Com vítima";"169,150";"BR-50/MG";"Decrescente";"Choque";1;0;0;0;0;0;0;0;0;0;0;0;0;1;0
"01/09/2024";"01:32:00";"29";"Com vítima";"184,800";"BR-50/MG";"Decrescente";"Colisão traseira";0;0;0;0;0;1;0;0;0;1;2;0;1;0;0
"01/09/2024";"03:21:00";"39";"Sem vítima";"125,500";"BR-50/MG";"Crescente";"Capotamento";1;0;0;0;0;0;0;0;0;0;1;0;0;0;0
"01/09/2024";"01:09:00";"182";"Com vítima";"86,850";"BR-50/MG";"Decrescente";"Queda de bicicleta";0;1;0;0;0;0;0;0;0;0;0;0;0;0;0
"01/09/2024";"03:37:00";"231";"Sem vítima";"45,000";"BR-50/MG";"Decrescente";"Colisão traseira";0;0;1;0;0;1;0;0;0;0;2;0;0;0;0
"01/09/2024";"03:51:00";"240";"Com vítima";"281,000";"BR-50/MG";"Decrescente";"Engavetamento";2;0;0;0;0;2;0;0;0;0;3;3;0;0;2
"01/09/2024";"07:54:00";"297";"Com vítima";"275,000";"BR-50/MG";"Decrescente";"Choque";1;0;0;0;0;0;0;0;0;0;3;1;0;0;0
"03/09/2024";"04:35:00";"74";"Sem vítima";"177,000";"BR-50/MG";"Decrescente";"Engavetamento";1;0;1;0;0;0;0;0;0;1;11;0;0;0;0
"03/09/2024";"04:41:00";"76";"Sem vítima";"186,100";"BR-50/MG";"Decrescente";"Colisão lateral no mesmo sentido";1;0;0;0;0;1;0;0;0;0;2;0;0;0;0
"03/09/2024";"02:01:00";"307";"Sem vítima";"17,150";"BR-50/MG";"Decrescente";"Choque";1;0;0;0;0;0;0;0;0;0;5;0;0;0;0
"03/09/2024";"10:25:00";"16";"Com vítima";"80,700";"BR-50/MG";"Crescente";"Atropelamento de pedestre";0;0;0;1;0;0;0;0;0;0;0;0;2;0;0
"04/09/2024";"05:35:00";"159";"Sem vítima";"280,700";"BR-50/MG";"Crescente";"Colisão traseira";0;0;0;0;0;2;0;0;0;0;2;0;0;0;0
"04/09/2024";"12:56:00";"344";"Sem vítima";"161,200";"BR-50/MG";"Decrescente";"Colisão transversal";1;0;0;0;0;0;0;0;0;1;3;0;0;0;0
"04/09/2024";"02:38:00";"376";"Sem vítima";"51,909";"BR-50/MG";"Decrescente";"Choque";0;0;0;0;0;1;0;0;0;0;1;0;0;0;0
"05/09/2024";"08:38:00";"212";"Sem vítima";"283,000";"BR-50/MG";"Crescente";"Tombamento";0;0;0;0;0;1;0;0;0;0;1;0;0;0;0
"05/09/2024";"04:03:00";"377";"Com vítima";"261,350";"BR-50/MG";"Crescente";"Colisão traseira";0;0;0;1;0;1;0;0;0;0;1;0;1;0;0
"06/09/2024";"12:30:00";"17";"Sem vítima";"185,000";"BR-50/MG";"Crescente";"Choque";1;0;0;0;0;0;0;0;0;0;2;0;0;0;0
"06/09/2024";"10:49:00";"253";"Com vítima";"46,000";"BR-50/MG";"Crescente";"Capotamento";1;0;0;0;0;0;0;0;0;0;0;2;0;0;0
"07/09/2024";"01:58:00";"33";"Sem vítima";"98,000";"BR-50/MG";"Crescente";"Choque";1;0;0;0;0;0;0;0;0;0;2;0;0;0;0
"07/09/2024";"03:09:00";"41";"Sem vítima";"178,100";"BR-50/MG";"Crescente";"Capotamento";1;0;0;0;0;0;0;0;0;0;2;0;0;0;0
"07/09/2024";"02:14:00";"276";"Sem vítima";"80,200";"BR-50/MG";"Crescente";"Choque";1;0;0;0;0;0;0;0;0;0;1;0;0;0;0
"07/09/2024";"11:21:00";"18";"Sem vítima";"263,400";"BR-50/MG";"Crescente";"Choque";1;0;0;0;0;0;0;0;0;0;1;0;0;0;0
"08/09/2024";"01:22:00";"29";"Com vítima";"274,900";"BR-50/MG";"Crescente";"Choque";0;0;0;1;0;0;0;0;0;0;0;0;1;0;0
"08/09/2024";"02:01:00";"34";"Sem vítima";"161,800";"BR-50/MG";"Decrescente";"Choque";1;0;0;0;0;0;0;0;0;0;2;0;0;0;0
"09/09/2024";"04:27:00";"84";"Sem vítima";"256,100";"BR-50/MG";"Crescente";"Choque";1;0;0;0;0;0;0;0;0;0;1;0;0;0;0
"10/09/2024";"07:36:00";"177";"Sem vítima";"280,000";"BR-50/MG";"Decrescente";"Choque";0;0;0;0;0;1;0;0;0;0;1;0;0;0;0
"10/09/2024";"05:51:00";"339";"Sem vítima";"105,000";"BR-50/MG";"Decrescente";"Choque";1;0;0;0;0;0;0;0;0;0;3;0;0;0;0
"11/09/2024";"09:00:00";"231";"Com vítima";"50,950";"BR-50/MG";"Decrescente";"Colisão frontal";0;0;0;0;0;1;0;0;0;1;1;0;0;0;1
"11/09/2024";"11:35:00";"22";"Sem vítima";"169,100";"BR-50/MG";"Crescente";"Colisão traseira";0;0;0;0;0;2;0;0;0;0;2;0;0;0;0
"12/09/2024";"02:52:00";"344";"Com vítima";"3,500";"BR-50/MG";"Decrescente";"Choque";0;0;0;0;0;0;0;0;0;1;0;0;1;0;0
"12/09/2024";"06:23:00";"408";"Sem vítima";"311,800";"BR-50/MG";"Decrescente";"Queda de moto";0;0;0;1;0;0;0;0;0;0;1;0;0;0;0
"12/09/2024";"09:11:00";"3";"Sem vítima";"96,900";"BR-50/MG";"Decrescente";"Choque";0;0;0;0;0;1;0;0;0;0;1;0;0;0;0
"13/09/2024";"11:41:00";"239";"Sem vítima";"168,600";"BR-50/MG";"Crescente";"Colisão traseira";0;0;0;0;0;2;0;0;0;0;2;0;0;0;0
"13/09/2024";"12:17:00";"248";"Com vítima";"273,200";"BR-50/MG";"Decrescente";"Tombamento";0;0;0;0;0;1;0;0;0;0;0;1;0;0;0
"13/09/2024";"12:35:00";"253";"Sem vítima";"47,400";"BR-50/MG";"Decrescente";"Colisão traseira";0;0;0;0;0;1;0;0;0;1;3;0;0;0;0
"13/09/2024";"01:43:00";"273";"Sem vítima";"258,150";"BR-50/MG";"Crescente";"Colisão lateral no mesmo sentido";1;0;0;0;0;1;0;0;0;0;3;0;0;0;0
"14/09/2024";"12:15:00";"30";"Com vítima";"17,000";"BR-50/MG";"Crescente";"Colisão lateral no mesmo sentido";1;0;0;0;0;1;0;0;0;0;1;1;0;0;0
"14/09/2024";"05:04:00";"109";"Com vítima";"59,000";"BR-50/MG";"Decrescente";"Queda de bicicleta";0;1;0;0;0;0;0;0;0;0;0;0;0;0;0
"14/09/2024";"12:34:00";"260";"Sem vítima";"285,050";"BR-50/MG";"Crescente";"Colisão lateral no mesmo sentido";1;0;0;0;0;1;0;0;0;0;2;0;0;0;0
"14/09/2024";"09:18:00";"4";"Com vítima";"98,600";"BR-50/MG";"Crescente";"Atropelamento de animal";0;0;0;1;0;0;0;0;0;0;0;1;0;0;0
"14/09/2024";"11:33:00";"24";"Com vítima";"128,000";"BR-50/MG";"Decrescente";"Choque";1;0;0;0;0;0;0;0;0;0;0;0;1;0;0
"15/09/2024";"03:03:00";"45";"Com vítima";"64,090";"BR-50/MG";"Crescente";"Capotamento";1;0;0;0;0;0;0;0;0;0;1;0;0;0;0
"15/09/2024";"04:04:00";"61";"Com vítima";"183,500";"BR-50/MG";"Crescente";"Queda de moto";0;0;0;1;0;0;0;0;0;0;0;1;0;0;0
"15/09/2024";"07:20:00";"132";"Com vítima";"3,799";"BR-50/MG";"Crescente";"Queda de moto";0;0;0;1;0;0;0;0;0;0;0;1;0;0;0
"15/09/2024";"01:43:00";"253";"Com vítima";"203,500";"BR-50/MG";"Decrescente";"Colisão traseira";2;0;0;0;0;0;0;0;0;0;5;1;0;0;0
"15/09/2024";"06:37:00";"329";"Sem vítima";"27,000";"BR-50/MG";"Crescente";"Choque";1;0;0;0;0;0;0;0;0;0;1;0;0;0;0
"15/09/2024";"09:13:00";"4";"Sem vítima";"179,200";"BR-50/MG";"Decrescente";"Colisão traseira";1;0;0;0;0;0;0;0;0;1;5;0;0;0;0
"16/09/2024";"03:52:00";"57";"Com vítima";"99,600";"BR-50/MG";"Crescente";"Atropelamento de animal";1;0;0;0;0;0;0;0;0;0;1;0;0;0;0
"16/09/2024";"04:45:00";"93";"Com vítima";"177,600";"BR-50/MG";"Crescente";"Colisão traseira";0;0;0;2;0;0;0;0;0;0;0;2;0;0;0
"16/09/2024";"09:30:00";"231";"Com vítima";"105,000";"BR-50/MG";"Crescente";"Queda de moto";0;0;0;1;0;0;0;0;0;0;0;1;0;0;0
"16/09/2024";"09:43:00";"234";"Com vítima";"82,600";"BR-50/MG";"Crescente";"Queda de moto";0;0;0;1;0;0;0;0;0;0;0;1;1;0;0
"16/09/2024";"03:00:00";"325";"Com vítima";"139,420";"BR-50/MG";"Decrescente";"Choque";1;0;0;0;0;0;0;0;0;0;0;1;0;0;0
"17/09/2024";"10:24:00";"232";"Com vítima";"102,920";"BR-50/MG";"Decrescente";"Capotamento";1;0;0;0;0;0;0;0;0;0;0;1;0;0;0
"17/09/2024";"12:15:00";"274";"Sem vítima";"132,480";"BR-50/MG";"Decrescente";"Choque";1;0;0;0;0;0;0;0;0;0;1;0;0;0;0
"17/09/2024";"11:13:00";"18";"Sem vítima";"193,000";"BR-50/MG";"Crescente";"Acidentes de outra natureza";0;0;1;0;0;1;0;0;0;0;2;0;0;0;0
"18/09/2024";"07:31:00";"161";"Com vítima";"303,300";"BR-50/MG";"Decrescente";"Choque";1;0;0;0;0;0;0;0;0;0;0;1;0;0;0
"18/09/2024";"08:34:00";"183";"Com vítima";"138,100";"BR-50/MG";"Decrescente";"Choque";0;0;0;0;0;0;0;0;0;1;0;1;0;0;0
"18/09/2024";"10:35:00";"13";"Sem vítima";"175,000";"BR-50/MG";"Crescente";"Capotamento";1;0;0;0;0;0;0;0;0;0;2;0;0;0;0
"19/09/2024";"02:51:00";"33";"Sem vítima";"16,400";"BR-50/MG";"Crescente";"Choque";0;0;0;0;0;1;0;0;0;0;1;0;0;0;0
"19/09/2024";"03:55:00";"60";"Com vítima";"178,100";"BR-50/MG";"Decrescente";"Colisão lateral no mesmo sentido";1;0;0;0;0;1;0;0;0;0;2;1;0;0;0
"19/09/2024";"04:07:00";"71";"Com vítima";"178,480";"BR-50/MG";"Decrescente";"Colisão traseira";1;0;0;1;0;0;0;0;0;0;2;1;0;0;0
"19/09/2024";"05:23:00";"135";"Com vítima";"183,500";"BR-50/MG";"Crescente";"Queda de moto";0;0;0;1;0;0;0;0;0;0;0;0;1;0;0
"20/09/2024";"06:36:00";"179";"Sem vítima";"157,000";"BR-50/MG";"Crescente";"Choque";1;0;0;0;0;0;0;0;0;0;4;0;0;0;0
"20/09/2024";"08:43:00";"224";"Sem vítima";"192,100";"BR-50/MG";"Decrescente";"Capotamento";1;0;0;0;0;0;0;0;0;0;2;0;0;0;0
"20/09/2024";"01:24:00";"327";"Sem vítima";"178,580";"BR-50/MG";"Decrescente";"Colisão lateral no mesmo sentido";0;0;1;0;0;0;0;0;0;1;3;0;0;0;0
"20/09/2024";"10:48:00";"13";"Com vítima";"151,400";"BR-50/MG";"Decrescente";"Tombamento";0;0;0;0;0;1;0;0;0;0;0;0;0;0;1
"21/09/2024";"12:49:00";"28";"Sem vítima";"81,800";"BR-50/MG";"Decrescente";"Choque";0;0;1;0;0;0;0;0;0;0;1;0;0;0;0
"21/09/2024";"05:33:00";"98";"Sem vítima";"183,050";"BR-50/MG";"Decrescente";"Capotamento";1;0;0;0;0;0;0;0;0;0;5;0;0;0;0
"21/09/2024";"09:33:00";"157";"Com vítima";"105,000";"BR-50/MG";"Decrescente";"Choque";0;0;0;1;0;0;0;0;0;0;0;1;1;0;0
"21/09/2024";"12:36:00";"192";"Com vítima";"297,400";"BR-50/MG";"Decrescente";"Capotamento";1;0;0;0;0;0;0;0;0;0;0;0;1;0;0
"21/09/2024";"04:07:00";"257";"Com vítima";"43,750";"BR-50/MG";"Decrescente";"Choque";1;0;0;0;0;0;0;0;0;0;0;1;0;0;0
"22/09/2024";"12:54:00";"28";"Com vítima";"143,300";"BR-50/MG";"Crescente";"Choque";1;0;0;0;0;0;0;0;0;0;0;1;1;0;0
"22/09/2024";"06:40:00";"97";"Com vítima";"79,100";"BR-50/MG";"Crescente";"Colisão traseira";1;0;0;1;0;0;0;0;0;0;2;1;0;0;0
"22/09/2024";"11:26:00";"174";"Com vítima";"194,500";"BR-50/MG";"Decrescente";"Choque";0;0;0;0;0;0;0;0;0;1;0;5;0;0;0
"22/09/2024";"11:52:00";"181";"Com vítima";"205,280";"BR-50/MG";"Decrescente";"Capotamento";1;0;0;0;0;0;0;0;0;0;1;3;1;0;0
"23/09/2024";"04:12:00";"74";"Sem vítima";"140,800";"BR-50/MG";"Crescente";"Colisão lateral no mesmo sentido";1;0;0;0;0;1;0;0;0;0;2;0;0;0;0
"23/09/2024";"04:50:00";"105";"Sem vítima";"198,060";"BR-50/MG";"Decrescente";"Colisão traseira";1;0;0;0;0;0;0;0;0;0;2;0;0;0;0
"23/09/2024";"10:17:00";"258";"Com vítima";"112,800";"BR-50/MG";"Crescente";"Colisão traseira";0;0;1;0;0;1;0;0;0;0;1;0;1;0;0
"23/09/2024";"03:28:00";"356";"Sem vítima";"139,000";"BR-50/MG";"Decrescente";"Colisão transversal";0;0;0;0;0;0;0;0;0;2;3;0;0;0;0
"23/09/2024";"06:15:00";"396";"Sem vítima";"128,000";"BR-50/MG";"Decrescente";"Capotamento";1;0;0;0;0;0;0;0;0;0;1;0;0;0;0
"24/09/2024";"01:25:00";"34";"Sem vítima";"185,000";"BR-50/MG";"Decrescente";"Colisão traseira";0;0;0;0;1;1;0;0;0;0;35;0;0;0;0
"24/09/2024";"10:34:00";"260";"Sem vítima";"177,000";"BR-50/MG";"Crescente";"Tombamento";0;0;0;0;0;1;0;0;0;0;1;0;0;0;0
"24/09/2024";"05:35:00";"412";"Sem vítima";"204,000";"BR-50/MG";"Decrescente";"Engavetamento";0;0;2;0;0;0;0;0;0;1;3;0;0;0;0
"25/09/2024";"01:45:00";"284";"Com vítima";"143,800";"BR-50/MG";"Crescente";"Colisão traseira";0;0;1;0;0;1;0;0;0;0;3;1;0;0;0
"25/09/2024";"11:38:00";"26";"Com vítima";"160,700";"BR-50/MG";"Crescente";"Atropelamento de animal";0;0;0;0;0;0;0;0;0;1;1;0;0;0;0
"26/09/2024";"09:52:00";"262";"Com vítima";"203,000";"BR-50/MG";"Decrescente";"Choque";1;0;0;0;0;0;0;0;0;0;0;1;0;0;0
"26/09/2024";"04:40:00";"407";"Sem vítima";"174,000";"BR-50/MG";"Crescente";"Colisão lateral no mesmo sentido";0;0;0;0;0;1;0;0;0;1;2;0;0;0;0
"26/09/2024";"05:09:00";"411";"Sem vítima";"30,000";"BR-50/MG";"Crescente";"Capotamento";1;0;0;0;0;0;0;0;0;0;1;0;0;0;0
"27/09/2024";"05:18:00";"145";"Com vítima";"27,640";"BR-50/MG";"Decrescente";"Tombamento";0;0;0;0;0;1;0;0;0;0;0;0;1;0;0
"27/09/2024";"08:57:00";"261";"Com vítima";"140,000";"BR-50/MG";"Crescente";"Choque";0;0;0;0;0;1;0;0;0;0;0;1;0;0;0
"27/09/2024";"10:10:00";"284";"Com vítima";"48,930";"BR-50/MG";"Crescente";"Acidentes de outra natureza";0;0;0;1;0;0;0;0;0;0;0;2;0;0;0
"27/09/2024";"02:52:00";"401";"Sem vítima";"59,000";"BR-50/MG";"Crescente";"Engavetamento";0;0;1;1;0;1;0;0;0;0;3;0;0;0;0
"27/09/2024";"03:40:00";"416";"Sem vítima";"56,500";"BR-50/MG";"Crescente";"Choque";1;0;0;0;0;0;0;0;0;0;2;0;0;0;0
"27/09/2024";"04:09:00";"431";"Sem vítima";"265,000";"BR-50/MG";"Crescente";"Choque";0;0;0;0;0;0;0;0;0;1;2;0;0;0;0
"28/09/2024";"01:09:00";"28";"Sem vítima";"42,000";"BR-50/MG";"Decrescente";"Choque";0;0;0;0;0;1;0;0;0;0;1;0;0;0;0
"28/09/2024";"04:31:00";"89";"Com vítima";"305,565";"BR-50/MG";"Crescente";"Queda de bicicleta";0;1;0;0;0;0;0;0;0;0;0;0;0;0;0
"28/09/2024";"11:26:00";"263";"Com vítima";"78,900";"BR-50/MG";"Crescente";"Capotamento";0;0;0;0;0;0;0;0;0;1;0;2;0;1;0
"28/09/2024";"04:16:00";"367";"Sem vítima";"48,800";"BR-50/MG";"Crescente";"Choque";1;0;0;0;0;0;0;0;0;0;1;0;0;0;0
"28/09/2024";"04:38:00";"373";"Sem vítima";"3,740";"BR-50/MG";"Crescente";"Choque";1;0;0;0;0;0;0;0;0;0;4;0;0;0;0
"28/09/2024";"05:04:00";"381";"Sem vítima";"2,000";"BR-50/MG";"Decrescente";"Choque";1;0;0;0;0;0;0;0;0;0;1;0;0;0;0
"28/09/2024";"05:44:00";"392";"Sem vítima";"48,900";"BR-50/MG";"Decrescente";"Tombamento";1;0;0;0;0;0;0;0;0;0;1;0;0;0;0
"28/09/2024";"07:04:00";"407";"Sem vítima";"55,800";"BR-50/MG";"Crescente";"Choque";1;0;0;0;0;0;0;0;0;0;2;0;0;0;0
"28/09/2024";"07:49:00";"415";"Sem vítima";"96,000";"BR-50/MG";"Crescente";"Choque";1;0;0;0;0;0;0;0;0;0;2;0;0;0;0
"29/09/2024";"01:41:00";"37";"Sem vítima";"166,800";"BR-50/MG";"Decrescente";"Capotamento";1;0;0;0;0;0;0;0;0;0;1;0;0;0;0
"30/09/2024";"10:37:00";"206";"Sem vítima";"188,400";"BR-50/MG";"Crescente";"Choque";0;0;0;0;0;0;0;0;0;1;2;0;0;0;0
"30/09/2024";"02:43:00";"259";"Sem vítima";"278,500";"BR-50/MG";"Crescente";"Colisão transversal";0;0;1;0;0;1;0;0;0;0;2;0;0;0;0
"02/10/2024";"03:51:00";"67";"Sem vítima";"125,850";"BR-50/MG";"Crescente";"Colisão traseira";1;0;0;0;0;0;0;0;0;1;5;0;0;0;0
"02/10/2024";"10:52:00";"296";"Sem vítima";"226,000";"BR-50/MG";"Crescente";"Colisão traseira";0;0;24;0;0;0;0;0;0;0;36;0;0;0;0
"02/10/2024";"01:33:00";"357";"Com vítima";"177,600";"BR-50/MG";"Decrescente";"Colisão traseira";1;0;1;0;0;0;0;0;0;0;2;0;1;0;0
"02/10/2024";"07:45:00";"458";"Sem vítima";"188,300";"BR-50/MG";"Decrescente";"Colisão traseira";1;0;0;0;0;1;0;0;0;0;2;0;0;0;0
"02/10/2024";"10:17:00";"8";"Sem vítima";"198,450";"BR-50/MG";"Decrescente";"Colisão traseira";1;0;0;0;0;0;0;0;0;1;6;0;0;0;0
"03/10/2024";"03:41:00";"360";"Com vítima";"270,000";"BR-50/MG";"Decrescente";"Atropelamento de animal";0;0;0;1;0;0;0;0;0;0;0;0;2;0;0
"04/10/2024";"12:55:00";"23";"Com vítima";"0,300";"BR-50/MG";"Crescente";"Choque";0;0;0;0;0;0;0;0;0;1;0;1;0;0;0
"04/10/2024";"03:40:00";"54";"Com vítima";"140,200";"BR-50/MG";"Crescente";"Capotamento";0;0;0;0;0;0;0;0;0;1;2;2;0;0;0
"04/10/2024";"10:59:00";"272";"Sem vítima";"138,200";"BR-50/MG";"Crescente";"Colisão traseira";1;0;0;0;0;1;0;0;0;0;2;0;0;0;0
"04/10/2024";"12:34:00";"302";"Sem vítima";"272,500";"BR-50/MG";"Decrescente";"Choque";0;0;1;0;0;0;0;0;0;0;2;0;0;0;0
"04/10/2024";"01:48:00";"333";"Sem vítima";"60,000";"BR-50/MG";"Crescente";"Choque";1;0;0;0;0;0;0;0;0;0;1;0;0;0;0
"04/10/2024";"02:08:00";"340";"Sem vítima";"92,000";"BR-50/MG";"Crescente";"Tombamento";0;0;1;0;0;0;0;0;0;0;1;0;0;0;0
"04/10/2024";"05:19:00";"403";"Com vítima";"96,000";"BR-50/MG";"Decrescente";"Colisão traseira";0;1;0;1;0;0;0;0;0;0;0;1;0;0;0
"05/10/2024";"01:14:00";"24";"Com vítima";"5,300";"BR-50/MG";"Crescente";"Choque";0;0;0;0;0;1;0;0;0;0;0;1;0;0;0
"05/10/2024";"03:21:00";"341";"Com vítima";"176,000";"BR-50/MG";"Decrescente";"Colisão lateral no mesmo sentido";1;0;0;0;0;0;0;0;0;1;2;0;0;1;0
"05/10/2024";"04:50:00";"369";"Sem vítima";"279,000";"BR-50/MG";"Decrescente";"Choque";1;0;0;0;0;0;0;0;0;0;2;0;0;0;0
"05/10/2024";"06:50:00";"397";"Com vítima";"104,600";"BR-50/MG";"Crescente";"Capotamento";1;0;0;0;0;0;0;0;0;0;1;0;1;0;0