data;horario;n_da_ocorrencia;tipo_de_ocorrencia;km;trecho;sentido;tipo_de_acidente;automovel;bicicleta;caminhao;moto;onibus;outros;tracao_animal;transporte_de_cargas_especiais;trator_maquinas;utilitarios;ilesos;levemente_feridos;moderadamente_feridos;gravemente_feridos;mortos
"06/10/2024";"12:14:00";"225";"Sem vítima";"305,800";"BR-50/MG";"Decrescente";"Colisão traseira";1;0;0;0;0;1;0;0;0;0;2;0;0;0;0
"06/10/2024";"06:51:00";"335";"Com vítima";"277,000";"BR-50/MG";"Crescente";"Choque";1;0;0;0;0;0;0;0;0;0;0;1;0;0;0
"07/10/2024";"05:18:00";"142";"Sem vítima";"51,475";"BR-50/MG";"Crescente";"Colisão traseira";0;0;0;0;0;1;0;0;0;1;2;0;0;0;0
"07/10/2024";"05:28:00";"153";"Sem vítima";"85,000";"BR-50/MG";"Decrescente";"Colisão lateral no mesmo sentido";1;0;0;0;0;1;0;0;0;0;2;0;0;0;0
"07/10/2024";"09:58:00";"8";"Com vítima";"81,300";"BR-50/MG";"Crescente";"Atropelamento de animal";0;0;1;0;0;0;0;0;0;0;1;0;0;0;0
"08/10/2024";"03:44:00";"52";"Sem vítima";"47,000";"BR-50/MG";"Crescente";"Choque";0;0;0;0;0;0;0;0;0;1;1;0;0;0;0
"08/10/2024";"12:14:00";"298";"Com vítima";"39,800";"BR-50/MG";"Crescente";"Queda de moto";0;0;0;1;0;0;0;0;0;0;0;1;0;0;0
"08/10/2024";"02:20:00";"349";"Sem vítima";"280,600";"BR-50/MG";"Crescente";"Colisão lateral no mesmo sentido";1;0;0;0;0;1;0;0;0;0;6;0;0;0;0
"08/10/2024";"04:25:00";"392";"Com vítima";"195,100";"BR-50/MG";"Crescente";"Engavetamento";1;0;0;0;0;2;0;0;0;0;2;2;0;0;0
"09/10/2024";"05:44:00";"444";"Sem vítima";"147,300";"BR-50/MG";"Crescente";"Choque";0;0;1;0;0;0;0;0;0;0;1;0;0;0;0
"10/10/2024";"07:27:00";"174";"Com vítima";"223,800";"BR-50/MG";"Decrescente";"Colisão traseira";0;0;1;0;0;1;0;0;0;0;1;1;0;0;0
"10/10/2024";"08:44:00";"213";"Sem vítima";"13,700";"BR-50/MG";"Decrescente";"Colisão traseira";0;0;1;0;0;1;0;0;0;0;2;0;0;0;0
"10/10/2024";"11:08:00";"259";"Com vítima";"78,550";"BR-50/MG";"Crescente";"Queda de moto";0;0;0;1;0;0;0;0;0;0;0;0;1;0;0
"10/10/2024";"01:12:00";"296";"Sem vítima";"176,400";"BR-50/MG";"Crescente";"Tombamento";0;0;0;0;0;1;0;0;0;0;1;0;0;0;0
"10/10/2024";"01:16:00";"298";"Sem vítima";"176,450";"BR-50/MG";"Crescente";"Colisão traseira";0;0;2;0;0;0;0;0;0;0;4;0;0;0;0
"10/10/2024";"02:46:00";"317";"Sem vítima";"145,000";"BR-50/MG";"Decrescente";"Choque";0;0;1;0;0;0;0;0;0;0;1;0;0;0;0
"10/10/2024";"03:54:00";"346";"Sem vítima";"194,000";"BR-50/MG";"Crescente";"Choque";0;0;0;0;0;1;0;0;0;0;1;0;0;0;0
"10/10/2024";"06:53:00";"382";"Com vítima";"45,800";"BR-50/MG";"Crescente";"Colisão traseira";0;1;0;0;0;0;0;0;0;0;0;0;0;0;0
"11/10/2024";"10:25:00";"229";"Sem vítima";"229,000";"BR-50/MG";"Crescente";"Capotamento";0;0;0;0;0;0;0;0;0;1;1;0;0;0;0
"11/10/2024";"12:16:00";"263";"Sem vítima";"191,000";"BR-50/MG";"Crescente";"Choque";0;0;1;0;0;1;0;0;0;0;2;0;0;0;0
"11/10/2024";"02:11:00";"297";"Com vítima";"173,000";"BR-50/MG";"Decrescente";"Queda de moto";0;0;0;1;0;0;0;0;0;0;1;1;0;0;0
"11/10/2024";"02:25:00";"302";"Sem vítima";"51,500";"BR-50/MG";"Decrescente";"Colisão traseira";0;0;0;0;0;1;0;0;0;1;5;0;0;0;0
"11/10/2024";"02:58:00";"315";"Com vítima";"241,800";"BR-50/MG";"Crescente";"Capotamento";1;0;0;0;0;0;0;0;0;0;0;1;0;0;0
"11/10/2024";"04:06:00";"336";"Sem vítima";"180,000";"BR-50/MG";"Decrescente";"Colisão traseira";1;0;0;0;0;1;0;0;0;0;2;0;0;0;0
"11/10/2024";"04:31:00";"346";"Sem vítima";"62,000";"BR-50/MG";"Decrescente";"Choque";0;0;1;0;0;0;0;0;0;0;1;0;0;0;0
"11/10/2024";"04:50:00";"352";"Sem vítima";"180,000";"BR-50/MG";"Crescente";"Colisão lateral no mesmo sentido";1;0;1;0;0;0;0;0;0;0;2;0;0;0;0
"11/10/2024";"07:39:00";"404";"Com vítima";"111,600";"BR-50/MG";"Decrescente";"Atropelamento de pedestre";0;0;0;0;0;0;0;0;0;0;0;1;0;0;0
"11/10/2024";"09:17:00";"3";"Com vítima";"64,000";"BR-50/MG";"Decrescente";"Atropelamento de pedestre";1;0;0;0;0;0;0;0;0;0;2;0;0;1;0
"12/10/2024";"02:35:00";"30";"Com vítima";"179,800";"BR-50/MG";"Decrescente";"Atropelamento de animal";0;0;0;0;0;0;0;0;0;1;1;0;0;0;0
"12/10/2024";"04:22:00";"53";"Com vítima";"180,700";"BR-50/MG";"Decrescente";"Colisão traseira";0;0;0;0;0;1;0;0;0;0;1;1;0;0;0
"12/10/2024";"11:17:00";"206";"Sem vítima";"304,200";"BR-50/MG";"Crescente";"Capotamento";0;0;0;0;0;0;0;0;0;1;1;0;0;0;0
"12/10/2024";"11:49:00";"212";"Com vítima";"210,850";"BR-50/MG";"Crescente";"Colisão traseira";0;0;0;1;0;1;0;0;0;0;1;0;0;1;0
"12/10/2024";"12:52:00";"229";"Com vítima";"133,500";"BR-50/MG";"Decrescente";"Choque";1;0;0;0;0;0;0;0;0;0;4;1;0;0;0
"13/10/2024";"12:00:00";"20";"Com vítima";"187,200";"BR-50/MG";"Decrescente";"Choque";0;0;0;1;0;0;0;0;0;0;0;1;0;0;0
"13/10/2024";"01:26:00";"32";"Sem vítima";"139,450";"BR-50/MG";"Decrescente";"Choque";0;0;1;0;0;0;0;0;0;0;1;0;0;0;0
"13/10/2024";"09:55:00";"181";"Com vítima";"136,600";"BR-50/MG";"Crescente";"Capotamento";1;0;0;0;0;0;0;0;0;0;0;3;1;0;0
"13/10/2024";"10:15:00";"188";"Sem vítima";"119,100";"BR-50/MG";"Crescente";"Choque";1;0;0;0;0;0;0;0;0;0;1;0;0;0;0
"13/10/2024";"12:38:00";"235";"Com vítima";"211,240";"BR-50/MG";"Decrescente";"Capotamento";1;0;0;0;0;0;0;0;0;0;0;3;1;0;0
"14/10/2024";"05:31:00";"130";"Sem vítima";"61,050";"BR-50/MG";"Decrescente";"Colisão traseira";1;0;0;0;0;0;0;0;0;1;2;0;0;0;0
"14/10/2024";"07:57:00";"225";"Sem vítima";"126,260";"BR-50/MG";"Crescente";"Choque";1;0;0;0;0;0;0;0;0;0;1;0;0;0;0
"14/10/2024";"10:02:00";"7";"Com vítima";"47,500";"BR-50/MG";"Crescente";"Capotamento";0;0;0;0;0;1;0;0;0;0;0;1;0;0;0
"15/10/2024";"02:40:00";"31";"Sem vítima";"0,050";"BR-50/MG";"Decrescente";"Choque";1;0;0;0;0;0;0;0;0;0;1;0;0;0;0
"15/10/2024";"03:46:00";"48";"Sem vítima";"65,200";"BR-50/MG";"Crescente";"Capotamento";1;0;0;0;0;0;0;0;0;0;1;0;0;0;0
"15/10/2024";"06:06:00";"130";"Sem vítima";"17,070";"BR-50/MG";"Crescente";"Choque";0;0;0;0;0;0;0;0;0;1;1;0;0;0;0
"15/10/2024";"06:33:00";"141";"Com vítima";"18,680";"BR-50/MG";"Crescente";"Choque";1;0;0;0;0;0;0;0;0;0;0;1;1;0;0
"15/10/2024";"08:53:00";"208";"Sem vítima";"29,900";"BR-50/MG";"Crescente";"Choque";0;0;0;0;0;0;0;0;0;1;1;0;0;0;0
"15/10/2024";"01:23:00";"284";"Sem vítima";"281,500";"BR-50/MG";"Decrescente";"Colisão transversal";1;0;1;0;0;0;0;0;0;0;2;0;0;0;0
"15/10/2024";"04:33:00";"321";"Sem vítima";"112,900";"BR-50/MG";"Decrescente";"Tombamento";0;0;1;0;0;0;0;0;0;0;2;0;0;0;0
"15/10/2024";"05:01:00";"327";"Sem vítima";"51,909";"BR-50/MG";"Decrescente";"Choque";0;0;1;0;0;0;0;0;0;1;5;0;0;0;0
"15/10/2024";"06:12:00";"335";"Com vítima";"245,500";"BR-50/MG";"Decrescente";"Colisão lateral em sentido contrário";2;0;0;0;0;0;0;0;0;0;1;1;1;0;0
"16/10/2024";"03:16:00";"29";"Com vítima";"297,550";"BR-50/MG";"Decrescente";"Capotamento";1;0;0;0;0;0;0;0;0;0;3;0;2;0;0
"16/10/2024";"04:16:00";"68";"Sem vítima";"281,500";"BR-50/MG";"Decrescente";"Colisão transversal";2;0;0;0;0;0;0;0;0;0;2;0;0;0;0
"16/10/2024";"04:47:00";"77";"Sem vítima";"281,500";"BR-50/MG";"Decrescente";"Colisão transversal";2;0;0;0;0;1;0;0;0;0;3;0;0;0;0
"16/10/2024";"07:44:00";"189";"Sem vítima";"150,300";"BR-50/MG";"Crescente";"Choque";1;0;0;0;0;0;0;0;0;0;4;0;0;0;0
"16/10/2024";"08:32:00";"206";"Com vítima";"59,000";"BR-50/MG";"Decrescente";"Choque";1;0;0;0;0;0;0;0;0;0;0;1;0;0;0
"16/10/2024";"11:22:00";"262";"Sem vítima";"123,500";"BR-50/MG";"Decrescente";"Colisão traseira";0;0;0;0;0;1;0;0;0;1;2;0;0;0;0
"16/10/2024";"02:13:00";"313";"Com vítima";"170,000";"BR-50/MG";"Crescente";"Choque";0;0;0;0;0;0;0;0;0;1;0;1;0;0;0
"16/10/2024";"04:24:00";"341";"Com vítima";"115,100";"BR-50/MG";"Decrescente";"Capotamento";0;0;0;0;0;0;0;0;0;1;0;0;1;0;0
"16/10/2024";"06:23:00";"365";"Com vítima";"281,100";"BR-50/MG";"Crescente";"Choque";0;0;0;1;0;0;0;0;0;0;0;1;0;0;0
"17/10/2024";"03:06:00";"36";"Sem vítima";"283,100";"BR-50/MG";"Crescente";"Tombamento";0;0;0;0;0;1;0;0;0;0;1;0;0;0;0
"17/10/2024";"05:38:00";"145";"Com vítima";"218,900";"BR-50/MG";"Decrescente";"Capotamento";1;0;0;0;0;0;0;0;0;0;0;1;0;0;0
"17/10/2024";"08:26:00";"226";"Sem vítima";"49,200";"BR-50/MG";"Crescente";"Choque";0;0;0;0;0;0;0;0;0;1;5;0;0;0;0
"17/10/2024";"08:42:00";"233";"Com vítima";"278,000";"BR-50/MG";"Crescente";"Colisão traseira";0;0;0;0;0;1;0;0;0;1;1;1;0;0;0
"17/10/2024";"06:22:00";"409";"Sem vítima";"54,000";"BR-50/MG";"Crescente";"Colisão lateral no mesmo sentido";0;0;0;0;1;0;0;0;0;1;45;0;0;0;0
"17/10/2024";"06:58:00";"418";"Sem vítima";"194,600";"BR-50/MG";"Crescente";"Tombamento";0;0;0;0;0;1;0;0;0;0;1;0;0;0;0
"17/10/2024";"07:06:00";"420";"Sem vítima";"105,300";"BR-50/MG";"Crescente";"Carreta deu L";0;0;0;0;0;1;0;0;0;0;1;0;0;0;0
"17/10/2024";"07:09:00";"423";"Sem vítima";"194,600";"BR-50/MG";"Crescente";"Choque";0;0;1;0;0;0;0;0;0;0;2;0;0;0;0
"18/10/2024";"03:27:00";"48";"Sem vítima";"84,900";"BR-50/MG";"Crescente";"Choque";1;0;0;0;0;0;0;0;0;0;1;0;0;0;0
"18/10/2024";"05:01:00";"120";"Sem vítima";"82,200";"BR-50/MG";"Decrescente";"Choque";1;0;0;0;0;0;0;0;0;0;1;0;0;0;0
"18/10/2024";"05:09:00";"128";"Sem vítima";"4,950";"BR-50/MG";"Decrescente";"Tombamento";0;0;0;0;0;0;0;0;0;1;2;0;0;0;0
"18/10/2024";"08:42:00";"267";"Sem vítima";"283,100";"BR-50/MG";"Decrescente";"Tombamento";0;0;1;0;0;1;0;0;0;0;2;0;0;0;0
"18/10/2024";"08:57:00";"270";"Sem vítima";"29,800";"BR-50/MG";"Decrescente";"Choque";0;0;0;0;0;1;0;0;0;0;1;0;0;0;0
"18/10/2024";"11:28:00";"314";"Com vítima";"123,500";"BR-50/MG";"Decrescente";"Tombamento";1;0;0;0;0;0;0;0;0;0;1;0;1;0;0
"18/10/2024";"12:30:00";"338";"Sem vítima";"265,800";"BR-50/MG";"Decrescente";"Choque";1;0;0;0;0;0;0;0;0;0;4;0;0;0;0
"18/10/2024";"01:10:00";"351";"Sem vítima";"51,080";"BR-50/MG";"Crescente";"Colisão traseira";0;0;0;0;0;1;0;0;0;1;2;0;0;0;0
"18/10/2024";"01:20:00";"353";"Sem vítima";"267,450";"BR-50/MG";"Crescente";"Choque";0;0;0;0;0;0;0;0;0;1;2;0;0;0;0
"18/10/2024";"03:21:00";"386";"Sem vítima";"5,500";"BR-50/MG";"Decrescente";"Choque";1;0;0;0;0;0;0;0;0;0;1;0;0;0;0
"18/10/2024";"06:53:00";"449";"Sem vítima";"136,500";"BR-50/MG";"Decrescente";"Colisão lateral no mesmo sentido";0;0;0;0;0;2;0;0;0;0;2;0;0;0;0
"18/10/2024";"07:49:00";"456";"Sem vítima";"275,300";"BR-50/MG";"Decrescente";"Choque";1;0;0;0;0;0;0;0;0;0;1;0;0;0;0
"18/10/2024";"11:54:00";"21";"Com vítima";"42,200";"BR-50/MG";"Decrescente";"Choque";1;0;0;0;0;0;0;0;0;0;0;1;0;0;0
"19/10/2024";"02:06:00";"35";"Com vítima";"46,000";"BR-50/MG";"Decrescente";"Capotamento";0;0;0;0;0;0;0;0;0;1;0;2;0;0;0
"19/10/2024";"10:02:00";"173";"Com vítima";"62,300";"BR-50/MG";"Decrescente";"Capotamento";1;0;0;0;0;0;0;0;0;0;0;0;1;0;0
"19/10/2024";"11:31:00";"194";"Com vítima";"16,830";"BR-50/MG";"Decrescente";"Capotamento";1;0;0;0;0;0;0;0;0;0;1;0;1;0;0
"19/10/2024";"01:31:00";"224";"Com vítima";"46,520";"BR-50/MG";"Crescente";"Capotamento";1;0;0;0;0;0;0;0;0;0;0;0;0;1;0
"19/10/2024";"02:04:00";"236";"Sem vítima";"194,700";"BR-50/MG";"Crescente";"Colisão traseira";1;0;0;0;0;1;0;0;0;0;2;0;0;0;0
"19/10/2024";"04:31:00";"271";"Sem vítima";"3,000";"BR-50/MG";"Crescente";"Choque";0;0;0;0;0;0;0;0;0;1;1;0;0;0;0
"19/10/2024";"09:02:00";"2";"Com vítima";"54,600";"BR-50/MG";"Crescente";"Tombamento";0;0;0;0;0;1;0;0;0;0;0;1;0;0;0
"20/10/2024";"07:28:00";"102";"Sem vítima";"83,050";"BR-50/MG";"Crescente";"Choque";0;0;1;0;0;0;0;0;0;0;1;0;0;0;0
"20/10/2024";"09:45:00";"130";"Sem vítima";"5,600";"BR-50/MG";"Decrescente";"Choque";1;0;0;0;0;0;0;0;0;0;2;0;0;0;0
"20/10/2024";"09:57:00";"131";"Sem vítima";"166,500";"BR-50/MG";"Decrescente";"Colisão lateral no mesmo sentido";1;0;0;0;0;1;0;0;0;0;5;0;0;0;0
"20/10/2024";"12:17:00";"165";"Sem vítima";"29,700";"BR-50/MG";"Crescente";"Choque";0;0;0;0;0;0;0;0;0;1;1;0;0;0;0
"20/10/2024";"12:35:00";"177";"Sem vítima";"29,700";"BR-50/MG";"Crescente";"Capotamento";1;0;0;0;0;0;0;0;0;0;3;0;0;0;0
"20/10/2024";"01:24:00";"191";"Sem vítima";"47,400";"BR-50/MG";"Decrescente";"Choque";0;0;0;0;0;0;0;0;0;1;3;0;0;0;0
"20/10/2024";"02:07:00";"205";"Sem vítima";"198,500";"BR-50/MG";"Decrescente";"Colisão traseira";1;0;0;0;0;0;0;0;0;1;3;0;0;0;0
"20/10/2024";"03:42:00";"224";"Com vítima";"28,800";"BR-50/MG";"Decrescente";"Tombamento";0;0;1;0;0;0;0;0;0;0;0;0;1;0;0
"21/10/2024";"02:01:00";"26";"Com vítima";"78,400";"BR-50/MG";"Crescente";"Colisão traseira";0;0;0;1;0;1;0;0;0;0;1;0;0;1;0
"21/10/2024";"06:47:00";"158";"Sem vítima";"29,690";"BR-50/MG";"Crescente";"Capotamento";0;0;0;0;0;0;0;0;0;1;1;0;0;0;0
"21/10/2024";"07:14:00";"165";"Sem vítima";"55,850";"BR-50/MG";"Crescente";"Choque";0;0;0;0;0;0;0;0;0;1;1;0;0;0;0
"21/10/2024";"10:04:00";"233";"Com vítima";"142,900";"BR-50/MG";"Crescente";"Atropelamento de animal";1;0;0;0;0;0;0;0;0;0;0;1;1;0;0
"21/10/2024";"10:58:00";"252";"Sem vítima";"300,290";"BR-50/MG";"Decrescente";"Choque";1;0;0;0;0;0;0;0;0;0;1;0;0;0;0
"21/10/2024";"05:15:00";"342";"Com vítima";"101,800";"BR-50/MG";"Decrescente";"Colisão traseira";0;1;0;0;0;1;0;0;0;0;1;0;0;0;1
"22/10/2024";"02:03:00";"31";"Com vítima";"223,000";"BR-50/MG";"Decrescente";"Capotamento";1;0;0;0;0;0;0;0;0;0;0;2;2;0;0
"22/10/2024";"05:12:00";"123";"Sem vítima";"48,900";"BR-50/MG";"Decrescente";"Choque";0;0;0;0;0;0;0;0;0;1;1;0;0;0;0
"22/10/2024";"06:20:00";"157";"Sem vítima";"169,500";"BR-50/MG";"Decrescente";"Choque";1;0;0;0;0;0;0;0;0;0;1;0;0;0;0
"22/10/2024";"09:41:00";"231";"Sem vítima";"197,930";"BR-50/MG";"Crescente";"Colisão traseira";1;0;0;0;0;1;0;0;0;0;4;0;0;0;0
"22/10/2024";"11:09:00";"256";"Sem vítima";"149,500";"BR-50/MG";"Decrescente";"Choque";1;0;0;0;0;0;0;0;0;0;1;0;0;0;0
"22/10/2024";"11:20:00";"257";"Com vítima";"40,900";"BR-50/MG";"Crescente";"Capotamento";1;0;0;0;0;0;0;0;0;0;0;0;1;0;0
"22/10/2024";"03:43:00";"357";"Sem vítima";"119,000";"BR-50/MG";"Crescente";"Choque";1;0;0;0;0;0;0;0;0;0;1;0;0;0;0
"23/10/2024";"07:12:00";"179";"Sem vítima";"14,000";"BR-50/MG";"Decrescente";"Engavetamento";1;0;1;0;0;0;0;0;0;0;3;0;0;0;0
"23/10/2024";"10:38:00";"251";"Com vítima";"192,230";"BR-50/MG";"Crescente";"Engavetamento";0;0;0;1;0;2;0;0;0;1;1;0;1;0;2
"23/10/2024";"03:42:00";"332";"Sem vítima";"96,000";"BR-50/MG";"Decrescente";"Colisão lateral no mesmo sentido";0;0;1;0;0;0;0;0;0;1;2;0;0;0;0
"23/10/2024";"06:34:00";"377";"Com vítima";"269,400";"BR-50/MG";"Decrescente";"Colisão traseira";1;0;0;1;0;0;0;0;0;0;2;0;0;0;1
"24/10/2024";"02:24:00";"27";"Com vítima";"18,020";"BR-50/MG";"Crescente";"Capotamento";0;0;0;0;0;1;0;0;0;0;0;0;0;0;1
"24/10/2024";"02:42:00";"30";"Sem vítima";"166,000";"BR-50/MG";"Decrescente";"Choque";0;0;0;0;0;0;0;0;0;1;2;0;0;0;0
"24/10/2024";"07:57:00";"186";"Sem vítima";"197,200";"BR-50/MG";"Crescente";"Colisão traseira";0;0;0;0;0;2;0;0;0;0;2;0;0;0;0
"24/10/2024";"08:48:00";"200";"Com vítima";"92,220";"BR-50/MG";"Decrescente";"Tombamento";0;0;1;0;0;0;0;0;0;0;1;1;0;0;0
"24/10/2024";"09:37:00";"213";"Sem vítima";"7,000";"BR-50/MG";"Crescente";"Tombamento";0;0;0;0;0;1;0;0;0;0;1;0;0;0;0
"24/10/2024";"01:07:00";"264";"Com vítima";"199,500";"BR-50/MG";"Decrescente";"Colisão traseira";1;0;1;0;0;0;0;0;0;0;1;1;0;0;0
"24/10/2024";"01:08:00";"265";"Com vítima";"174,200";"BR-50/MG";"Decrescente";"Colisão traseira";2;0;0;0;0;0;0;0;0;0;1;1;0;0;0
"24/10/2024";"01:45:00";"276";"Sem vítima";"39,900";"BR-50/MG";"Decrescente";"Choque";1;0;0;0;0;0;0;0;0;0;1;0;0;0;0
"24/10/2024";"03:38:00";"306";"Sem vítima";"177,900";"BR-50/MG";"Crescente";"Choque";1;0;0;0;0;0;0;0;0;0;1;0;0;0;0
"25/10/2024";"08:16:00";"231";"Sem vítima";"124,500";"BR-50/MG";"Decrescente";"Choque";0;0;0;0;0;1;0;0;0;1;1;0;0;0;0
"25/10/2024";"08:22:00";"232";"Sem vítima";"80,200";"BR-50/MG";"Crescente";"Tombamento";0;0;0;0;0;1;0;0;0;0;1;0;0;0;0
"25/10/2024";"12:20:00";"310";"Com vítima";"233,680";"BR-50/MG";"Decrescente";"Choque";1;0;0;0;0;0;0;0;0;0;1;1;0;0;0
"25/10/2024";"01:04:00";"330";"Sem vítima";"175,500";"BR-50/MG";"Crescente";"Choque";0;0;0;0;0;0;0;0;0;1;1;0;0;0;0
"25/10/2024";"01:56:00";"351";"Sem vítima";"135,150";"BR-50/MG";"Crescente";"Colisão lateral no mesmo sentido";0;0;1;0;1;0;0;0;0;0;2;0;0;0;0
"25/10/2024";"02:05:00";"352";"Sem vítima";"138,500";"BR-50/MG";"Decrescente";"Colisão traseira";0;0;1;0;0;0;0;0;0;1;2;0;0;0;0
"25/10/2024";"04:07:00";"392";"Sem vítima";"180,400";"BR-50/MG";"Crescente";"Colisão traseira";1;0;0;0;0;1;0;0;0;0;3;0;0;0;0
"26/10/2024";"11:51:00";"275";"Sem vítima";"302,300";"BR-50/MG";"Decrescente";"Choque";1;0;0;0;0;0;0;0;0;0;1;0;0;0;0
"26/10/2024";"01:23:00";"301";"Com vítima";"167,000";"BR-50/MG";"Decrescente";"Capotamento";1;0;0;0;0;0;0;0;0;0;0;4;0;0;0
"26/10/2024";"10:07:00";"13";"Com vítima";"191,300";"BR-50/MG";"Decrescente";"Colisão traseira";0;0;1;0;0;1;0;0;0;0;1;0;0;0;1
"27/10/2024";"02:45:00";"241";"Com vítima";"35,500";"BR-50/MG";"Crescente";"Queda de moto";0;0;0;1;0;0;0;0;0;0;0;0;1;0;0
"27/10/2024";"03:44:00";"257";"Sem vítima";"180,500";"BR-50/MG";"Decrescente";"Choque";1;0;0;0;0;0;0;0;0;0;1;0;0;0;0
"27/10/2024";"06:50:00";"309";"Com vítima";"204,500";"BR-50/MG";"Crescente";"Tombamento";0;0;0;0;0;1;0;0;0;0;0;1;0;0;0
"27/10/2024";"08:59:00";"342";"Sem vítima";"38,600";"BR-50/MG";"Crescente";"Capotamento";1;0;0;0;0;0;0;0;0;0;1;0;0;0;0
"27/10/2024";"09:38:00";"4";"Sem vítima";"127,000";"BR-50/MG";"Crescente";"Choque";0;0;0;0;0;0;0;0;0;1;1;0;0;0;0
"28/10/2024";"03:15:00";"22";"Com vítima";"230,980";"BR-50/MG";"Crescente";"Colisão traseira";0;0;1;0;0;1;0;0;0;0;3;1;0;0;0
"28/10/2024";"03:37:00";"26";"Sem vítima";"56,000";"BR-50/MG";"Crescente";"Choque";1;0;0;0;0;0;0;0;0;0;1;0;0;0;0
"28/10/2024";"04:01:00";"41";"Com vítima";"114,100";"BR-50/MG";"Crescente";"Colisão transversal";1;0;0;0;0;0;0;0;0;1;1;2;0;0;0
"28/10/2024";"05:06:00";"90";"Com vítima";"29,800";"BR-50/MG";"Crescente";"Capotamento";1;0;0;0;0;0;0;0;0;0;0;1;0;0;0
"28/10/2024";"12:45:00";"256";"Com vítima";"2,300";"BR-50/MG";"Crescente";"Choque";0;0;0;0;0;0;0;0;0;1;0;0;1;0;0
"28/10/2024";"02:39:00";"283";"Sem vítima";"202,000";"BR-50/MG";"Decrescente";"Choque";0;0;0;0;0;0;0;0;0;1;1;0;0;0;0
"28/10/2024";"03:59:00";"299";"Com vítima";"265,500";"BR-50/MG";"Decrescente";"Colisão traseira";0;1;1;0;0;0;0;0;0;0;1;0;0;0;0
"28/10/2024";"07:25:00";"351";"Sem vítima";"226,000";"BR-50/MG";"Decrescente";"Colisão traseira";0;0;0;0;0;2;0;0;0;0;2;0;0;0;0
"29/10/2024";"12:21:00";"17";"Com vítima";"168,620";"BR-50/MG";"Decrescente";"Choque";0;0;0;0;1;1;0;0;0;0;1;1;0;0;0
"29/10/2024";"01:11:00";"22";"Sem vítima";"48,000";"BR-50/MG";"Decrescente";"Colisão traseira";0;0;1;0;0;1;0;0;0;0;2;0;0;0;0
"29/10/2024";"07:31:00";"219";"Sem vítima";"173,900";"BR-50/MG";"Crescente";"Colisão lateral no mesmo sentido";1;0;0;0;0;1;0;0;0;0;2;0;0;0;0
"29/10/2024";"09:32:00";"246";"Com vítima";"62,400";"BR-50/MG";"Crescente";"Choque";0;0;0;0;0;0;0;0;0;1;0;2;0;0;0
"29/10/2024";"01:04:00";"325";"Sem vítima";"194,950";"BR-50/MG";"Crescente";"Choque";0;0;0;0;0;0;0;0;0;1;1;0;0;0;0
"29/10/2024";"01:50:00";"346";"Sem vítima";"236,200";"BR-50/MG";"Crescente";"Choque";0;0;0;0;0;0;0;0;0;1;5;0;0;0;0
"30/10/2024";"04:15:00";"76";"Com vítima";"193,050";"BR-50/MG";"Decrescente";"Tombamento";0;0;1;0;0;0;0;0;0;0;0;1;0;0;0
"30/10/2024";"07:44:00";"180";"Sem vítima";"179,000";"BR-50/MG";"Crescente";"Engavetamento";0;0;2;0;0;1;0;0;0;0;5;0;0;0;0
"30/10/2024";"11:51:00";"259";"Sem vítima";"41,280";"BR-50/MG";"Crescente";"Choque";1;0;0;0;0;0;0;0;0;0;1;0;0;0;0
"31/10/2024";"04:19:00";"88";"Com vítima";"154,400";"BR-50/MG";"Crescente";"Capotamento";1;0;0;0;0;0;0;0;0;0;0;0;1;0;0
"31/10/2024";"10:23:00";"234";"Com vítima";"281,500";"BR-50/MG";"Decrescente";"Colisão transversal";1;0;0;0;0;1;0;0;0;1;2;1;0;0;0
"31/10/2024";"11:45:00";"15";"Com vítima";"133,400";"BR-50/MG";"Crescente";"Atropelamento de animal";1;0;0;0;0;0;0;0;0;0;0;2;0;0;0
"01/11/2024";"12:37:00";"18";"Com vítima";"181,750";"BR-50/MG";"Decrescente";"Atropelamento de animal";1;0;0;0;0;0;0;0;0;0;4;0;0;0;0
"01/11/2024";"04:13:00";"85";"Sem vítima";"280,500";"BR-50/MG";"Crescente";"Engavetamento";1;0;0;1;0;1;0;0;0;0;7;0;0;0;0
"01/11/2024";"02:38:00";"311";"Com vítima";"169,000";"BR-50/MG";"Decrescente";"Queda de bicicleta";0;1;0;0;0;0;0;0;0;0;0;0;0;0;0
"01/11/2024";"10:24:00";"16";"Sem vítima";"131,500";"BR-50/MG";"Crescente";"Choque";0;0;0;0;0;0;0;0;0;1;1;0;0;0;0
"02/11/2024";"12:25:00";"269";"Com vítima";"175,700";"BR-50/MG";"Decrescente";"Colisão lateral no mesmo sentido";0;0;0;1;0;1;0;0;0;0;1;0;1;0;0