data;horario;n_da_ocorrencia;tipo_de_ocorrencia;km;trecho;sentido;tipo_de_acidente;automovel;bicicleta;caminhao;moto;onibus;outros;tracao_animal;transporte_de_cargas_especiais;trator_maquinas;utilitarios;ilesos;levemente_feridos;moderadamente_feridos;gravemente_feridos;mortos
"02/11/2024";"12:37:00";"274";"Sem vítima";"271,480";"BR-50/MG";"Decrescente";"Choque";1;0;0;0;0;0;0;0;0;0;2;0;0;0;0
"02/11/2024";"12:51:00";"281";"Sem vítima";"175,500";"BR-50/MG";"Decrescente";"Colisão traseira";1;0;0;0;0;1;0;0;0;0;2;0;0;0;0
"02/11/2024";"06:42:00";"361";"Sem vítima";"275,400";"BR-50/MG";"Decrescente";"Choque";1;0;0;0;0;0;0;0;0;0;1;0;0;0;0
"02/11/2024";"07:46:00";"369";"Sem vítima";"62,200";"BR-50/MG";"Decrescente";"Choque";1;0;0;0;0;0;0;0;0;0;3;0;0;0;0
"02/11/2024";"09:27:00";"1";"Com vítima";"206,600";"BR-50/MG";"Crescente";"Tombamento";0;0;0;0;0;1;0;0;0;0;0;0;1;0;0
"02/11/2024";"10:50:00";"8";"Com vítima";"287,500";"BR-50/MG";"Crescente";"Choque";1;0;0;0;0;0;0;0;0;0;0;5;0;0;0
"03/11/2024";"12:06:00";"15";"Sem vítima";"281,000";"BR-50/MG";"Decrescente";"Queda de moto";0;0;0;1;0;0;0;0;0;0;3;0;0;0;0
"03/11/2024";"12:16:00";"16";"Sem vítima";"281,350";"BR-50/MG";"Decrescente";"Choque";1;0;0;0;0;0;0;0;0;0;1;0;0;0;0
"03/11/2024";"01:52:00";"26";"Sem vítima";"279,000";"BR-50/MG";"Decrescente";"Choque";1;0;0;0;0;0;0;0;0;0;4;0;0;0;0
"03/11/2024";"03:46:00";"44";"Sem vítima";"51,475";"BR-50/MG";"Crescente";"Choque";0;0;1;0;0;0;0;0;0;0;1;0;0;0;0
"03/11/2024";"04:06:00";"46";"Sem vítima";"96,800";"BR-50/MG";"Crescente";"Choque";1;0;0;0;0;0;0;0;0;0;1;0;0;0;0
"03/11/2024";"05:08:00";"70";"Sem vítima";"118,950";"BR-50/MG";"Crescente";"Choque";1;0;0;0;0;0;0;0;0;0;3;0;0;0;0
"03/11/2024";"05:10:00";"72";"Sem vítima";"28,000";"BR-50/MG";"Decrescente";"Choque";1;0;0;0;0;0;0;0;0;0;2;0;0;0;0
"03/11/2024";"05:20:00";"76";"Com vítima";"56,000";"BR-50/MG";"Crescente";"Colisão traseira";0;0;1;0;0;0;0;0;0;1;4;0;1;0;0
"03/11/2024";"04:39:00";"228";"Com vítima";"176,000";"BR-50/MG";"Decrescente";"Colisão traseira";0;0;0;1;0;0;0;0;0;1;2;0;2;0;0
"03/11/2024";"07:49:00";"261";"Sem vítima";"205,100";"BR-50/MG";"Crescente";"Atropelamento de animal";1;0;0;0;0;0;0;0;0;0;5;0;0;0;0
"04/11/2024";"04:58:00";"103";"Sem vítima";"147,500";"BR-50/MG";"Crescente";"Choque";0;0;0;0;0;0;0;0;0;1;1;0;0;0;0
"04/11/2024";"10:12:00";"227";"Com vítima";"61,000";"BR-50/MG";"Decrescente";"Choque";1;0;0;0;0;0;0;0;0;0;0;2;0;0;0
"04/11/2024";"03:56:00";"305";"Com vítima";"178,000";"BR-50/MG";"Decrescente";"Choque";1;0;0;0;0;0;0;0;0;0;1;2;1;0;0
"04/11/2024";"06:08:00";"340";"Com vítima";"173,900";"BR-50/MG";"Decrescente";"Colisão traseira";2;0;0;0;0;0;0;0;0;0;1;0;1;0;0
"04/11/2024";"06:35:00";"348";"Sem vítima";"57,800";"BR-50/MG";"Crescente";"Capotamento";0;0;0;0;0;0;0;0;0;1;4;0;0;0;0
"05/11/2024";"04:36:00";"86";"Sem vítima";"54,500";"BR-50/MG";"Crescente";"Tombamento";0;0;0;0;0;1;0;0;0;0;1;0;0;0;0
"05/11/2024";"12:12:00";"257";"Sem vítima";"183,650";"BR-50/MG";"Crescente";"Choque";0;0;1;0;0;0;0;0;0;0;1;0;0;0;0
"05/11/2024";"03:48:00";"303";"Sem vítima";"177,000";"BR-50/MG";"Decrescente";"Engavetamento";2;0;0;0;0;0;0;0;0;0;3;0;0;0;0
"05/11/2024";"07:05:00";"343";"Sem vítima";"52,000";"BR-50/MG";"Decrescente";"Colisão traseira";0;0;1;0;0;1;0;0;0;0;2;0;0;0;0
"06/11/2024";"10:13:00";"258";"Sem vítima";"80,800";"BR-50/MG";"Crescente";"Capotamento";1;0;0;0;0;0;0;0;0;0;1;0;0;0;0
"06/11/2024";"12:35:00";"303";"Sem vítima";"27,900";"BR-50/MG";"Crescente";"Choque";0;0;1;0;0;0;0;0;0;0;1;0;0;0;0
"06/11/2024";"07:29:00";"418";"Sem vítima";"175,700";"BR-50/MG";"Decrescente";"Colisão lateral no mesmo sentido";1;0;0;0;0;1;0;0;0;0;2;0;0;0;0
"07/11/2024";"03:45:00";"60";"Com vítima";"47,700";"BR-50/MG";"Decrescente";"Capotamento";1;0;0;0;0;0;0;0;0;0;0;2;0;0;0
"07/11/2024";"03:45:00";"61";"Sem vítima";"256,900";"BR-50/MG";"Decrescente";"Choque";1;0;0;0;0;0;0;0;0;0;1;0;0;0;0
"07/11/2024";"04:09:00";"74";"Com vítima";"229,540";"BR-50/MG";"Crescente";"Choque";1;0;0;0;0;0;0;0;0;0;1;1;0;0;0
"07/11/2024";"04:17:00";"79";"Com vítima";"154,500";"BR-50/MG";"Crescente";"Capotamento";0;0;0;0;0;0;0;0;0;1;1;0;1;0;0
"07/11/2024";"09:19:00";"224";"Com vítima";"39,000";"BR-50/MG";"Crescente";"Choque";1;0;0;0;0;0;0;0;0;0;0;1;0;0;0
"07/11/2024";"12:33:00";"266";"Sem vítima";"178,000";"BR-50/MG";"Decrescente";"Colisão traseira";1;0;0;0;0;1;0;0;0;1;4;0;0;0;0
"07/11/2024";"04:08:00";"331";"Sem vítima";"281,800";"BR-50/MG";"Decrescente";"Choque";0;0;0;0;0;0;0;0;0;1;1;0;0;0;0
"07/11/2024";"06:45:00";"366";"Com vítima";"101,600";"BR-50/MG";"Decrescente";"Colisão traseira";2;0;0;0;0;0;0;0;0;0;2;2;1;0;0
"08/11/2024";"09:21:00";"203";"Com vítima";"10,050";"BR-50/MG";"Decrescente";"Choque";0;0;0;0;0;0;0;0;0;1;0;1;0;0;0
"08/11/2024";"10:48:00";"225";"Sem vítima";"194,000";"BR-50/MG";"Crescente";"Choque";0;0;1;0;0;0;0;0;0;0;1;0;0;0;0
"08/11/2024";"12:55:00";"266";"Sem vítima";"300,000";"BR-50/MG";"Decrescente";"Colisão lateral no mesmo sentido";0;0;0;0;0;1;0;0;0;1;3;0;0;0;0
"08/11/2024";"03:24:00";"303";"Sem vítima";"18,800";"BR-50/MG";"Decrescente";"Choque";1;0;0;0;0;0;0;0;0;0;1;0;0;0;0
"08/11/2024";"03:27:00";"304";"Sem vítima";"179,800";"BR-50/MG";"Crescente";"Colisão traseira";1;0;0;1;0;0;0;0;0;0;2;0;0;0;0
"08/11/2024";"03:39:00";"312";"Sem vítima";"19,020";"BR-50/MG";"Decrescente";"Choque";0;0;0;0;0;0;0;0;0;1;1;0;0;0;0
"08/11/2024";"03:42:00";"315";"Sem vítima";"179,000";"BR-50/MG";"Crescente";"Engavetamento";2;0;1;0;0;0;0;0;0;1;13;0;0;0;0
"08/11/2024";"09:09:00";"2";"Sem vítima";"229,900";"BR-50/MG";"Crescente";"Choque";1;0;0;0;0;0;0;0;0;0;1;0;0;0;0
"08/11/2024";"09:50:00";"5";"Sem vítima";"48,000";"BR-50/MG";"Decrescente";"Choque";1;0;0;0;0;0;0;0;0;0;2;0;0;0;0
"08/11/2024";"09:58:00";"8";"Sem vítima";"28,000";"BR-50/MG";"Decrescente";"Capotamento";0;0;0;0;0;0;0;0;0;1;1;0;0;0;0
"08/11/2024";"10:33:00";"11";"Sem vítima";"148,700";"BR-50/MG";"Crescente";"Choque";0;0;1;0;0;0;0;0;0;0;1;0;0;0;0
"08/11/2024";"11:20:00";"16";"Sem vítima";"279,700";"BR-50/MG";"Crescente";"Choque";1;0;0;0;0;0;0;0;0;0;1;0;0;0;0
"09/11/2024";"12:19:00";"22";"Com vítima";"96,700";"BR-50/MG";"Crescente";"Choque";0;0;0;1;0;0;0;0;0;0;0;0;1;0;0
"09/11/2024";"01:26:00";"31";"Sem vítima";"206,600";"BR-50/MG";"Crescente";"Choque";0;0;0;0;0;0;0;0;0;1;1;0;0;0;0
"09/11/2024";"02:49:00";"225";"Com vítima";"147,000";"BR-50/MG";"Crescente";"Capotamento";1;0;0;0;0;0;0;0;0;0;0;1;2;0;0
"09/11/2024";"04:41:00";"243";"Com vítima";"59,800";"BR-50/MG";"Crescente";"Colisão traseira";1;0;0;0;0;1;0;0;0;0;1;0;1;1;0
"09/11/2024";"05:00:00";"248";"Com vítima";"174,600";"BR-50/MG";"Crescente";"Colisão transversal";1;1;0;0;0;0;0;0;0;0;4;0;0;0;0
"09/11/2024";"06:49:00";"273";"Com vítima";"180,000";"BR-50/MG";"Decrescente";"Engavetamento";2;0;0;0;0;0;0;0;0;1;3;1;0;0;0
"09/11/2024";"08:35:00";"292";"Sem vítima";"108,800";"BR-50/MG";"Decrescente";"Queda de moto";0;0;0;1;0;0;0;0;0;0;1;0;0;0;0
"10/11/2024";"12:08:00";"25";"Sem vítima";"250,025";"BR-50/MG";"Crescente";"Choque";1;0;0;0;0;0;0;0;0;0;1;0;0;0;0
"10/11/2024";"02:44:00";"41";"Sem vítima";"37,900";"BR-50/MG";"Crescente";"Choque";1;0;0;0;0;0;0;0;0;0;3;0;0;0;0
"10/11/2024";"01:00:00";"262";"Sem vítima";"249,000";"BR-50/MG";"Crescente";"Choque";1;0;0;0;0;0;0;0;0;0;3;0;0;0;0
"10/11/2024";"02:37:00";"280";"Sem vítima";"80,985";"BR-50/MG";"Decrescente";"Colisão traseira";1;0;0;0;0;1;0;0;0;0;2;0;0;0;0
"10/11/2024";"03:03:00";"285";"Sem vítima";"59,050";"BR-50/MG";"Decrescente";"Colisão transversal";1;0;0;0;0;1;0;0;0;0;3;0;0;0;0
"10/11/2024";"04:29:00";"315";"Sem vítima";"173,000";"BR-50/MG";"Crescente";"Colisão traseira";1;0;0;0;0;1;0;0;0;0;2;0;0;0;0
"10/11/2024";"04:52:00";"320";"Sem vítima";"163,780";"BR-50/MG";"Decrescente";"Choque";1;0;0;0;0;0;0;0;0;0;1;0;0;0;0
"10/11/2024";"06:06:00";"336";"Sem vítima";"175,600";"BR-50/MG";"Decrescente";"Choque";1;0;0;0;0;0;0;0;0;0;1;0;0;0;0
"10/11/2024";"06:55:00";"358";"Sem vítima";"279,800";"BR-50/MG";"Decrescente";"Choque";1;0;0;0;0;0;0;0;0;0;2;0;0;0;0
"10/11/2024";"08:54:00";"376";"Sem vítima";"280,000";"BR-50/MG";"Decrescente";"Choque";0;0;1;0;0;0;0;0;0;0;1;0;0;0;0
"10/11/2024";"10:41:00";"14";"Com vítima";"179,000";"BR-50/MG";"Decrescente";"Capotamento";1;0;0;0;0;0;0;0;0;0;0;0;1;0;0
"11/11/2024";"01:41:00";"31";"Sem vítima";"59,800";"BR-50/MG";"Crescente";"Colisão traseira";0;0;0;0;0;1;0;0;0;1;2;0;0;0;0
"11/11/2024";"03:37:00";"346";"Com vítima";"281,000";"BR-50/MG";"Crescente";"Atropelamento de pedestre";0;0;0;1;0;1;0;0;0;0;1;1;0;0;0
"11/11/2024";"06:11:00";"383";"Sem vítima";"109,000";"BR-50/MG";"Decrescente";"Choque";1;0;0;0;0;0;0;0;0;0;2;0;0;0;0
"12/11/2024";"09:09:00";"231";"Com vítima";"208,500";"BR-50/MG";"Decrescente";"Colisão traseira";0;0;1;0;0;0;0;0;0;1;1;0;1;0;0
"12/11/2024";"09:13:00";"232";"Sem vítima";"87,850";"BR-50/MG";"Decrescente";"Colisão lateral no mesmo sentido";0;0;2;0;0;0;0;0;0;0;2;0;0;0;0
"12/11/2024";"09:23:00";"236";"Sem vítima";"163,000";"BR-50/MG";"Crescente";"Choque";1;0;0;0;0;0;0;0;0;0;1;0;0;0;0
"12/11/2024";"02:39:00";"339";"Sem vítima";"119,000";"BR-50/MG";"Decrescente";"Colisão traseira";0;0;1;0;0;1;0;0;0;0;2;0;0;0;0
"13/11/2024";"06:45:00";"136";"Sem vítima";"298,000";"BR-50/MG";"Decrescente";"Capotamento";1;0;0;0;0;0;0;0;0;0;1;0;0;0;0
"13/11/2024";"10:39:00";"209";"Sem vítima";"146,000";"BR-50/MG";"Decrescente";"Capotamento";1;0;0;0;0;0;0;0;0;0;1;0;0;0;0
"13/11/2024";"08:18:00";"341";"Com vítima";"168,300";"BR-50/MG";"Decrescente";"Colisão traseira";0;0;0;0;1;1;0;0;0;0;29;3;1;2;0
"13/11/2024";"09:56:00";"4";"Com vítima";"126,600";"BR-50/MG";"Crescente";"Atropelamento de animal";1;0;0;0;0;0;0;0;0;0;4;0;0;0;0
"14/11/2024";"01:56:00";"26";"Sem vítima";"90,000";"BR-50/MG";"Decrescente";"Choque";0;0;0;0;0;0;0;0;0;1;2;0;0;0;0
"14/11/2024";"09:42:00";"256";"Sem vítima";"39,800";"BR-50/MG";"Decrescente";"Colisão traseira";1;0;0;0;0;1;0;0;0;0;2;0;0;0;0
"14/11/2024";"10:43:00";"272";"Sem vítima";"219,700";"BR-50/MG";"Crescente";"Choque";1;0;0;0;0;0;0;0;0;0;1;0;0;0;0
"14/11/2024";"05:18:00";"420";"Sem vítima";"174,000";"BR-50/MG";"Decrescente";"Choque";0;0;0;0;0;0;0;0;0;1;1;0;0;0;0
"14/11/2024";"07:40:00";"459";"Com vítima";"119,150";"BR-50/MG";"Decrescente";"Colisão traseira";1;0;0;0;0;0;0;0;0;0;0;1;0;0;0
"15/11/2024";"06:01:00";"117";"Com vítima";"283,000";"BR-50/MG";"Crescente";"Tombamento";0;0;0;0;0;1;0;0;0;0;0;0;1;0;0
"15/11/2024";"07:10:00";"144";"Sem vítima";"144,000";"BR-50/MG";"Crescente";"Colisão traseira";0;0;0;0;0;0;0;0;0;2;5;0;0;0;0
"15/11/2024";"07:31:00";"150";"Com vítima";"216,900";"BR-50/MG";"Crescente";"Capotamento";0;0;0;0;0;0;0;0;0;1;0;1;0;0;0
"15/11/2024";"07:57:00";"157";"Sem vítima";"17,250";"BR-50/MG";"Decrescente";"Colisão traseira";1;0;0;0;0;0;0;0;0;1;3;0;0;0;0
"15/11/2024";"08:31:00";"171";"Sem vítima";"18,800";"BR-50/MG";"Decrescente";"Choque";1;0;0;0;0;0;0;0;0;0;1;0;0;0;0
"15/11/2024";"08:34:00";"173";"Com vítima";"10,000";"BR-50/MG";"Decrescente";"Colisão transversal";2;0;0;0;0;0;0;0;0;0;4;0;2;0;0
"15/11/2024";"08:52:00";"178";"Sem vítima";"25,000";"BR-50/MG";"Crescente";"Choque";1;0;0;0;0;0;0;0;0;0;1;0;0;0;0
"15/11/2024";"10:47:00";"199";"Com vítima";"134,800";"BR-50/MG";"Crescente";"Tombamento";0;0;1;0;0;0;0;0;0;0;1;1;0;0;0
"15/11/2024";"11:30:00";"217";"Sem vítima";"134,800";"BR-50/MG";"Crescente";"Colisão traseira";1;0;0;0;0;0;0;0;0;1;8;0;0;0;0
"15/11/2024";"12:14:00";"226";"Sem vítima";"17,000";"BR-50/MG";"Crescente";"Choque";0;0;0;0;0;0;0;0;0;1;2;0;0;0;0
"15/11/2024";"01:42:00";"256";"Sem vítima";"55,000";"BR-50/MG";"Crescente";"Choque";1;0;0;0;0;0;0;0;0;0;1;0;0;0;0
"15/11/2024";"02:17:00";"273";"Com vítima";"279,800";"BR-50/MG";"Crescente";"Colisão transversal";0;0;0;1;0;1;0;0;0;0;1;0;1;0;0
"15/11/2024";"02:46:00";"282";"Sem vítima";"200,200";"BR-50/MG";"Decrescente";"Capotamento";1;0;0;0;0;0;0;0;0;0;5;0;0;0;0
"15/11/2024";"02:47:00";"283";"Sem vítima";"2,800";"BR-50/MG";"Decrescente";"Choque";1;0;0;0;0;0;0;0;0;0;2;0;0;0;0
"15/11/2024";"08:55:00";"351";"Com vítima";"180,000";"BR-50/MG";"Decrescente";"Choque";0;0;0;1;0;1;0;0;0;0;1;1;0;0;0
"16/11/2024";"01:05:00";"26";"Com vítima";"52,500";"BR-50/MG";"Crescente";"Capotamento";0;0;0;0;0;0;0;0;0;1;0;2;0;0;0
"16/11/2024";"09:45:00";"132";"Sem vítima";"281,500";"BR-50/MG";"Decrescente";"Colisão traseira";1;0;0;0;0;1;0;0;0;0;3;0;0;0;0
"16/11/2024";"10:42:00";"142";"Com vítima";"28,300";"BR-50/MG";"Crescente";"Queda de moto";0;0;0;1;0;0;0;0;0;0;0;1;0;0;0
"16/11/2024";"12:44:00";"173";"Sem vítima";"125,500";"BR-50/MG";"Crescente";"Choque";0;0;1;0;0;0;0;0;0;0;1;0;0;0;0
"16/11/2024";"04:06:00";"225";"Sem vítima";"166,700";"BR-50/MG";"Crescente";"Colisão traseira";1;0;0;0;0;1;0;0;0;1;5;0;0;0;0
"16/11/2024";"06:32:00";"244";"Sem vítima";"126,900";"BR-50/MG";"Crescente";"Tombamento";0;0;0;0;0;1;0;0;0;0;1;0;0;0;0
"16/11/2024";"07:37:00";"252";"Com vítima";"147,100";"BR-50/MG";"Crescente";"Atropelamento de animal";1;0;0;0;0;0;0;0;0;0;2;1;0;0;0
"17/11/2024";"01:49:00";"15";"Com vítima";"179,350";"BR-50/MG";"Decrescente";"Colisão traseira";1;0;0;0;0;1;0;0;0;0;1;1;2;0;0
"17/11/2024";"04:48:00";"42";"Sem vítima";"55,000";"BR-50/MG";"Decrescente";"Choque";0;0;1;0;0;0;0;0;0;0;1;0;0;0;0
"17/11/2024";"04:49:00";"43";"Sem vítima";"305,500";"BR-50/MG";"Decrescente";"Choque";0;0;0;0;0;1;0;0;0;0;1;0;0;0;0
"17/11/2024";"06:19:00";"65";"Com vítima";"278,000";"BR-50/MG";"Crescente";"Colisão transversal";0;0;0;0;0;0;0;0;0;2;5;3;0;0;0
"17/11/2024";"02:13:00";"202";"Com vítima";"258,000";"BR-50/MG";"Crescente";"Queda de bicicleta";0;1;0;0;0;0;0;0;0;0;0;0;0;0;0
"18/11/2024";"02:05:00";"28";"Com vítima";"146,000";"BR-50/MG";"Decrescente";"Capotamento";1;0;0;0;0;0;0;0;0;0;2;2;0;0;0
"18/11/2024";"03:58:00";"63";"Sem vítima";"177,600";"BR-50/MG";"Crescente";"Capotamento";1;0;0;0;0;0;0;0;0;0;1;0;0;0;0
"18/11/2024";"08:43:00";"231";"Sem vítima";"145,600";"BR-50/MG";"Decrescente";"Choque";0;0;0;0;0;0;0;0;0;1;1;0;0;0;0
"18/11/2024";"01:23:00";"329";"Com vítima";"94,500";"BR-50/MG";"Decrescente";"Colisão transversal";2;0;0;0;0;0;0;0;0;0;7;0;1;0;0
"18/11/2024";"01:50:00";"336";"Sem vítima";"56,800";"BR-50/MG";"Decrescente";"Choque";1;0;0;0;0;0;0;0;0;0;1;0;0;0;0
"19/11/2024";"10:34:00";"288";"Sem vítima";"38,000";"BR-50/MG";"Crescente";"Colisão traseira";1;0;0;0;0;1;0;0;0;0;2;0;0;0;0
"19/11/2024";"06:28:00";"457";"Sem vítima";"165,200";"BR-50/MG";"Crescente";"Colisão traseira";0;0;0;0;0;2;0;0;0;0;2;0;0;0;0
"19/11/2024";"11:14:00";"15";"Sem vítima";"144,000";"BR-50/MG";"Crescente";"Choque";0;0;1;0;0;2;0;0;0;0;3;0;0;0;0
"20/11/2024";"04:39:00";"90";"Sem vítima";"283,000";"BR-50/MG";"Crescente";"Choque";0;0;0;0;0;0;0;0;0;1;1;0;0;0;0
"20/11/2024";"07:26:00";"181";"Com vítima";"17,100";"BR-50/MG";"Crescente";"Queda de moto";0;0;0;1;0;0;0;0;0;0;0;0;1;0;0
"21/11/2024";"04:19:00";"85";"Sem vítima";"45,500";"BR-50/MG";"Crescente";"Capotamento";1;0;0;0;0;0;0;0;0;0;1;0;0;0;0
"21/11/2024";"04:20:00";"319";"Com vítima";"275,000";"BR-50/MG";"Decrescente";"Queda de moto";0;0;0;1;0;0;0;0;0;0;0;1;0;0;0
"21/11/2024";"04:23:00";"320";"Com vítima";"21,800";"BR-50/MG";"Crescente";"Colisão traseira";0;0;0;0;0;2;0;0;0;0;2;1;0;0;0
"22/11/2024";"03:35:00";"44";"Com vítima";"170,600";"BR-50/MG";"Crescente";"Choque";0;0;0;0;0;0;0;0;0;1;0;0;1;0;0
"22/11/2024";"10:44:00";"261";"Sem vítima";"147,000";"BR-50/MG";"Crescente";"Choque";0;0;0;0;0;1;0;0;0;0;1;0;0;0;0
"22/11/2024";"11:39:00";"273";"Sem vítima";"230,080";"BR-50/MG";"Decrescente";"Choque";1;0;0;0;0;0;0;0;0;0;1;0;0;0;0
"22/11/2024";"11:51:00";"276";"Sem vítima";"279,000";"BR-50/MG";"Decrescente";"Colisão transversal";0;0;1;0;0;1;0;0;0;0;2;0;0;0;0
"22/11/2024";"11:57:00";"277";"Com vítima";"178,900";"BR-50/MG";"Decrescente";"Colisão lateral no mesmo sentido";1;0;1;0;0;0;0;0;0;0;2;2;0;0;0
"22/11/2024";"12:50:00";"284";"Sem vítima";"168,500";"BR-50/MG";"Decrescente";"Tombamento";0;0;1;0;0;0;0;0;0;0;2;0;0;0;0
"22/11/2024";"05:45:00";"364";"Sem vítima";"28,590";"BR-50/MG";"Decrescente";"Capotamento";1;0;0;0;0;0;0;0;0;0;1;0;0;0;0
"22/11/2024";"08:35:00";"398";"Com vítima";"180,350";"BR-50/MG";"Decrescente";"Choque";1;0;0;0;0;0;0;0;0;0;0;1;0;0;0
"23/11/2024";"07:41:00";"182";"Sem vítima";"147,800";"BR-50/MG";"Crescente";"Colisão traseira";0;0;1;0;0;2;0;0;0;0;3;0;0;0;0
"23/11/2024";"08:30:00";"205";"Sem vítima";"282,500";"BR-50/MG";"Crescente";"Colisão traseira";1;0;1;0;0;0;0;0;0;0;2;0;0;0;0
"23/11/2024";"01:18:00";"288";"Com vítima";"197,550";"BR-50/MG";"Decrescente";"Queda de moto";0;0;0;1;0;0;0;0;0;0;0;2;0;0;0
"23/11/2024";"04:19:00";"343";"Sem vítima";"24,230";"BR-50/MG";"Crescente";"Choque";1;0;0;0;0;0;0;0;0;0;3;0;0;0;0
"23/11/2024";"06:50:00";"366";"Sem vítima";"21,150";"BR-50/MG";"Crescente";"Choque";1;0;0;0;0;0;0;0;0;0;1;0;0;0;0
"24/11/2024";"01:50:00";"222";"Com vítima";"96,600";"BR-50/MG";"Decrescente";"Choque";0;0;0;1;0;0;0;0;0;0;0;0;0;0;1
"25/11/2024";"12:40:00";"18";"Com vítima";"56,500";"BR-50/MG";"Decrescente";"Atropelamento de animal";0;0;0;0;0;0;0;0;0;1;4;0;0;0;0
"25/11/2024";"01:01:00";"292";"Com vítima";"173,600";"BR-50/MG";"Decrescente";"Colisão lateral no mesmo sentido";1;0;0;0;0;1;0;0;0;0;1;1;0;0;0
"25/11/2024";"01:04:00";"293";"Com vítima";"186,000";"BR-50/MG";"Crescente";"Colisão lateral no mesmo sentido";0;0;1;1;0;0;0;0;0;0;1;1;0;0;0
"25/11/2024";"11:19:00";"13";"Sem vítima";"258,700";"BR-50/MG";"Crescente";"Choque";1;0;0;0;0;0;0;0;0;0;1;0;0;0;0
"26/11/2024";"04:16:00";"84";"Sem vítima";"173,280";"BR-50/MG";"Crescente";"Queda de moto";0;0;0;1;0;0;0;0;0;0;1;0;0;0;0
"26/11/2024";"05:00:00";"352";"Com vítima";"155,000";"BR-50/MG";"Crescente";"Atropelamento de pedestre";0;0;0;0;0;0;0;0;0;0;0;0;0;0;1
"26/11/2024";"08:11:00";"389";"Com vítima";"144,600";"BR-50/MG";"Crescente";"Choque";1;0;0;0;0;0;0;0;0;0;2;1;0;0;0
"27/11/2024";"12:19:00";"21";"Sem vítima";"24,800";"BR-50/MG";"Crescente";"Choque";1;0;0;0;0;0;0;0;0;0;1;0;0;0;0
"27/11/2024";"03:23:00";"42";"Sem vítima";"184,080";"BR-50/MG";"Crescente";"Choque";1;0;0;0;0;0;0;0;0;0;1;0;0;0;0
"27/11/2024";"03:46:00";"63";"Com vítima";"62,390";"BR-50/MG";"Crescente";"Colisão traseira";0;1;1;0;0;0;0;0;0;0;1;0;0;0;0
"27/11/2024";"09:08:00";"243";"Com vítima";"39,000";"BR-50/MG";"Crescente";"Colisão lateral no mesmo sentido";0;0;0;1;0;0;0;0;0;1;1;1;0;0;0
"27/11/2024";"12:40:00";"297";"Com vítima";"197,000";"BR-50/MG";"Decrescente";"Capotamento";0;0;0;0;0;0;0;0;0;1;0;2;1;0;0
"27/11/2024";"09:13:00";"5";"Com vítima";"168,200";"BR-50/MG";"Decrescente";"Atropelamento de pedestre";1;0;0;0;0;0;0;0;0;0;1;0;0;0;1
"28/11/2024";"04:30:00";"389";"Com vítima";"177,000";"BR-50/MG";"Crescente";"Colisão traseira";1;0;0;1;0;0;0;0;0;0;2;1;0;0;0
"28/11/2024";"04:40:00";"395";"Sem vítima";"145,000";"BR-50/MG";"Crescente";"Choque";1;0;0;0;0;0;0;0;0;0;1;0;0;0;0
"28/11/2024";"06:14:00";"425";"Com vítima";"143,500";"BR-50/MG";"Crescente";"Colisão traseira";0;0;0;0;1;1;0;0;0;1;32;2;0;0;0
"29/11/2024";"07:05:00";"190";"Sem vítima";"3,680";"BR-50/MG";"Crescente";"Queda de moto";0;0;0;1;0;0;0;0;0;0;1;0;0;0;0
"29/11/2024";"08:53:00";"242";"Com vítima";"105,300";"BR-50/MG";"Decrescente";"Capotamento";0;0;1;0;0;0;0;0;0;0;0;0;1;0;0
"29/11/2024";"01:28:00";"332";"Sem vítima";"56,909";"BR-50/MG";"Crescente";"Colisão traseira";0;0;0;0;0;2;0;0;0;0;2;0;0;0;0
"29/11/2024";"02:34:00";"344";"Com vítima";"55,100";"BR-50/MG";"Crescente";"Engavetamento";5;0;1;0;0;5;0;0;0;1;6;1;6;0;1
"29/11/2024";"04:27:00";"372";"Com vítima";"144,000";"BR-50/MG";"Crescente";"Queda de moto";1;0;0;0;0;0;0;0;0;0;0;1;0;0;0
"30/11/2024";"01:36:00";"41";"Sem vítima";"200,350";"BR-50/MG";"Crescente";"Colisão traseira";2;0;0;0;0;0;0;0;0;0;4;0;0;0;0
"30/11/2024";"03:33:00";"333";"Com vítima";"263,000";"BR-50/MG";"Decrescente";"Choque";0;0;0;0;0;0;0;0;0;1;0;0;1;0;0
"30/11/2024";"06:58:00";"390";"Sem vítima";"112,800";"BR-50/MG";"Decrescente";"Choque";0;0;0;0;0;1;0;0;0;0;1;0;0;0;0
"30/11/2024";"10:40:00";"10";"Sem vítima";"131,500";"BR-50/MG";"Crescente";"Carreta deu L";0;0;0;0;0;1;0;0;0;0;1;0;0;0;0